Author,Title,Type of Ban,Secondary Author(s),Date of Challenge/Removal,Ban Status
"Abbott, Hailey",Next Summer,,,,Banned Pending Investigation
"Abbott, Hailey",Summer Girls,,,,Banned Pending Investigation
"Abbott, Jack Henry",In the Belly of the Beast: Letters From Prison,,,2024-08,Banned | Banned By Restriction
"Abbott, Karen","Liar, Temptress, Soldier, Spy: Four Women Undercover in the Civil War",,,2022-10,Banned Pending Investigation
"Abbott, Megan",The End of Everything,,,,Banned By Restriction
"Abbott, Tony",The Summer of Owen Todd,,,2024-10,Banned | Banned Pending Investigation
"Abdel-Fattah, Randa",Does My Head Look Big in This?,,,2024-08,Banned By Restriction | Banned Pending Investigation
"Abdel-Magied, Yassmin",Stand Up and Speak Out Against Racism,,,,Banned
"Abdo, Kenny",Dr. Jekyll and Mr. Hyde,,,,Banned
"Abier, Gilles",The Pool Was Empty,,"Ytak, Cathy",,Banned Pending Investigation
"Àbíké-Íyímídé, Faridah",Ace of Spades,Banned in Libraries and Classrooms,,2021-11,Banned Pending Investigation | Banned from Libraries and Classrooms | Banned | Banned By Restriction
"Abraham, Anika",Gender Identity (AA),,,2024-08,Banned By Restriction | Banned
"Abrahams, Peter",Bullet Point,,,,Banned Pending Investigation
"Abramovitz, Melissa",Hate Crimes in America,,,,Banned Pending Investigation
"Abrams, Amir.",Crazy Love,,,2024-12,Banned | Banned Pending Investigation
"Acevedo, Elizabeth",Clap When You Land,Banned in Classrooms,,2021-08,Banned By Restriction | Banned | Banned from Libraries | Banned Pending Investigation
"Acevedo, Elizabeth",The Poet X,Banned in Libraries | Banned in Libraries and Classrooms | Banned Pending Investigation,,2021-10,Banned Pending Investigation | Banned from Libraries | Banned from Classrooms | Banned from Libraries and Classrooms | Banned | Banned By Restriction
"Acevedo, Elizabeth",With the Fire on High,,,2025-06,Banned Pending Investigation | Banned
"Aceves, Aaron H.",This is Why They Hate Us,,,2024-08,Banned By Restriction | Banned
"Aceves, Fred",The Closest I've Come,,,2024-12,Banned | Banned Pending Investigation
"Acho, Emmanuel",Uncomfortable Conversations with a Black Boy,,,2022-09,Banned from Libraries | Banned Pending Investigation | Banned
"Aciman, André",Call Me By Your Name,Banned Pending Investigation,,2021-11,Banned from Libraries and Classrooms | Banned Pending Investigation | Banned
"Acito, Marc","How I Paid for College: A Novel of Sex, Theft, Friendship and Musical Theater",Banned Pending Investigation,,2021-11,Banned | Banned Pending Investigation
"Ackerman, Peter",Things You Shouldn't Say Past Midnight: A Comedy in Three Beds,,,,Banned By Restriction
"Aczel, Amir D.",A Strange Wilderness: The Lives of the Great Mathematicians,,,2024-08,Banned
"Ada, Alma Flor",My Name Is María Isabel,Banned Pending Investigation,,2022-01,
"Ada, Alma Flor",¡Sí! somos Latinos,,,2024-08,Banned
"Adachi, Toka",Noragami: Stray God,,,2025-06,Banned
"Adams, Douglas","Life, the Universe and Everything",,,,Banned Pending Investigation
"Adams, Douglas",Mostly Harmless,,,,Banned Pending Investigation
"Adams, Douglas",So Long and Thanks for All the Fish,,,,Banned Pending Investigation
"Adams, Douglas",The Hitchhiker's Guide to the Galaxy,,,,Banned Pending Investigation
"Adams, Douglas",The Restaurant at the End of the Universe,,,,Banned Pending Investigation
"Adams, Lenora",Baby Girl,,,2024-08,Banned
"Adams, Richard",Tales From Watership Down,,,,Banned Pending Investigation
"Adams, S.J.","Sparks: The epic, Completely True Blue, (Almost) Holy Quest of Debbie",,,2025-06,Banned Pending Investigation | Banned
"Adams, Sabrina","Equality, Social Justice and Our Future",,,,Banned
"Adams, Ted",Richard Matheson: Master of Terror Graphic Novel Collection,,"Ryall, Chris; Niles, Steve; Edginton, Ian",2025-04,Banned
"Addasi, Maha",Time to Pray,Banned Pending Investigation,,2022-01,
"Adeyemi, Tomi",Children of Blood and Bone,Banned Pending Investigation,,2022-01,Banned | Banned By Restriction
"Adeyemi, Tomi",Children of Virtue and Vengeance,,,,Banned Pending Investigation
"Adeyemi, Tomi",Virtue & Vengeance,,,2025-02,Banned
"Adeyoha, Koja","47,000 Beads",Banned in Classrooms,"Adeyoha, Angel",2021-08,
"Adichie, Chimamanda Ngozi",Americanah,,,2025-06,Banned Pending Investigation | Banned from Libraries and Classrooms | Banned By Restriction
"Adichie, Chimamanda Ngozi",Half of a Yellow Sun,Banned in Classrooms,,2022-01,Banned from Libraries and Classrooms | Banned Pending Investigation | Banned | Banned By Restriction
"Adler, Dahlia",Cool for the Summer,Banned Pending Investigation,,2022-02,Banned Pending Investigation | Banned By Restriction | Banned
"Adler, Dahlia",Going Bicoastal,,,2024-08,Banned By Restriction
"Adler, Dahlia",His Hideous Heart: Thirteen of Edgar Allan Poe's Most Unsettling Tales Reimagined,,,2024-12,Banned By Restriction | Banned Pending Investigation
"Adler, Dahlia",Home Field Advantage,,,2024-10,Banned
"Adler, David A.",A Picture Book of Anne Frank,,,,Banned By Restriction
"Adoff, Jaime",Names Will Never Hurt Me,,,,Banned Pending Investigation
"Adoff, Jaime",The Death of Jayson Porter,,,,Banned Pending Investigation
"Adornetto, Alexandra",Ghost House,,,,Banned Pending Investigation
"Adornetto, Alexandra",Hades,,,,Banned By Restriction
"Adornetto, Alexandra",Hades (AA),,,2024-12,Banned
"Adornetto, Alexandra",Halo,,,2024-12,Banned By Restriction
"Adornetto, Alexandra",Heaven,,,2024-12,Banned By Restriction
Aeschylus,Prometheus Bound,,,,Banned By Restriction
"Agell, Charlotte",The Accidental Adventures of India McAllister,Banned in Libraries,,2021-12,Banned
"Agna, Gwen",True You: A Gender Joumey,,"Rotner, Shelley",,Banned
"Aguilar Zeleny, Sylvia",Alex,,,2024-08,Banned By Restriction
"Aguilar Zeleny, Sylvia",Leroy,,,2024-08,Banned By Restriction
"Aguilar Zeleny, Sylvia",Maria,,,2024-08,Banned By Restriction
"Aguilar Zeleny, Sylvia",Mikala,,,2024-08,Banned By Restriction
"Aguilar Zéleny, Sylvia",Tom,,,2024-08,Banned By Restriction
"Aguilar Zeleny, Sylvia",Wonnie,,,2024-08,Banned By Restriction
"Aguirre, Ann",Public Enemies,,,2023-03,Banned from Libraries | Banned
"Ahdieh, Renée",Flame in the Mist,,,2025-06,Banned By Restriction | Banned
"Ahdieh, Renée",Smoke in the Sun,,,2025-06,Banned Pending Investigation | Banned | Banned By Restriction
"Ahdieh, Renée",The Beautiful,,,2023-03,Banned from Libraries | Banned By Restriction
"Ahdieh, Renée",The Damned,,,2023-03,Banned from Libraries | Banned | Banned Pending Investigation
"Ahdieh, Renée",The Rose and the Dagger,,,,Banned Pending Investigation
"Ahdieh, Renée",The Wrath and The Dawn,,,,Banned Pending Investigation
"Ahern, Cecelia",Perfect (CA),,,2025-01,Banned By Restriction
"Ahmad, Mushtaq",Business Ethics in Islam,,,2024-08,Banned By Restriction
"Ahmadi, Arvin",Girl Gone Viral,,,2025-01,Banned | Banned Pending Investigation
"Ahmadi, Arvin",How It All Blew Up,Banned Pending Investigation,,2021-12,Banned from Libraries | Banned By Restriction | Banned | Banned Pending Investigation
"Ahmed, Badeeah Hassan",A Cave in the Clouds: A Young Woman's Escape from Isis,,"McClelland, Susan Elizabeth",2024-08,Banned | Banned Pending Investigation
"Ahmed, Roda",Mae Among the Stars,Banned in Classrooms,,2021-08,
"Ahmed, Samira",Internment,,,,Banned By Restriction
"Ahmed, Samira","Love, Hate & Other Filters",Banned in Libraries,,2021-12,Banned By Restriction
"Ahmed, Samira","Mad, Bad and Dangerous to Know",,,,Banned Pending Investigation
"Ahmed, Sara K.",Being the Change: Lessons and Strategies to Teach Social Comprehension,Banned in Classrooms | Banned Pending Investigation,,2021-08,
"Ahonen, J.P.",Sing No Evil,,"Alare, K.P.",,Banned By Restriction
"Aidoo, Ama Ata",Changes: A Love Story,,,,Banned By Restriction
"Airth, Rennie",River of Darkness,,,,Banned By Restriction
"Akpan, Uwem",Say You're One of Them,,,,Banned Pending Investigation
"Akutami, Gege",Jujutsu Kaisen,,,2024-10,Banned
"Alameda, Courtney",Seven Deadly Shadows,,,,Banned Pending Investigation
"Alameda, Courtney",Shutter,,,,Banned Pending Investigation
"Albee, Jay",Riley Reynolds Crushes Costume Day,,,,Banned
"Alber, J.",Female to Male Transgender and Transmasculine Identities,,,2024-08,Banned By Restriction
"Albert, Melissa",The Hazel Wood: a novel,,,,Banned Pending Investigation
"Albertalli, Becky",Here's to Us,Banned Pending Investigation,"Silvera, Adam",2022-02,Banned | Banned By Restriction | Banned Pending Investigation
"Albertalli, Becky","Imogen, Obviously",,,2024-08,Banned By Restriction
"Albertalli, Becky",Kate in Waiting,Banned Pending Investigation,,2022-02,Banned Pending Investigation | Banned
"Albertalli, Becky",Leah on the Offbeat,Banned Pending Investigation | Banned in Libraries and Classrooms,,2022-02,Banned Pending Investigation | Banned By Restriction | Banned | Banned from Libraries and Classrooms
"Albertalli, Becky","Love, Creekwood",,,2024-08,Banned By Restriction
"Albertalli, Becky","Love, Creekwood: A Simonverse Novella",Banned in Libraries,,2021-12,
"Albertalli, Becky",Simon vs. the Homo Sapiens Agenda,Banned Pending Investigation,,2021-12,Banned from Libraries and Classrooms | Banned Pending Investigation | Banned | Banned By Restriction | Banned from Libraries
"Albertalli, Becky",The Upside of Unrequited,Banned Pending Investigation,,2021-12,Banned from Libraries | Banned Pending Investigation | Banned from Libraries and Classrooms | Banned | Banned By Restriction
"Albertalli, Becky",What If It's Us,Banned Pending Investigation,"Silvera, Adam",2021-12,Banned | Banned Pending Investigation
"Albertalli, Becky",Yes No Maybe So,,"Saeed, Aisha",,Banned Pending Investigation
"Albertalli, Becky","Yo, Simon, homo sapiens",,,2025-05,Banned
"Albin, Gennifer",Altered,,,2024-12,Banned By Restriction | Banned Pending Investigation
"Albin, Gennifer",Crewel,,,,Banned Pending Investigation
"Albin, Gennifer",Unraveled,,,,Banned Pending Investigation
"Albright-Jenkins, Melissa",LGBTQ at Work: Your Personal and Working Life,,,2024-08,Banned By Restriction | Banned
"Alderman, Bruce",Interracial Relationships,,,2024-08,Banned Pending Investigation
"Aldridge, Ethan M.","Deephaven: A Gothic Middle Grade Novel of Secrets, Shadows, and Unraveling Darkness at Deephaven Academy",,,2024-08,Banned
"Alegría, Malín.",Sofi Mendoza's Guide to Getting Lost in Mexico,,,,Banned Pending Investigation
"Aleman, Daniel",Indivisible,Banned Pending Investigation,,2022-02,
"Alender, Katie",As Dead As It Gets,,,,Banned Pending Investigation
"Alender, Katie",Bad Girls Don't Die,,,,Banned Pending Investigation
"Alender, Katie",Famous Last Words,,,2024-09,Banned
"Alender, Katie",From Bad to Cursed,,,,Banned Pending Investigation
"Alexander, Alma",Gift of the Unmage,,,,Banned Pending Investigation
"Alexander, J.J.",Chef's Kiss,,,,Banned
"Alexander, John T.",Catherine the Great: Life and Legend,,,,Banned Pending Investigation
"Alexander, Kwame",Flying Lessons and Other Stories,,,,Banned Pending Investigation | Banned
"Alexander, Kwame","He Said, She Said",,,,Banned | Banned Pending Investigation
"Alexander, Kwame",Solo,,"Hess, Mary Rand",,Banned By Restriction
"Alexander, Kwame",Swing,,"Hess, Mary Rand",,Banned By Restriction
"Alexander, Kwame",The Undefeated,Banned in Classrooms,,2021-08,
"Alexander, Michelle",The New Jim Crow: Mass Incarceration in the Age of Colorblindness,Banned in Classrooms | Banned Pending Investigation,,2021-08,Banned
"Alexander, Pat",The Lion Children's Bible: Stories from the Old and New Testaments,,"Evans, Lyndon",2023-06,Banned from Libraries and Classrooms
"Alexie, Sherman",El diario completamente verídico de un Indio a tiempo parcial,,,2024-09,Banned
"Alexie, Sherman",Reservation Blues,,,,Banned By Restriction
"Alexie, Sherman",The Absolutely True Diary of a Part-Time Indian,Banned Pending Investigation | Banned in Libraries | Banned in Libraries and Classrooms,,2021-10,Banned Pending Investigation | Banned from Libraries and Classrooms | Banned from Libraries | Banned By Restriction | Banned
"Alexie, Sherman",Thunder Boy Jr.,Banned Pending Investigation,,2022-01,
"Alger, Cristina",Girls Like Us (2019),Banned in Libraries,,2021-11,Banned
"Ali, Jujood","I am Nujood, Divorced at 10",,,2024-10,Banned
"Alice, Alex",The Space Race of 1869,,,2025-04,Banned
Aliki,Mummies Made in Egypt,,,2025-02,Banned
Aliki,The Gods and Goddesses of Olympus,,,,Banned Pending Investigation
"Alko, Selina",I is for Immigrants,,,,Banned Pending Investigation
"Alko, Selina",The Case for Loving: The Fight for Interracial Marriage,Banned in Classrooms,,2021-08,
"Allan, Tony",Ancient Greece and Rome: Myths and Beliefs,,"Maitland, Sara",2024-08,Banned
"Allan, Tony",Tales of Mystery and Imagination,,,,Banned Pending Investigation
"Allan, Tony",The Renaissance,,,2025-04,Banned
"Allan, Tony",Titans and Olympians: Greek and Roman Myth,,,,Banned Pending Investigation
"Allan, Tony",Triumph of the hero: Greek and Roman Myth,,,,Banned Pending Investigation
"Allen, Aaron",Riverdale: All-New Stories,,,2025-02,Banned
"Allen, Carrie S.",Michigan vs. The Boys,,,2024-11,Banned
"Allen, John",Hitler's Final Solution,,,2022-09,Banned Pending Investigation
"Allen, Kate",The Line Tender,,,2025-05,Banned By Restriction | Banned Pending Investigation
"Allen, Rachael",17 First Kisses,,,,Banned Pending Investigation
"Allen, Rachael",A Taxonomy of Love,,,,Banned Pending Investigation
"Allen, Rachael",Harley Quinn: Reckoning,,,,Banned Pending Investigation
"Allen, Samantha",Real Queer America: LGBT Stories from Red States,,,,Banned
"Allende, Isabel",In the Midst of Winter,,,,Banned Pending Investigation
"Allende, Isabel",The House of the Spirits,Banned Pending Investigation,,2021-11,Banned Pending Investigation | Banned from Classrooms | Banned By Restriction
"Allende, Isabel",Zorro,,,2025-01,Banned | Banned Pending Investigation
"Aller, Susan Bivin",Anne Hutchinson,,,2023-06,Banned from Libraries and Classrooms
"Alley, Kristy Dallas",The Ballad of Ami Miles,Banned Pending Investigation,,2022-02,Banned
"Allison, Anthony",Hear These Voices: Youth at the Edge of the Millennium,Banned Pending Investigation,,2021-11,Banned Pending Investigation
"Allison, Dorothy",Bastard out of Carolina,,,2024-11,Banned By Restriction
"Allison, John",Giant Days,,"Cogar, Whitney",2022-09,Banned Pending Investigation | Banned
"Allison, John",Giant Days: Not On the Test Edition Vol. 1 - Fall Semester,,,2022-09,Banned Pending Investigation
"Allison, John",Giant Days: Not On the Test Edition Vol. 2 - Winter Semester,,,2022-09,Banned Pending Investigation
"Allman, John Robert",A is for Audra: Broadway's Leading Ladies from A to Z,Banned in Classrooms,,2021-08,
"Allred, Alexandra Powe",When Women Stood: The Untold History of Females Who Changed Sports and the World,,,,Banned
"Almond, David",Counting Stars,,,,Banned Pending Investigation
"Almond, David",Raven Summer,,,2024-10,Banned
"Almond, David",The Tightrope Walkers,,,,Banned Pending Investigation
"Alphin, Elaine Marie",Counterfeit Son,,,,Banned Pending Investigation
"Alpine, Rachele",Canary,,,,Banned Pending Investigation
"Alsaid, Adi",Never Always Sometimes,,,2025-01,Banned | Banned Pending Investigation
"Alsenas, Linas",Beyond Clueless,,,2024-08,Banned By Restriction
"Alsenas, Linas",Gay America: Struggle for Equality,,,2024-08,Banned Pending Investigation
"Alten, Steve",MEG: Nightstalkers,,,2025-01,Banned
"Alten, Steve",Primal Waters,,,,Banned Pending Investigation
"Alten, Steve",Resurrection,,,,Banned Pending Investigation
"Alten, Steve",The Loch,,,,Banned Pending Investigation
"Altman, Linda Jacobs","Bioethics: Who Lives, Who Dies, And Who Decides?",Banned in Libraries | Banned Pending Investigation,,2021-12,
"Altman, Linda Jacobs",Crimes and Criminals of the Holocaust,,,2025-02,Banned
"Altman, Linda Jacobs",Impact of the Holocaust,,,2025-02,Banned
"Altman, Linda Jacobs",Resisters and Rescures-Standing Up Against,,,2025-02,Banned
"Altman, Linda Jacobs",The Jewish Victims of the Holocaust,,,2025-02,Banned
"Alvarez, Julia",Before We Were Free,,,2022-10,Banned from Libraries
"Alvarez, Julia",How the Garcia Girls Lost Their Accents,,,2024-08,Banned By Restriction | Banned Pending Investigation | Banned
"Alvarez, Julia",In the Time of the Butterflies,,,2025-01,Banned | Banned Pending Investigation
"Ambrose, Stephen E.",The Good Fight: How World War II Was Won,,,2025-02,Banned
Ameriie,Because You Love to Hate Me: 13 Tales of Villainy,,"Ahdieh, Renee; Chainani, Soman; Dennard, Susan; Enni, Sarah; Meyer, Marissa; Pon, Cindy; Schwab, Victoria; Shannon, Smantha; Silvera, Adam; Smith, Andrew; Tucholke, April Genevieve; Yoon, Nicola; Alderson, Benjamin; Alsberg; Sasha; Atkinson, Whitney; Burke, Tina; Feeney, Catriona; George, Jesse; Herdt, Zoe; Lane, Samantha; Lee, Sophia; Lemay, Raeleen; Perusse, Regan; Riccio, Christine; Sinclair, Stephan and Kat Kennnedy",2025-01,Banned | Banned Pending Investigation | Banned By Restriction
"Amery, Heather",The Usborne Book of Bible Stories,,,2023-06,Banned from Libraries and Classrooms
"Amery, Heather",The Usborne first thousand words in Spanish : with easy pronunciation guide,,,,Banned
Amir,Zahra's Paradise,,,2022-08,Banned from Libraries and Classrooms | Banned from Libraries | Banned Pending Investigation | Banned
"Amirrezvani, Anita",The Blood of Flowers,,,,Banned By Restriction
Amnesty International,We Are All Born Free: The Universal Declaration of Human Rights in Pictures,Banned in Classrooms,,2021-08,
"Anaya, Rudolfo","Bless Me, Ultima",Banned Pending Investigation,,2021-10,Banned By Restriction | Banned Pending Investigation
"Ancona, George",Cuban Kids,,,2023-03,Banned from Libraries
"Ancrum, K.",Murder of Crows,,,,Banned Pending Investigation
"Ancrum, K.",The Weight of the Stars,Banned Pending Investigation,,2022-02,
"Anders, Charlie Jane",All the Birds in the Sky,,,,Banned Pending Investigation
"Anders, Charlie Jane",Victories Greater Than Death,Banned Pending Investigation,,2022-02,Banned By Restriction | Banned
"Andersen, Liselotte",Baroque and Rococo art,,,,Banned Pending Investigation
"Anderson, Airlie",Neither,Banned Pending Investigation,,2022-01,
"Anderson, Carol","One Person, No Vote (YA edition): How Not All Voters Are Treated Equally",,"Bolden, Tonya",,Banned Pending Investigation
"Anderson, Carol",We Are Not Your Equal: Understanding Our Racial Divide,,"Bolden, Tonya",2022-09,Banned Pending Investigation | Banned from Libraries and Classrooms | Banned
"Anderson, Carol",White Rage: The Unspoken Truth of Our Racial Divide,Banned in Classrooms,,2021-08,Banned
"Anderson, Jameson",Amelia Earhart: Legendary Aviator,,,2024-08,Banned
"Anderson, Jodi Lynn",Midnight at the Electric,,,,Banned Pending Investigation
"Anderson, Jodi Lynn",Peaches,,,2025-01,Banned By Restriction | Banned | Banned Pending Investigation
"Anderson, Jodi Lynn",The Secrets of Peaches,,,2023-03,Banned from Libraries | Banned
"Anderson, Jodi Lynn",The Vanishing Season,,,,Banned Pending Investigation
"Anderson, Laurie Halse",Catalyst,,,,Banned | Banned By Restriction
"Anderson, Laurie Halse",Chains,,,,Banned By Restriction
"Anderson, Laurie Halse",Forge,,,2025-02,Banned
"Anderson, Laurie Halse",Prom,,,2025-01,Banned | Banned Pending Investigation
"Anderson, Laurie Halse",Shout,Banned in Classrooms | Banned Pending Investigation,,2021-09,Banned | Banned By Restriction | Banned Pending Investigation
"Anderson, Laurie Halse",Speak,Banned in Libraries | Banned Pending Investigation | Banned in Libraries and Classrooms,,2021-10,Banned Pending Investigation | Banned from Libraries and Classrooms | Banned | Banned By Restriction
"Anderson, Laurie Halse",Speak (Audio),,,2025-03,Banned By Restriction
"Anderson, Laurie Halse",Speak: Chinese Edition,,,2023-02,Banned from Libraries and Classrooms
"Anderson, Laurie Halse",Speak: The Graphic Novel,,,2022-09,Banned Pending Investigation | Banned from Libraries and Classrooms | Banned | Banned By Restriction
"Anderson, Laurie Halse",The Impossible Knife of Memory,,,2025-01,Banned | Banned Pending Investigation
"Anderson, Laurie Halse",Twisted,,,2022-09,Banned Pending Investigation | Banned from Libraries | Banned from Libraries and Classrooms | Banned By Restriction | Banned
"Anderson, Laurie Halse",Wintergirls,,,2022-10,Banned Pending Investigation | Banned from Libraries and Classrooms | Banned | Banned By Restriction
"Anderson, M. T.",Feed,Banned Pending Investigation,,2021-11,Banned By Restriction | Banned | Banned Pending Investigation
"Anderson, M. T.","The Astonishing Life of Octavian Nothing, Traitor to the Nation, Volume I: The Pox Party",,,,Banned Pending Investigation
"Anderson, M. T.",The Daughters of Ys,,,2022-09,Banned Pending Investigation | Banned from Libraries and Classrooms | Banned
"Anderson, M. T.",Thirsty,,,2025-01,Banned | Banned Pending Investigation
"Anderson, M.T.","The Astonishing Life of Octavian Nothing, Traitor to the Nation, Volume II: The Kingdom on the Waves",,,,Banned
"Anderson, Natalie C.",City of Saints and Thieves,,,2024-10,Banned
"Anderson, Natalie C.",Let's Go Swimming on Doomsday,,,2025-06,Banned By Restriction | Banned Pending Investigation
"Anderson, R. J.",Quicksilver,,,,Banned Pending Investigation
"Anderson, R. J.",Ultraviolet,,,,Banned Pending Investigation
"Anderson, William",Laura Ingalls Wilder Country: The People and Places in Laura Ingalls Wilder's Life and Books,,,2023-06,Banned from Libraries and Classrooms
"Andō, Yūma",Sherlock Bones,,,2025-02,Banned
"Andrews, Arin",Some Assembly Required: The Not-So-Secret Life of a Transgender Teen,Banned Pending Investigation,,2021-12,Banned By Restriction | Banned
"Andrews, Jesse",Me and Earl and the Dying Girl,Banned Pending Investigation | Banned in Libraries and Classrooms | Banned in Libraries,,2021-10,Banned from Libraries and Classrooms | Banned Pending Investigation | Banned from Libraries | Banned | Banned By Restriction
"Andrews, Jesse",Munmun,,,2024-11,Banned By Restriction | Banned Pending Investigation
"Andrews, Jesse",The Haters,Banned in Libraries | Banned Pending Investigation,,2021-11,Banned from Libraries and Classrooms | Banned Pending Investigation | Banned | Banned By Restriction
"Andrews, Jesse",Un final para Rachel,,,,Banned Pending Investigation
"Andrews, Troy",The 5 O'Clock Band,Banned in Classrooms,,2021-08,
"Andrews, Troy",Trombone Shorty,Banned in Classrooms,,2021-08,
"Andrews, V. C.",Garden of Shadows,,,2024-10,Banned | Banned Pending Investigation
"Andrews, V. C.",Into the Garden,,,2025-06,Banned
"Andrews, V. C.",Petals on the Wind,,,2024-10,Banned | Banned Pending Investigation
"Andrews, V.C.",Flowers in the Attic,,,2022-07,Banned from Libraries | Banned | Banned Pending Investigation | Banned By Restriction
"Andrews, V.C.",If There Be Thorns,,,2024-10,Banned | Banned Pending Investigation
"Andrews, V.C.",Seeds of Yesterday,,,2024-10,Banned
"Andryszewski, Tricia",Gay Rights,,,,Banned
"Angello, Michele","Raising the Transgender Child: A Complete Guide for Parents, Families and Caregivers",,"Bowman, Alisa",,Banned
"Angelou, Maya",And Still I Rise,Banned Pending Investigation,,2021-12,Banned Pending Investigation
"Angelou, Maya",Gather Together in My Name,,,2025-01,Banned | Banned Pending Investigation
"Angelou, Maya",I Know Why The Caged Bird Sings,Banned in Libraries and Classrooms,,2021-10,Banned Pending Investigation | Banned | Banned By Restriction
"Angelou, Maya",Now Sheba Sings the Song,,,,Banned Pending Investigation
"Angelou, Maya",Singin' and Swingin' and Gettin' Merry Like Christmas,,,,Banned Pending Investigation
"Angelou, Maya",The Heart of a Woman,,,,Banned Pending Investigation
"Angiras, Aditi",The World that Belongs to Us: An Anthology of Queer Poetry from South Asia,,"Katyal, Akhil",2024-08,Banned By Restriction
Anonymous,A Different Season,,,,Banned Pending Investigation
Anonymous,"Annie's Baby: The Diary of Anonymous, a Pregnant Teenager",,"Sparks, Beatrice",2024-08,Banned Pending Investigation | Banned
Anonymous,Being You,,,,Banned Pending Investigation
Anonymous,Feminism,,,,Banned Pending Investigation
Anonymous,Lucy in the Sky,,,,Banned | Banned Pending Investigation
Anonymous,Noah's Ark: Words from the Book of Genesis,,,2023-06,Banned from Libraries and Classrooms
Anonymous,Read with Me Bible: An NIV Story Bible for Children,,,2023-06,Banned from Libraries and Classrooms
Anonymous,The Beginner's Bible: Timeless Bible Stories,,,2023-06,Banned from Libraries and Classrooms
Anonymous,The Bible Book,,,,Banned Pending Investigation
Anonymous,The Book of David,,,,Banned | Banned Pending Investigation
Anonymous,The Christmas Story: According to the Gospels of Matthew and Luke from the King James Bible,,,2023-06,Banned from Libraries and Classrooms
Anonymous,"The Easter Story: According to the Gospels of Matthew, Luke, and John from the King James Bible",,,2023-06,Banned from Libraries and Classrooms
Anonymous,The Holy Bible (King James Version),,The Gideon's International,2023-02,Banned Pending Investigation | Banned from Libraries and Classrooms
Anonymous,"The Holy Bible: Revised Standard Version Containing the Old and New Testaments, with the Apocrypha/Deuterocanonical Books",,,2023-06,Banned from Libraries and Classrooms
Anonymous,The New American Bible,,,2023-02,Banned Pending Investigation
"Ansari, Aziz",Modern Romance: An Investigation,Banned Pending Investigation,"Klinenberg, Eric",2021-10,
"Anstey, Cindy",Duels and Deception,Banned in Libraries,,2022-04,
"Anthony, Jessica",Chopsticks,,"Corral, Rodrigo",2024-12,Banned
"Anthony, Joyce A.",Gender Fulfilled: Being Transgender,,,2024-08,Banned By Restriction | Banned
"Anthony, Piers",And Eternity,,,,Banned By Restriction
"Anthony, Piers",Castle Roogna,,,,Banned Pending Investigation
"Anthony, Piers",On A Pale Horse,,,,Banned Pending Investigation | Banned By Restriction
Anthony. David,What's diversity?,,,,Banned
"Antsey, Cindy",Carols and Chaos,,,2024-11,Banned By Restriction
"Anzai, Nobuyuki","Flame of Recca, Vol. 3",,,2025-04,Banned
"Anzai, Nobuyuki",Mär: Märchen Awakens Romance,,,2024-11,Banned
"Aoki, Ryka",Light from Uncommon Stars,,,,Banned
"Aoyama, Gosho",Case Closed,,,2024-10,Banned
"Apel, Melanie Ann",Economy and Industry in Ancient Greece,,,2025-02,Banned
"Apel, Melanie Ann",Home Life in Ancient Greece,,,2025-02,Banned
"Apel, Melanie Ann",Land and Resources of Ancient Greece,,,2025-02,Banned
"Apelqvist, Eva",LGBTQ Families: The Ultimate Teen Guide,Banned Pending Investigation,,2021-12,Banned Pending Investigation | Banned By Restriction | Banned
"Appelt, Kathi",Keeper,,,,Banned By Restriction
"Appignanesi, Richard",Manga Shakespeare: A Midsummer Night's Dream,,"Shakespeare, William",,Banned Pending Investigation
"Applegate, Katherine",The One and Only Bob,,,,Banned Pending Investigation
"Applegate, Katherine",The One and Only Ivan,,,,Banned Pending Investigation
"Applegate, Katherine",Wishtree,Banned in Libraries and Classrooms,,2021-11,Banned Pending Investigation | Banned
"Arakawa, Hiromu",Fullmetal Alchemist,,,2025-02,Banned
"Araki, Hirohiko",Jojo's Bizarre Adventure,,,2025-04,Banned
"Araki, Hirohiko","Jojo's Bizarre Adventure: Part 1 - Phantom Blood, Vol. 1",,,2022-10,Banned from Libraries | Banned
"Araki, Hirohiko","Jojo's Bizarre Adventure: Part 1 - Phantom Blood, Vol. 2",,,2022-10,Banned from Libraries | Banned
"Araki, Hirohiko","Jojo's Bizarre Adventure: Part 1 - Phantom Blood, Vol. 3",,,2022-10,Banned from Libraries | Banned
"Arango, Andrea Beatriz",Something Like Home,,,2025-02,Banned
"Arbus, Diane",Diane Arbus: An Aperture Monograph,,,2025-04,Banned
"Archer, Jeffrey",Sons of Fortune,,,,Banned Pending Investigation
"Arcos, Carrie",Crazy Messy Beautiful,,,,Banned Pending Investigation
Aristophanes,Four Plays by Aristophanes: The Birds; The Clouds; The Frogs; Lysistrata,,,,Banned Pending Investigation
"Arlow, Jake Maia",Almost Flying,,,2024-08,Banned By Restriction | Banned Pending Investigation | Banned
"Arlow, Jake Maia",The Year My Life Went Down the Toilet,,,2024-08,Banned By Restriction
"Armas, Elena",American Roommate Experiment,,,,Banned Pending Investigation
"Armas, Elena",The Spanish Love Deception,,,,Banned Pending Investigation
"Armentrout, Jennifer L.",A Shadow in the Ember,,,,Banned By Restriction
"Armentrout, Jennifer L.",Cursed (JLA),,,,Banned Pending Investigation
"Armentrout, Jennifer L.",Don't Look Back,,,,Banned Pending Investigation
"Armentrout, Jennifer L.",Every Last Breath,,,2025-06,Banned Pending Investigation
"Armentrout, Jennifer L.",From Blood and Ash,,,2022-09,Banned Pending Investigation
"Armentrout, Jennifer L.",Grace and Glory,,,2025-04,Banned | Banned Pending Investigation
"Armentrout, Jennifer L.",If There's No Tomorrow,,,2025-06,Banned Pending Investigation | Banned
"Armentrout, Jennifer L.",Kingdom of Flesh and Fire,,,2022-10,Banned Pending Investigation
"Armentrout, Jennifer L.",Meet Cute: Some People Are Destined to Meet,Banned Pending Investigation,"Clayton, Dhonielle; Cotugno, Katie; Davies, Jocelyn; LaCour, Nina; Lord, Emery; McGee, Katharine; Morgan, Kass; Russo, Meredith; Shepard, Sara; Yoon, Nicola; Zoboi, Ibi; Murphy, Julie",2022-01,Banned By Restriction | Banned
"Armentrout, Jennifer L.",Oblivion,,,2025-01,Banned | Banned Pending Investigation
"Armentrout, Jennifer L.",Obsidian,,,2023-02,Banned Pending Investigation
"Armentrout, Jennifer L.",Opposition,,,2025-06,Banned | Banned Pending Investigation
"Armentrout, Jennifer L.",Origin,,,2025-01,Banned | Banned Pending Investigation
"Armentrout, Jennifer L.",Rage and Ruin,,,2025-04,Banned | Banned Pending Investigation
"Armentrout, Jennifer L.",Shadows,,,,Banned Pending Investigation
"Armentrout, Jennifer L.",Storm and Fury,,,2024-10,Banned | Banned Pending Investigation
"Armentrout, Jennifer L.",The Crown of Gilded Bones,,,2025-06,Banned Pending Investigation | Banned
"Armentrout, Jennifer L.",The War of Two Queens,,,2025-03,Banned Pending Investigation
"Armentrout, Jennifer L.",White Hot Kiss,,,2024-08,Banned | Banned Pending Investigation
"Armstrong, Kate J.",Nightbirds,,,,Banned Pending Investigation
"Armstrong, Kelley",Aftermath,,,,Banned Pending Investigation
"Armstrong, Kelley",City of the Lost: A Rockton Novel,,,,Banned Pending Investigation
"Armstrong, Kelley",Sea of Shadows,,,2025-01,Banned | Banned Pending Investigation
"Armstrong, Kelley",Summoning,,,2024-11,Banned By Restriction
"Armstrong, Kelley",The Awakening (KA),,,2024-11,Banned By Restriction | Banned Pending Investigation | Banned
"Armstrong, Kelley",The Gathering (KA),,,2025-06,Banned By Restriction | Banned Pending Investigation
"Armstrong, Kelley",The Masked Truth,,,2025-06,Banned By Restriction | Banned Pending Investigation
"Armstrong, Kelley",The Reckoning,,,,Banned Pending Investigation
"Armstrong, Kelley",Watcher in the Woods: A Rockton Novel,,,2022-10,Banned Pending Investigation
"Arnau, Edward",The Skeletal System,,,2025-02,Banned
"Arnold, David",Kids of Appetite,,,2024-11,Banned
"Arnold, David",Mosquitoland,,,2024-12,Banned | Banned By Restriction | Banned Pending Investigation
"Arnold, David",The Electric Kingdom,,,2025-06,Banned | Banned Pending Investigation
"Arnold, Elana K.",A Boy Called Bat,Banned in Classrooms,,2021-08,Banned
"Arnold, Elana K.",Bat and the End of Everything,Banned in Classrooms,,2021-08,
"Arnold, Elana K.",Bat and the Waiting Game,Banned in Classrooms,,2021-08,
"Arnold, Elana K.",Damsel,Banned Pending Investigation,,2022-03,Banned from Libraries | Banned from Libraries and Classrooms | Banned Pending Investigation | Banned | Banned By Restriction
"Arnold, Elana K.",Infandous,Banned in Libraries | Banned Pending Investigation,,2021-10,Banned Pending Investigation | Banned from Libraries and Classrooms | Banned | Banned - Professionally Weeded | Banned By Restriction
"Arnold, Elana K.",Red Hood,Banned Pending Investigation,,2022-03,Banned from Libraries and Classrooms | Banned Pending Investigation | Banned from Libraries | Banned | Banned By Restriction
"Arnold, Elana K.",The Blood Years,,,2025-03,Banned
"Arnold, Elana K.",What Girls Are Made Of,Banned Pending Investigation | Banned in Libraries and Classrooms,,2022-03,Banned from Libraries and Classrooms | Banned Pending Investigation | Banned | Banned By Restriction
"Arnold, Elana K.",What Riley Wore,,,2022-11,Banned from Libraries | Banned | Banned Pending Investigation
"Aronson, Marc",Art Attack: A Short Cultural History of the Avant-Garde,,,2025-04,Banned
"Aronson, Marc",Witch-Hunt: Mysteries of the Salem Witch Trials,,,,Banned
"Arp, Thomas R.","Perrine's Literature Structure, Sound, and Sense",,"Johnson, Greg",2024-08,Banned By Restriction
"Arreola, Veronica I.",J is for Justice! An Activism Alphabet,,,,Banned
"Arsenault, Emily",All the Pretty Things,,,2025-01,Banned By Restriction | Banned Pending Investigation
"Arterburn, Stephen",Every Young Man's Battle: Strategies for Victory in the Real World of Sexual Temptation,,"Stoeker, Fred; Yorkey, Mike",2024-10,Banned
"Asagiri, Kafka",Bungo Stray Dogs,,,2024-10,Banned
"Asakura, Touji",Attack on Titan: End of the World,,"Isayama, Hajime",2024-08,Banned
"Asano, Inio",A Girl on the Shore,Banned in Libraries and Classrooms,,2021-09,
"Asano, Inio",Goodnight Punpun,,,,Banned
"Asante Jr., M. K.",It's Bigger Than Hip Hop: The Rise of the Post-Hip-Hop Generation,,,,Banned By Restriction
"Asghar, Fatimah",If They Come for Us: Poems,,,,Banned Pending Investigation
"Ash, Russell",Great Wonders of the World,,,2025-02,Banned
"Asher, Jay",Future of Us,,,2025-01,Banned | Banned Pending Investigation
"Asher, Jay",Thirteen Reasons Why,Banned in Libraries | Banned Pending Investigation | Banned in Libraries and Classrooms,,2021-10,Banned from Libraries | Banned Pending Investigation | Banned from Libraries and Classrooms | Banned | Banned By Restriction
"Ashihara, Daisuke",World Trigger,,,,Banned
"Ashliman, D. L.",Folk and Fairy Tales: A Handbook,,,2024-10,Banned
"Ashton, John",The Quest for Paradise: Visions of Heaven and Eternity in the World's Myths and Religions,,"Whyte, Tom",2025-04,Banned
Asphyxia,The Words in my Hands,,,,Banned Pending Investigation
"Aster, Alex",Lightlark,,,2024-10,Banned | Banned Pending Investigation
"Aster, Alex",Nightbane,,,2024-10,Banned
"Aston, Margaret",The Panorama of the Renaissance,,,2025-04,Banned
"Athill, Diana",Somewhere Towards the End,,,,Banned Pending Investigation
Atinuke,Anna Hibiscus,Banned in Classrooms,,2021-08,
"Atkins, Catherine",Alt Ed,,,2022-09,Banned Pending Investigation | Banned By Restriction
"Atkinson, Elizabeth","I, Emma Freke",,,2024-08,Banned By Restriction
"Atta, Dean",The Black Flamingo,Banned Pending Investigation,,2021-11,Banned from Libraries | Banned Pending Investigation | Banned from Libraries and Classrooms | Banned | Banned By Restriction
"Atwell, Mary Stewart",Wild Girls,,,2024-11,Banned By Restriction
"Atwood, Margaret",Alias Grace,,,,Banned By Restriction
"Atwood, Margaret",Hag-Seed: William Shakespeare's The Tempest Retold,,,,Banned By Restriction
"Atwood, Margaret",MaddAddam,,,,Banned Pending Investigation
"Atwood, Margaret",Oryx and Crake,,,2022-09,Banned from Libraries and Classrooms | Banned Pending Investigation | Banned from Libraries | Banned
"Atwood, Margaret",The Blind Assassin,,,2025-03,Banned | Banned By Restriction
"Atwood, Margaret",The Handmaid's Tale,Banned Pending Investigation | Banned in Libraries | Banned in Libraries and Classrooms,,2021-11,Banned from Libraries and Classrooms | Banned Pending Investigation | Banned from Libraries | Banned | Banned By Restriction
"Atwood, Margaret",The Handmaid's Tale: The Graphic Novel,Banned in Classrooms | Banned Pending Investigation | Banned in Libraries,,2021-09,Banned from Libraries | Banned from Libraries and Classrooms | Banned Pending Investigation | Banned By Restriction | Banned
"Atwood, Margaret",The Testaments,Banned Pending Investigation,,2021-11,Banned | Banned By Restriction | Banned Pending Investigation
"Atwood, Margaret",The Year of the Flood,,,2022-12,Banned Pending Investigation | Banned | Banned from Libraries and Classrooms | Banned By Restriction
"Atwood, Megan",Raise the Stakes,Banned in Libraries,,2021-12,Banned By Restriction | Banned
"Auel, Jean M.",The Clan of the Cave Bear,,,2025-06,Banned Pending Investigation | Banned | Banned By Restriction
"Auel, Jean M.",The Land of Painted Caves,,,2023-02,Banned Pending Investigation
"Auel, Jean M.",The Mammoth Hunters,,,2023-02,Banned Pending Investigation
"Auel, Jean M.",The Plains of Passage,,,2023-02,Banned Pending Investigation
"Auel, Jean M.",The Shelters of Stone,,,2023-02,Banned Pending Investigation
"Auel, Jean M.",The Valley of Horses,,,2023-02,Banned Pending Investigation
"Augustin, Marion",History of Western Art in Comics Part One: From Prehistory to the Renaissance,,,2022-09,Banned Pending Investigation
"Auld, Mary",David and Goliath (MA),,,2023-06,Banned from Libraries and Classrooms
"Austrian, J.J.",Worm Loves Worm,Banned in Classrooms | Banned Pending Investigation,,2022-03,Banned Pending Investigation
"Avasthi, Swati",Chasing Shadows,,,2025-01,Banned | Banned By Restriction
"Aveni, Anthony F.",The First Americans: The Story of Where They Came From and Who They Became,,,2025-02,Banned
"Avery, Lara",The Memory Book,,,,Banned Pending Investigation
"Aveyard, Victoria",Broken Throne: A Red Queen Collection,,,2025-06,Banned By Restriction
"Aveyard, Victoria",Corona cruel,,,2024-08,Banned
"Aveyard, Victoria",Cruel Crown,,,2024-09,Banned | Banned Pending Investigation
"Aveyard, Victoria",Glass Sword,,,2025-02,Banned | Banned By Restriction | Banned Pending Investigation
"Aveyard, Victoria",King's Cage,,,2022-10,Banned from Libraries | Banned | Banned By Restriction | Banned Pending Investigation
"Aveyard, Victoria",La Jaula Del Rey,,,2025-06,Banned
"Aveyard, Victoria",Red Queen,,,2025-02,Banned | Banned By Restriction | Banned Pending Investigation
"Aveyard, Victoria",War Storm,,,2022-10,Banned from Libraries | Banned | Banned By Restriction | Banned Pending Investigation
Avi,"City of Light, City of Dark",,,2022-10,Banned from Libraries
"Avila, Victoria J.",How Our Muscles Work,,"Parrmon, Antonio Munoz",2025-02,Banned
"Axelrod, Jadzia",Galaxy: The Prettiest Star,,,2024-08,Banned By Restriction | Banned
"Aylesworth, Thomas G.",The Story of Werewolves,,,2023-03,Banned from Libraries and Classrooms
"Ayo, Yvonne",Africa,,,2025-02,Banned
Ayuko,The Earl & the Fairy,,"Mizue, Tani",2025-03,Banned
"Azarian, Mary",The Tale of John Barleycorn: Or From Barley to Beer,,,,Banned Pending Investigation
"Azmitia, M.",Rising Out,Banned Pending Investigation,,2022-02,Banned By Restriction | Banned
"B., David",Epileptic,,,2022-09,Banned Pending Investigation
"B.B., Alston",Amari and the Night Brothers,,,2024-08,Banned
"Babbitt, Natalie",The Eyes of the Amaryllis,,,2024-08,Banned By Restriction
"Bach, Mette",Love is Love,,,2024-08,Banned By Restriction | Banned
"Bachrach, Susan D.",Tell Them We Remember: The Story of the Holocaust,,,2025-02,Banned
"Bacigalupi, Paolo",Drowned Cities,,,,Banned By Restriction
"Bacigalupi, Paolo",Ship Breaker,,,,Banned By Restriction
"Bacigalupi, Paolo",The Doubt Factory,,,,Banned By Restriction
"Bacigalupi, Paolo",The Water Knife,,,2025-04,Banned
"Bacigalupi, Paolo",The Windup Girl,,,2023-04,Banned from Libraries | Banned Pending Investigation
"Backderf, Derf",My Friend Dahmer,,,2022-09,Banned Pending Investigation | Banned from Libraries | Banned By Restriction | Banned | Banned from Libraries and Classrooms
"Backman, Fredrik",Beartown,,,2022-09,Banned Pending Investigation | Banned
"Bacon, Jennifer Nicole",I Am An AntiRacist Superhero,,,,Banned
"Bacon, Michelle",Antipodes,,,2024-10,Banned
"Bader, David M.","Haiku U: From Aristotle to Zola, 100 Great Books in 17 Syllables",,,2024-11,Banned
"Bagdasarian, Adam",First French Kiss: And Other Traumas,,,2025-02,Banned
"Bagdasarian, Adam",Forgotten Fire,,,,Banned
"Bagieu, Pénélope",Brazen: Rebel Ladies Who Rocked the World,,,2022-09,Banned Pending Investigation | Banned
"Bailar, Schuyler",He/She/They: How We Talk About Gender and Why It Matters,,,,Banned
"Bailar, Schuyler",Obie is Man Enough,,,2024-08,Banned By Restriction | Banned Pending Investigation | Banned
"Bailey, Blake",Cheever: A Life,,,,Banned Pending Investigation
"Bailey, Jacqui","Sex, Puberty, and All That Stuff: A Guide to Growing Up",Banned in Libraries,,2021-12,Banned
"Baish, Vanessa",Frequently Asked Questions About Dating: Teen Life,,,2024-08,Banned Pending Investigation
"Baker, Chandler",Teen Hyde,,,,Banned Pending Investigation
"Baker, Frank W.",We Survived the Holocaust: The Bluma and Felix Goldberg Story,,"Goldberg, Henry; Goldberg, Karl; Greenberg Goldberg, Esther",2024-08,Banned By Restriction
"Baker, Leo",Skate for Your Life,,,,Banned
"Baker, Matthew",If You Find This,,,2025-06,Banned Pending Investigation | Banned
"Baker, Tim",Extreme Faith: Twelve Radical Young Believers from the Bible Who Changed Our World,,,2023-06,Banned from Libraries and Classrooms
"Balaban, Naomi E.",The Handy Anatomy Answer Book,,"Bobick, James",2025-04,Banned
"Balcarel, Rebecca",The Other Half of Happy,,,,Banned Pending Investigation
"Baldacchino, Christine",Morris Micklewhite and the Tangerine Dress,Banned in Classrooms | Banned Pending Investigation,,2021-08,Banned Pending Investigation | Banned
"Baldacci, David",First Family,,,,Banned Pending Investigation
"Baldacci, David",Saving Faith,,,,Banned Pending Investigation
"Baldacci, David",The Innocent,,,,Banned Pending Investigation
"Baldacci, David",The Whole Truth,,,,Banned Pending Investigation
"Baldacci, David",Zero Day,,,,Banned Pending Investigation
"Baldino, Greg",Everything You Need to Know About Bisexuality,,,,Banned
"Baldino, Greg",The Early History of the Gay Rights Movement,,,,Banned Pending Investigation
"Baldwin, James",Giovanni's Room,,,2024-08,Banned By Restriction
"Baldwin, James",Go Tell It on the Mountain,,,,Banned Pending Investigation | Banned
"Baldwin, James",The Fire Next Time,,,2022-10,Banned from Libraries and Classrooms | Banned Pending Investigation
"Baldwin, Rosecrans",The Last Kid Left,,,,Banned By Restriction
"Ball, David",Ironfire: An Epic Novel of Love and War,,,2024-09,Banned
"Ball, Pamela J.",The Complete Book of Dreams and Dreaming,,,,Banned By Restriction
"Ballard, Alexandra",What I Lost,,,,Banned Pending Investigation
"Balliett, Blue",Hold Fast,,,2024-11,Banned
"Bambara, Toni","Gorilla, My Love",,,,Banned Pending Investigation
"Banaji, Mahzarin R.",Blindspot: Hidden Biases of Good People,Banned in Classrooms,"Greenwald, Anthony G.",2021-08,
"Banks, Anna",Of Poseidon,,,,Banned By Restriction
"Bannister, Nonna",The Secret Holocaust Diaries: The Untold Story of Nonna Bannister,,"George, Denise; Tomlin, Carolyn",2025-02,Banned
"Baquedano, Elizabeth",Aztec Inca & Maya,,,2025-02,Banned
"Barakiva, Michael",One Man Guy,Banned Pending Investigation,,2021-12,Banned By Restriction | Banned Pending Investigation
"Barber, Nicola",The French Revolution,,,2025-02,Banned
"Bardi, Abby",The Book of Fred,,,,Banned Pending Investigation
"Bardoe, Cheryl",Nothing Stopped Sophie: The Story of Unshakable Mathematician Sophie Germain,Banned in Classrooms,,2021-08,
"Bardugo, Leigh",Crooked Kingdom,,,2025-06,Banned
"Bardugo, Leigh",Crooked Kingdom: A Sequel to Six of Crows,,,,Banned By Restriction
"Bardugo, Leigh",King of Scars,,,,Banned Pending Investigation
"Bardugo, Leigh",Ninth House,,,2022-10,Banned Pending Investigation | Banned
"Bardugo, Leigh",Ruin and Rising,,,2025-01,Banned | Banned By Restriction
"Bardugo, Leigh",Shadow and Bone,,,2025-06,Banned By Restriction
"Bardugo, Leigh",Siege and Storm,,,,Banned By Restriction
"Bardugo, Leigh",Six of Crows,Banned Pending Investigation,,2022-02,Banned | Banned By Restriction | Banned Pending Investigation
"Bardugo, Leigh",The Language of Thorns: Midnight Tales and Dangerous Magic,,,,Banned Pending Investigation
"Bardugo, Leigh",Wonder Woman: Warbringer,,,,Banned By Restriction
"Barker, Kim",Taliban Shuffle: Strange Days in Afghanistan and Pakistan,,,,Banned
"Barker, Michelle",The House of One Thousand Eyes,,,,Banned Pending Investigation | Banned
"Barnes, Derrick","Brand New School, Brave New Ruby",Banned in Classrooms,,2021-08,
"Barnes, Derrick",Crown: An Ode to the Fresh Cut,Banned in Classrooms,,2021-08,
"Barnes, Derrick",I Am Every Good Thing,Banned in Classrooms,,2021-08,
"Barnes, Derrick",Ruby Flips For Attention,Banned in Classrooms,,2021-08,
"Barnes, Derrick",Slumber Party Payback,Banned in Classrooms,,2021-08,
"Barnes, Derrick","Trivia Queen, 3rd Grade Supreme",Banned in Classrooms,,2021-08,
"Barnes, Jennifer Lynn",All In,,,2024-08,Banned
"Barnes, Jennifer Lynn",Bad Blood,,,2023-01,Banned from Libraries
"Barnes, Jennifer Lynn",Deadly Little Scandals,,,2024-09,Banned
"Barnes, Jennifer Lynn",Killer Instinct,,,2024-11,Banned
"Barnes, Jennifer Lynn",Killer Spirit,,,2022-11,Banned from Libraries and Classrooms | Banned | Banned Pending Investigation
"Barnes, Jennifer Lynn",The Fixer,,,2022-10,Banned Pending Investigation | Banned from Libraries and Classrooms
"Barnes, Jennifer Lynn",The Hawthorne Legacy,,,,Banned By Restriction
"Barnes, Jennifer Lynn",The Inheritance Games,,,,Banned Pending Investigation | Banned By Restriction
"Barnes, Jennifer Lynn",The Naturals,,,2025-03,Banned | Banned By Restriction
"Barnes, Jennifer Lynn","The Squad (Series, Title not Specified",,,2025-04,Banned
"Barnes, John",Tales of the Madman Underground,,,2025-01,Banned | Banned Pending Investigation
"Barnett, Mac","Hi, Jack!",,,,Banned Pending Investigation
"Barnhill, Kelly",The Girl Who Drank the Moon,,,,Banned Pending Investigation
"Barnholdt, Lauren",Two-Way Street,,,2025-06,Banned Pending Investigation | Banned
"Barnwell, Ysaye M.",No Mirrors in My Nana's House: Musical CD and Book,Banned in Classrooms,,2021-08,
"Baron, Dennis E.",What's Your Pronoun? Beyond He and She,,,2024-08,Banned By Restriction | Banned
"Barr, Emily",The Truth and Lies of Ella Black,,,2025-06,Banned By Restriction | Banned Pending Investigation
"Barrett, Judi",Cloudy with a Chance of Meatballs,,,2024-08,Banned
"Barrie, James Matthew",Peter Pan,Banned Pending Investigation,,2021-10,Banned
"Barron, Rena",Kingdom of Souls,,,,Banned Pending Investigation
"Barron, Rena",Maya and the Rising Dark,,,,Banned Pending Investigation
"Barron, Sharon",Moses and Judaism,,,2025-02,Banned
"Barron, T. A.",Doomraga's Revenge,,,2022-10,Banned from Libraries
"Barron, T. A.",Merlin's Dragon,,,2022-10,Banned from Libraries
"Barron, T. A.",Shadows on the Stars,,,2022-10,Banned from Libraries
"Barron, T. A.",The Book of Magic,,,2022-10,Banned from Libraries
"Barron, T. A.",The Eternal Flame,,,2022-10,Banned from Libraries
"Barron, T. A.",The Fires of Merlin,,,2022-10,Banned from Libraries
"Barron, T. A.",The Great Tree of Avalon: Child of the Dark Prophecy,,,2022-10,Banned from Libraries
"Barron, T. A.",The Lost Years of Merlin,,,2022-10,Banned from Libraries
"Barron, T. A.",The Mirror of Merlin,,,2022-10,Banned from Libraries
"Barron, T. A.",The Seven Songs of Merlin,,,2022-10,Banned from Libraries
"Barron, T. A.",The Wings of Merlin,,,2022-10,Banned from Libraries
"Barron, T. A.",Ultimate Magic,,,2022-10,Banned from Libraries
"Barrow, John D.",The Book of Universes: Exploring the Limits of the Cosmos,,,2025-03,Banned
"Barrow, Rebecca",Bad Things Happen Here,,,2024-08,Banned
"Barrow, Rebecca",This is What it Feels Like,,,2025-04,Banned
"Barrow, Rebecca",You Don't Know Me But I Know You,,,2025-05,Banned By Restriction
"Barrows, Annie",Nothing,,,2025-01,Banned By Restriction
"Barry, Max",Lexicon,,,2022-09,Banned Pending Investigation | Banned
"Bartel, Judy",The Holocaust: A Primary Source History,,,2025-02,Banned
"Barter, Catherine",Troublemakers,,,,Banned
"Bartoletti, Susan Campbell",Hitler Youth: Growing Up in Hitler's Shadow,,,2025-02,Banned
"Bartoletti, Susan Campbell",They Called Themselves The K.K.K.: The Birth of an American Terrorist Group,Banned Pending Investigation,,2021-11,Banned Pending Investigation | Banned
"Barton, Bree",Heart of Thorns,Banned Pending Investigation,,2022-02,
"Barton, Bree",Soul of Cinder,Banned Pending Investigation,,2022-02,
"Barton, Bree",Tears of Frost,Banned Pending Investigation,,2022-02,
"Barton, Bree",Zia Erases the World,,,2025-04,Banned Pending Investigation
"Bartz, Gabriele",Michelangelo Buonarroti,,,2025-04,Banned
"Barzak, Christopher",Wonders of the Invisible World,Banned Pending Investigation,,2021-12,Banned By Restriction | Banned
"Bascomb, Neal",The Grand Escape: The Greatest Prison Breakout of the 20th Century,,,2022-10,Banned from Libraries
"Bashardoust, Melissa",Girls Made of Snow and Glass,Banned Pending Investigation,,2022-02,Banned Pending Investigation
"Bassett, Kate",Words and Their Meanings,,,,Banned Pending Investigation
"Bastian, Jeremy A.",Cursed Pirate Girl,,,2022-09,Banned from Libraries and Classrooms
"Bates, Laura",The Burning,,,2025-01,Banned | Banned Pending Investigation
"Bauer, Cat","Harley, Like a Person",,,,Banned Pending Investigation
"Bausum, Ann",Our Country's Presidents 5th Ed.: A Complete Encyclopedia of the U.S. Presidency,,,2025-01,Banned
"Bausum, Ann",Stonewall: Breaking Out in the Fight for Gay Rights,,,2024-08,Banned Pending Investigation | Banned
"Bayerl, Katie",A Psalm for Lost Girls,,,,Banned Pending Investigation
"Bayron, Kalynn",Cinderella Is Dead,Banned Pending Investigation,,2021-12,Banned Pending Investigation
"Bayron, Kalynn",My Dear Henry: A Jekyll and Hyde Remix,,,,Banned
"Bayron, Kalynn",The Vanquishers,,,,Banned Pending Investigation
"Bayron, Kalynn",This Poison Heart,,,,Banned Pending Investigation
"Beah, Ishmael",A Long Way Gone: Memoirs of a Boy Soldier,,,,Banned By Restriction
"Beals, Melba","March Forward, Girl",,,,Banned Pending Investigation
"Beam, Cris",I Am J,,,,Banned Pending Investigation | Banned
"Beam, Cris","Transparent: Love, Family, and Living with T with Transgender Teenagers",,,,Banned
"Bean, Lexie",The Ship We Built,,,2024-08,Banned By Restriction | Banned | Banned Pending Investigation
"Bean, Rachel",World Art,,"Lewis, Peter",2025-05,Banned
"Beard, Mary",Classical Art from Greece to Rome,,,2024-08,Banned
"Beashel, Amy",The Sky Is Mine,Banned Pending Investigation,,2022-02,
Beattie. Michael,Counselling Skills for Working with Gender Diversity and Identity,,"Lenihan. Penny; Dundas, Robin; Sanderson, Christiane",,Banned
"Beatty, Robert",Serafina and the Black Cloak,,,,Banned By Restriction
"Beaty, Andrea","Aaron Slater, Illustrator",,,,Banned
"Beaty, Andrea","Sofia Valdez, Future Prez",Banned in Classrooms,,2021-08,Banned Pending Investigation | Banned
"Beaty, Daniel",Knock Knock: My Dad's Dream for Me,Banned in Classrooms,,2021-08,
"Beaudoin, Sean",Wise Young Fool,,,,Banned Pending Investigation
"Beaudoin, Sean",You Killed Wesley Payne,,,2022-09,Banned from Libraries
"Bechdel, Alison",Are You My Mother?: A Comic Drama,,,2023-01,Banned from Libraries and Classrooms | Banned Pending Investigation
"Bechdel, Alison",Fun Home: A Family Tragicomic,Banned Pending Investigation | Banned in Libraries and Classrooms,,2021-10,Banned from Libraries and Classrooms | Banned from Libraries | Banned from Classrooms | Banned Pending Investigation | Banned
"Becker, Harmony",Himawari House,,,2022-09,Banned Pending Investigation | Banned from Libraries and Classrooms
"Becker, Helaine",Counting on Katherine: How Katherine Johnson Saved Apollo 13,Banned in Classrooms,,2021-08,
"Beckett, Rachel A. H.",Medieval Art,,,2024-11,Banned
"Beckett, Wendy",Sister Wendy's Story of Painting: The Essential Guide to the History of Western Art,,,2025-04,Banned
"Beckman, Wendy Hart","Dating, Relationships, And Sexuality: What Teens Should Know",Banned in Libraries,,2021-12,
"Bedford, Martyn",Flip,,,2025-05,Banned By Restriction
"Behar, Ruth",Lucky Broken Girl,Banned in Classrooms | Banned Pending Investigation,,2021-08,
"Behnke, Alison Marie",Racial Profiling: Everyday Inequality,,,,Banned
"Being, Bridey",Critical Perspectives on Sexual Harassment and Gender Violence,,,,Banned
"Belge, Kathy",Queer: The Ultimate LGBTQ Guide for Teens,Banned in Libraries and Classrooms | Banned in Libraries,"Bieschke, Marke",2021-07,Banned from Libraries and Classrooms | Banned from Libraries | Banned
"Bell, Cathleen Davitt",Little Blog on the Prairie,,,2022-11,Banned from Libraries | Banned
"Bell, Darrin",The Talk (DB),,,,Banned
"Bell, Derrick",Faces at the Bottom of the Well: The Permanence of Racism,Banned in Classrooms,,2021-08,
"Bell, Eric",Alan Cole Is Not a Coward,Banned in Libraries,,2021-12,
"Bell, Julian",Mirror of the World: A New History of Art,,,2022-09,Banned Pending Investigation
"Bell, Ted",Hawke,,,,Banned Pending Investigation
"Bell, William",Death Wind,Banned in Libraries | Banned Pending Investigation,,2021-12,Banned Pending Investigation | Banned By Restriction
"Bell, William",La tormenta,Banned in Libraries,,2021-12,
"Bellamy, Rufus",The Senses,,,2025-02,Banned
"Beller, Susan Provost",The History Puzzle: How We Know What We Know About the Past,,,2023-06,Banned from Libraries and Classrooms
"Belleza, Rhoda",Blood of a Thousand Stars,,,2023-03,Banned from Libraries | Banned
"Bellow, Saul",Herzog,,,,Banned By Restriction
"Benchley, Peter",Jaws,,,2025-06,Banned Pending Investigation | Banned
"Bender, Aimee",The Color Master,,,,Banned By Restriction
"Bendinger, Jessica",The Seven Rays,,,,Banned By Restriction
"Beneduce, Ann Keay",Moses: The Long Road to Freedom,,,2023-06,Banned from Libraries and Classrooms
"Benefiel, Stacey Wallace",Glimpse: A YA Paranormal Romance,,,,Banned Pending Investigation
"Benge, Janet","George Washington Carver, What Do You See?",,"Benge, Geoff",2023-06,Banned from Libraries and Classrooms
"Benincasa, Sara",Great,Banned in Libraries | Banned Pending Investigation,,2021-12,
"Benioff, David",City of Thieves,,,2022-09,Banned Pending Investigation
"Benioff, David",City of Thieves (DB),,,2024-08,Banned | Banned Pending Investigation | Banned By Restriction
"Benjamin, Ali",The Thing About Jellyfish,,,,Banned By Restriction
"Benjamin, Chloe",The Immortalists,,,2022-07,Banned from Libraries and Classrooms | Banned
"Bennett, Alan",The History Boys: A Play,,,,Banned By Restriction
"Bennett, James W.",Plunking Reggie Jackson,,,,Banned Pending Investigation
"Bennett, James W.",The Squared Circle,,,2024-08,Banned By Restriction
"Bennett, Jay",The Executioner,,,2024-11,Banned By Restriction
"Bennett, Jenn","Alex, Approximately",,,2025-01,Banned | Banned Pending Investigation
"Bennett, Jenn",Chasing Lucky,,,,Banned
"Bennett, Jenn",Starry Eyes,,,,Banned Pending Investigation
"Bennett, Kelly",Not Norman: A Goldfish Story,Banned in Classrooms,,2021-08,
"Bennett, Marguerite",Horde,,,2022-09,Banned Pending Investigation
"Bennett, Michael",Things That Make White People Uncomfortable (Adapted for Young Adults),Banned Pending Investigation,,2021-12,Banned
"Bennett-Wealer, Sara",Rival,,,,Banned Pending Investigation
"Benson, Alana",Everything You Need to Know About Birth Control,,,,Banned
"Benton, Charlotte",Art Deco: 1910-1939,,"Benton, Tim; Wood, Ghislaine; Baddeley, Oriana",2024-08,Banned
"Benton, Jim",Dumbness is a Dish Best Served Cold,,,,Banned Pending Investigation
"Benway, Robin",Also Known As,,,,Banned Pending Investigation
"Benway, Robin","Audrey, Wait!",,,2025-01,Banned | Banned Pending Investigation
"Benway, Robin",Emmy and Oliver,,,2025-01,Banned Pending Investigation
"Benway, Robin",Far from the Tree,Banned Pending Investigation | Banned in Libraries,,2021-10,Banned | Banned Pending Investigation
"Benway, Robin",Going Rogue,,,2025-01,Banned
"Benwell, Fox",Kaleidoscope Song,Banned Pending Investigation,,2021-12,Banned
"Berdoll, Linda",Mr. Darcy Takes a Wife: A Deliciously Steamy Historical Romance that Starts After the Wedding Night,,,,Banned By Restriction
"Berendes, Mary",The Ten Bridesmaids: Matthew 25: 1-13,,,2023-06,Banned from Libraries and Classrooms
"Berendt, John",Midnight in the Garden of Good and Evil,,,2025-01,Banned | Banned Pending Investigation
"Berenson, Laurien",Best in Show,,,,Banned By Restriction
"Berenstain, Jan",The Berenstain Bears and the Big Question,Banned Pending Investigation,"Berenstain, Stan",2022-01,
"Berk, Josh",The Dark Days of Hamburger Halpin,,,2025-01,Banned | Banned Pending Investigation
"Berkow, Ita G.",Edward Hopper: A Modern Master,,,2022-09,Banned Pending Investigation | Banned
"Berlatsky, Noah",Sexual Violence,,,,Banned Pending Investigation | Banned
"Bermudez, Cyn",This Place Is Not My Home,Banned Pending Investigation,,2022-01,
"Bernard, Charlotte",Caesar and Rome,,,2025-02,Banned
"Bernay, Emma","My Family, Your Family, Our Family",,,,Banned By Restriction
"Bernhardt, William",Dark Eye,,,,Banned By Restriction
"Bernstein, Sara Tuvel",The Seamstress: A Memoir of Survival,,,,Banned Pending Investigation
"Berry, Julie",All the Truth That's In Me,,,2025-05,Banned | Banned Pending Investigation
"Berry, Julie",Lovely War,,,,Banned Pending Investigation
"Berryhill, Shane",Chance Fortune and the Outlaws,,,,Banned
"Bertela, Giovanna Gaeta",Donatello,,,2025-04,Banned
"Bertie, Alex",Trans Mission: My Quest to a Beard,Banned Pending Investigation | Banned in Libraries and Classrooms,,2021-11,Banned By Restriction | Banned Pending Investigation | Banned
"Bertram, Vince M.","One Nation Under Taught: Solving America's Science, Technology, Engineering and Math Crisis",,,,Banned By Restriction
"Bessiere, Gerard",Jesus Sat Down and Said,,,2023-06,Banned from Libraries and Classrooms
"Bessonova, Marina","Impressionism and Post-Impressionism: The Hermitage, Leningrad, the Pushkin Museum of Fine Arts, Moscow, and the National Gallery of Art, Washington",,"Williams, William James",2025-04,Banned
"Bevan, Thomas E.",Being Transgender: What You Should Know,Banned in Libraries and Classrooms,,2022-02,
"Bhagwati, Anuradha",Unbecoming: A Memoir of Disobedience,,,2022-12,Banned from Libraries and Classrooms
"Bhathena, Tanaz",A Girl Like That,,,2024-08,Banned | Banned Pending Investigation
"Bhuiyan, Tashie",Counting Down with You,,,2024-08,Banned By Restriction
"Bick, Ilsa J.",Drowning Instinct,,,,Banned Pending Investigation
"Bick, Ilsa J.",Monsters,,,2025-05,Banned | Banned Pending Investigation
"Bick, Ilsa J.",The Sin-Eater's Confession,Banned Pending Investigation | Banned in Libraries,,2021-11,Banned Pending Investigation
"Bick, Ilsa J.",White Space,,,2025-06,Banned By Restriction | Banned Pending Investigation
"Bigelow, Lisa Jenn","Drumroll, Please",,,,Banned Pending Investigation
"Biggs Waller, Sharon","A Mad, Wicked Folly",,"Henderson, John",2024-08,Banned
"Bildner, Phil",A High Five for Glenn Burke,,,2024-08,Banned By Restriction | Banned Pending Investigation | Banned
"Bildner, Phil",Busted,,,2025-02,Banned
"Bildner, Phil",Marvelous Cornelius: Hurricane Katrina and the Spirit of New Orleans,Banned in Classrooms,,2021-08,
"Bildner, Phil",Most Valuable Players,Banned Pending Investigation,,2022-01,
"Bildner, Phil",Playing the Field,Banned in Libraries,,2021-12,Banned
"Billingsley, ReShonda Tate",My Brother's Keeper,,,2024-11,Banned By Restriction
"Bily, Cynthia A.",Homosexuality,,,2024-08,Banned Pending Investigation
"Bingham, Jane",Christianity,,,2025-02,Banned
"Bingham, Jane","Classical Myth: A Treasury of Greek and Roman Legends, Art, and History",,,,Banned Pending Investigation
"Birch, Anna",I Kissed Alice,Banned Pending Investigation,,2022-02,
"Bird, Jackson","Sorted: Growing Up, Coming Out, and Finding My Place",Banned in Libraries,,2021-11,Banned Pending Investigation | Banned By Restriction
"Bird, Michael",Vincent's Starry Night and Other Stories: A Children's History of Art,,,2025-02,Banned
"Birdsall, Bridget",Double Exposure,,,2024-08,Banned By Restriction
"Birdseye, Tom",Attack of the Mutant Underwear,,,,Banned Pending Investigation
"Biren, Sara L.",Cold Day in the Sun,,,2024-10,Banned | Banned Pending Investigation
"Birmant, Julie",Pablo,,,,Banned
"Birmant, Julie",Pablo: Art Masters Series,,,2022-09,Banned Pending Investigation
"Birtha, Becky",Grandmama's Pride,Banned Pending Investigation,,2022-01,
"Bissinger, H.G.","Friday Night Lights: A Town, A Team, and a Dream",,,,Banned By Restriction | Banned | Banned Pending Investigation
"Bjorkman, Lauren",My Invented Life,Banned in Libraries | Banned Pending Investigation,,2021-12,
"Black, Holly",Bonus Tracks,,,,Banned Pending Investigation
"Black, Holly",Coldest Girl in Coldtown,,,,Banned Pending Investigation | Banned By Restriction
"Black, Holly",Doll Bones,,,,Banned By Restriction
"Black, Holly",Geektastic: Stories from the Nerd Herd,,"Castellucci, Cecil; Anderson, M.T.; Bray, Libba; Clare, Cassandra; Green, John; Lynn, Tracy; Leitich Smith, Cynthia and Greg; Levithan, David; Link, Kelly; Lyga, Barry; Mass, Wendy; Nix, Garth; Westerfield, Scott; Yee, Lisa; Zarr, Sara",,Banned Pending Investigation
"Black, Holly",How the Prince of Elfhame Learned to Hate Stories,,,,Banned Pending Investigation
"Black, Holly",Kin,,"Naifeh, Ted",2025-02,Banned By Restriction | Banned Pending Investigation
"Black, Holly",Lumberjanes: Bonus Tracks,,"Hicks, Faith Erin; Wang, Jen; Rivera, Gabby; Thompson, Kelly; Stevenson, ND; Watters, Shannon; Allen, Gus; Ellis, Grace",,Banned
"Black, Holly",Red Glove,,,,Banned By Restriction | Banned Pending Investigation
"Black, Holly",The Cruel Prince,,,,Banned Pending Investigation
"Black, Holly",The Darkest Part of the Forest,,,,Banned Pending Investigation
"Black, Holly",The Queen of Nothing,,,2025-01,Banned | Banned Pending Investigation
"Black, Holly",The Stolen Heir,,,2025-01,Banned | Banned Pending Investigation
"Black, Holly",The Wicked King,,,,Banned Pending Investigation
"Black, Holly",Tithe,,,2025-01,Banned | Banned Pending Investigation
"Black, Holly",Valiant,,,,Banned Pending Investigation
"Black, Holly",Valient: A Modern Tale of Faerie,,,2025-01,Banned
"Black, Holly",White Cat,,,,Banned Pending Investigation
"Black, Yelena",Dance of Shadows,,,2024-09,Banned
"Blackall, Sophie",The Baby Tree,Banned Pending Investigation | Banned in Libraries and Classrooms,,2021-12,Banned By Restriction
"Blacker, Terence",Boy2Girl,Banned Pending Investigation,,2021-11,Banned Pending Investigation | Banned By Restriction
"Blackman, Malorie",Noughts and Crosses,,,,Banned Pending Investigation
"Blake, Ashley Herring",Girl Made of Stars,Banned Pending Investigation,,2021-12,Banned Pending Investigation | Banned By Restriction | Banned
"Blake, Ashley Herring",How to Make a Wish,Banned Pending Investigation,,2022-02,Banned Pending Investigation
"Blake, Ashley Herring",Ivy Aberdeen's Letter to the World,Banned Pending Investigation,,2021-12,Banned | Banned Pending Investigation
"Blake, Ashley Herring",La carta de Ivy Aberdeen al mundo/Ivy Aberdeen's Letter to the World,Banned Pending Investigation,,2021-12,Banned By Restriction
"Blake, Ashley Herring",The Mighty Heart of Sunny St. James,Banned Pending Investigation,,2021-12,Banned Pending Investigation | Banned By Restriction
"Blake, Elly",Night Blood,,,2025-01,Banned | Banned Pending Investigation
"Blake, Jillian",Antisocial,,,2025-01,Banned | Banned Pending Investigation
"Blake, Kendare",Anna Dressed in Blood,,,2024-10,Banned
"Blake, Kendare",Five Dark Fates,,,2025-05,Banned By Restriction | Banned Pending Investigation
"Blake, Kendare",One Dark Throne,,,,Banned Pending Investigation
"Blake, Kendare",Queens of Fennbirn,,,,Banned Pending Investigation
"Blake, Kendare",Three Dark Crowns,,,,Banned Pending Investigation
"Blake, Kendare",Two Dark Reigns,,,,Banned Pending Investigation
"Blake, Olive",The Atlas Six,,,2024-12,Banned
"Blakemore, Kim Taylor",Bowery Girl,Banned in Libraries and Classrooms,,2021-11,
"Blakemore, M.T.",White Privilege,,,2024-08,Banned Pending Investigation | Banned
"Blanchetiere, Francois",Auguste Rodin: 1840-1917,,,2025-04,Banned
"Blessing, Blake",Pretty Lies: A Contemporary YA Romance,,,,Banned Pending Investigation
"Blessing, Blake",Ugly Truths,,,,Banned Pending Investigation
"Block, Francesca Lia",Echo,,,2025-01,Banned | Banned Pending Investigation
"Block, Francesca Lia",Goat Girls: Two Weetzie Bat Books,,,,Banned Pending Investigation
"Block, Francesca Lia",I Was a Teenage Fairy,,,,Banned Pending Investigation
"Block, Francesca Lia",Necklace of Kisses,,,,Banned Pending Investigation
"Block, Francesca Lia",Pretty Dead,,,2025-01,Banned | Banned Pending Investigation
"Block, Francesca Lia",Psyche in a Dress,,,,Banned Pending Investigation
"Block, Francesca Lia",Teen Spirit,,,,Banned Pending Investigation
"Block, Francesca Lia",The Rose and The Beast: Fairy Tales Retold,,,,Banned
"Block, Francesca Lia",Weetzie Bat,,,,Banned Pending Investigation
"Blohm, Craig E.",A History of Racism in America,,,,Banned
"Blohm, Craig E.",Holocaust Camps and Killing Centers,,,2022-09,Banned Pending Investigation
"Blohm, Craig E.",Holocaust Rescue and Liberation,,,2022-09,Banned Pending Investigation
"Blohm, Craig E.",Holocaust Resistance,,,2022-09,Banned Pending Investigation
"Bloom, Harold",Khaled Hosseini's The Kite Runner,,,,Banned Pending Investigation
"Bloom, Steven",The Stand-In,,,2024-10,Banned
"Bloor, Edward",Tangerine,,,,Banned
"Blount, Patty",Someone I Used to Know,Banned in Libraries and Classrooms,,2021-11,Banned | Banned Pending Investigation
"Blum, Deborah",Sex on the Brain: The Biological Differences Between Men and Women,,,,Banned Pending Investigation
"Blum, Jenna",Those Who Save Us,,,,Banned
"Blume, Judy","Are You There God? It's Me, Margaret",,,,Banned
"Blume, Judy",Forever...,Banned in Libraries | Banned Pending Investigation | Banned in Libraries and Classrooms,,2021-11,Banned Pending Investigation | Banned from Libraries and Classrooms | Banned from Libraries | Banned | Banned By Restriction
"Blume, Judy",Summer Sisters,,,2025-01,Banned | Banned Pending Investigation | Banned By Restriction
"Blume, Judy","Then Again, Maybe I Won't",Banned Pending Investigation,,2022-03,Banned | Banned Pending Investigation
"Blume, Judy",Tiger Eyes,,,,Banned Pending Investigation | Banned By Restriction
"Blume, Lesley M. M.",Tennyson,,,2023-06,Banned from Libraries and Classrooms
"Blumenthal, Karen",Jane Against the World: Roe v. Wade and the Fight for Reproductive Rights,Banned Pending Investigation,,2021-12,
"Blumenthal, Karen",Let Me Play: The Story of Title IX: The Law That Changed the Future of Girls in America,,,,Banned Pending Investigation
"Blundell, Judy",Strings Attached,,,,Banned Pending Investigation
"Blundell, Judy",What I Saw And How I Lied,,,2024-10,Banned By Restriction | Banned | Banned Pending Investigation
"Blythe, Carolita",Revenge of a Not-So-Pretty Girl,,,,Banned Pending Investigation
"Bobrick, Benson",Fight For Freedom: The American Revolutionary War,,,2025-02,Banned
"Bodden, Valerie",Man Walks on the Moon,,,2022-09,Banned from Libraries
"Bode, Janet",The Voices of Rape,,,2025-05,Banned
"Bodeen, S.A.",The Detour,,,2025-04,Banned | Banned Pending Investigation
"Boecker, Virginia",An Assassin's Guide to Love and Treason,,,2025-01,Banned By Restriction | Banned Pending Investigation
"Boelts, Maribeth",A Bike Like Sergio's,Banned in Classrooms,,2021-08,
"Boelts, Maribeth",Those Shoes,Banned in Classrooms,,2021-08,
"Bohjalian, Chris",Midwives,,,,Banned By Restriction
"Boie, Kirsten",The Princess Trap,,,2024-08,Banned By Restriction
"Bolden, Tonya",Changing the Equation: 50+ US Black Women in STEM,Banned in Classrooms,,2021-08,
"Bolden, Tonya",Inventing Victoria,,,,Banned By Restriction
"Bolden, Tonya",M.L.K.: Journey of a King,,,2022-10,Banned from Libraries
"Bolden, Tonya",Wake Up Our Souls: A Celebration of Black American Artists,,,2025-04,Banned
"Bolden,Tonya",Portraits of African-American Heroes,,,,Banned By Restriction
"Bolin, Carrie",Ripley's Believe it or Not! 100 Years,,,,Banned Pending Investigation
"Bolin, Carrie",Ripley's Believe It Or Not! A Century of Strange!,,,,Banned Pending Investigation
"Bolkovac, Kathryn","The Whistleblower: Sex Trafficking, Military Contractors, and One Woman's Fight for Justice",,"Lynn, Cari",,Banned By Restriction
"Bolognese, Don",Charcoal & Pastels,,"Raphael, Elaine",2025-02,Banned
"Bolton, Lesley","The Everything Classical Mythology Book: Greek and Roman Gods, Goddesses, Heroes, and Monsters from Ares to Zeus",,Everything,2025-04,Banned
"Bonanno, Bill",Bound by Honor: A Mafioso's Story,,,,Banned By Restriction
"Bongiovanni, Archie",A Quick & Easy Guide to They/Them Pronouns,Banned in Libraries and Classrooms,"Jimerson, Tristan",2022-02,Banned By Restriction | Banned Pending Investigation | Banned
Bongiovanni. Archie,The Stonewall Riots: Making a Stand for LGBTQ Rights,,,2024-08,Banned By Restriction | Banned
"Bonham Carter, Charlotte",The Contemporary Art Book: The Essential Guide to 200 of the World's Most Widely Exhibited Artists,,"Hodge, David; Cork, Richard",2025-03,Banned
"Bonilla-Silva, Eduardo",Racism Without Racists: Color-Blind Racism and the Persistence of Racial Inequality in America,,,,Banned
"Bonsignore, Gregory",That's Betty!: The Story of Betty White,,,2023-04,Banned Pending Investigation
"Boodram, Shannon T.",Laid: Young People's Experience with Sex in an Easy-Access Culture,,,2024-08,Banned
"Boorman, Kate A.",Darkthaw,,,,Banned Pending Investigation
"Boorman, Kate A.",Winterkill,,,,Banned Pending Investigation
"Boose, Greg",Achilles,,,,Banned Pending Investigation
"Booth, Coe",Bronxwood,,,2025-01,Banned | Banned - Professionally Weeded | Banned Pending Investigation | Banned By Restriction
"Booth, Coe",Caprice,,,,Banned Pending Investigation
"Booth, Coe",Kendra,,,2024-12,Banned | Banned Pending Investigation
"Booth, Coe",Tyrell,,,2024-09,Banned Pending Investigation | Banned | Banned By Restriction
"Borgert-Spaniol, Megan",#MeToo: Unveiling Abuse,,,2024-08,Banned
"Borinsky, Agnes",Sasha Masha,Banned Pending Investigation,,2022-02,Banned By Restriction | Banned
Born This Way Foundation Reporters,Channel Kindness: Stories of Kindness and Community,Banned Pending Investigation,Lady Gaga,2022-02,
"Bornstein, Kate",Gender Outlaws: The Next Generation,,"Bergman, S. Bear",2022-10,Banned from Libraries and Classrooms
"Borrowman, Jerry",Invisible Heroes of World War II: Extraordinary Wartime Stories of Ordinary People,,,2024-11,Banned
"Bors, Matt","Be Gay, Do Comics: Queer History, Memoir, and Satire from The Nib",Banned in Libraries and Classrooms,,2022-02,
"Boslaugh, Sarah",Transgender Health Issues,,,2024-08,Banned By Restriction
"Boss, Sarah",Mary's Story,,,2023-06,Banned from Libraries and Classrooms
"Boteju, Tanya",Bruised,Banned Pending Investigation,,2022-02,
"Boteju, Tanya","Kings, Queens, and In-Betweens",Banned Pending Investigation,,2022-02,
"Bouchard, Elizabeth",The Need to Know Library: Everything You Need to Know About Sexual Harassment,,,,Banned Pending Investigation
"Boulley, Angeline",Firekeeper's Daughter,,,2024-10,Banned | Banned Pending Investigation
"Bourne, Shakirah","Allies: Real Talk About Showing Up, Screwing Up, And Trying Again",Banned Pending Investigation,"Levy, Dana Alison",2022-02,Banned
"Bow, Erin",The Scorpion Rules,,,,Banned Pending Investigation
"Bowen, Richard A.",Van Gogh,,"Van Gogh, Vincent",2025-02,Banned
"Bowie, Walter Russell",The Bible Story for Boys and Girls,,,2023-06,Banned from Libraries and Classrooms
"Bowker, John",God: A Brief History,,,2025-04,Banned
"Bowler, Tim",Blade,,,2024-11,Banned By Restriction
"Bowler, Tim",Endgame,,,2024-11,Banned By Restriction
"Bowler, Tim",Enemies,,,2024-11,Banned By Restriction
"Bowler, Tim",Firestorm (TB),,,2024-11,Banned By Restriction
"Bowler, Tim",Flight,,,2024-11,Banned By Restriction
"Bowles, David",The Witch Owl Parliament,Banned Pending Investigation,Raúl the Third,2022-02,
"Bowling, Dusti",Insignificant Events In The Life Of A Cactus,,,,Banned Pending Investigation
"Bowman, Akemi Dawn",Starfish (ADB),,,2025-01,Banned | Banned By Restriction
"Bowman, Akemi Dawn",Summer Bird Blue,Banned Pending Investigation,,2022-02,
"Boyd, Maria",Will,Banned Pending Investigation,,2021-12,
"Boylan, Jennifer Finney",She's Not There: A Life in Two Genders,,,,Banned
"Boyle, T.C.",The Best American Short Stories 2015,,,,Banned Pending Investigation
"Boyle, T.C.",The Road to Wellville,,,,Banned Pending Investigation
"Bracken, Alexandra",In the Afterlight,,,2023-03,Banned from Libraries | Banned
"Bracken, Alexandra",Passenger,,,2023-03,Banned from Libraries | Banned
"Bracken, Alexandra",The Darkest Legacy,,,2023-03,Banned from Libraries
"Bracken, Alexandra",The Darkest Minds,,,,Banned Pending Investigation
"Bracken, Alexandra",Wayfarer,,,2023-03,Banned from Libraries | Banned
"Bradbury, Jennifer",A Moment Comes,,,2025-02,Banned
"Bradbury, Ray",Fahrenheit 451,,,2023-03,Banned from Libraries | Banned
"Bradbury, Ray",The Martian Chronicles,,,,Banned Pending Investigation
"Braden, Ann",Flight of the Puffin,,,2024-08,Banned By Restriction | Banned | Banned Pending Investigation
"Braden, Ann",The Benefits of Being an Octopus,Banned in Libraries,,2022-04,Banned By Restriction
"Bradford, Barbara Taylor",Emma's Secret,,,,Banned By Restriction
"Bradford, Ernle Dusgate Selby",Cleopatra,,,,Banned Pending Investigation
"Bradley, Alan",The Sweetness at the Bottom of the Pie,,,2023-03,Banned from Libraries
"Bradley, Eden",The Dark Garden,,,,Banned Pending Investigation
"Bradley, Kimberly Brubaker",Fighting Words,,,2025-01,Banned By Restriction | Banned Pending Investigation | Banned
"Bradley, Kimberly Brubaker",The War that Saved My Life,,,,Banned Pending Investigation
"Bradley, Marion Zimmer",The Mists of Avalon,,,,Banned By Restriction
"Bragg, Juliana",The Story of Jonah (JB),,,2023-06,Banned from Libraries and Classrooms
"Brainard, Cecilia Manguerra",When the Rainbow Goddess Wept,,,,Banned Pending Investigation
"Brande, Robin",Fat Cat,,,,Banned Pending Investigation
"Brandon, James","Ziggy, Stardust and Me",Banned Pending Investigation,,2021-12,Banned
"Branfman, Jonathan","You Be You!: A Kid's Guide to Gender, Sexuality, and Family",,,2024-08,Banned By Restriction | Banned
"Brannen, Sarah",Uncle Bobby's Wedding,,,2023-02,Banned Pending Investigation
"Branson, Mary Kinney",Murder in Mayberry: Death and Mayhem in a Small Town,,"Branson, Jack",,Banned By Restriction
"Brant, Wendy",Zenn Diagram,,,2025-01,Banned | Banned Pending Investigation
"Brashares, Ann",Forever in Blue: The Fourth Summer of the Sisterhood,,,2024-10,Banned By Restriction | Banned Pending Investigation
"Brashares, Ann",Girls In Pants: The Third Summer Of The Sisterhood,,,2024-12,Banned By Restriction
"Brashares, Ann",Sisterhood of the Traveling Pants,,,,Banned By Restriction | Banned Pending Investigation
"Brashares, Ann",The Here and Now,,,2025-01,Banned | Banned Pending Investigation
"Brashares, Ann",The Last Summer (of You and Me),,,,Banned Pending Investigation
"Brashares, Ann",The Second Summer Of The Sisterhood,,,2025-01,Banned | Banned By Restriction
"Brashares, Ann",Whole Thing Together,,,,Banned Pending Investigation
"Braswell, Kenneth","Daddy, There's A Noise Outside",Banned in Classrooms,,2021-08,
"Braswell, Liz",As Old as Time: A Twisted Tail,,,,Banned By Restriction
Braun Publishing,European Architecture in Details,,,2024-09,Banned
"Braun, Eric",Booker T. Washington: Gran educador Norteamericano,,,2024-08,Banned
"Braun, Eric",Cesar Chavez: Fighting for Farmworkers,,,2024-08,Banned
"Braun, Eric",Protest Movements: Then and Now,Banned in Libraries and Classrooms,,2022-03,Banned Pending Investigation
"Braun, Eric",Taking Action for Civil and Political Rights,,,,Banned Pending Investigation
"Braun, Eric",The Gay Rights Movement,,,,Banned
"Bray, Libba",A Great and Terrible Beauty,,,2024-08,Banned | Banned By Restriction | Banned Pending Investigation
"Bray, Libba",Beauty Queens,,,2025-06,Banned Pending Investigation | Banned By Restriction | Banned
"Bray, Libba",Before the Devil Breaks You,,,2025-01,Banned | Banned - Professionally Weeded | Banned Pending Investigation
"Bray, Libba",Lair of Dreams,Banned Pending Investigation,,2022-02,Banned By Restriction | Banned
"Bray, Libba",Rebel Angels,,,2025-05,Banned By Restriction
"Bray, Libba",The Diviners,,,2025-05,Banned | Banned Pending Investigation
"Bray, Libba",The King of Crows,,,,Banned
"Bray, Libba",The Sweet Far Thing,,,2024-10,Banned | Banned By Restriction
"Brecher, Erwin",Are There Rainbows on the Moon: Over 200 Weird and Wonderful Science Questions Answered,,,2024-08,Banned
"Breguet, Amy",Chlamydia,,,,Banned Pending Investigation
"Brennan, Michael",Electric Girl,,,,Banned Pending Investigation
"Brennan, Sara Rees",Daughter of Chaos,,,2024-10,Banned
"Brennan, Sara Rees",Path of Night,,,2024-10,Banned
"Brennan, Sara Rees",Season of the Witch (SRB),,,2024-10,Banned
"Brennan, Sarah Rees",In Other Lands,,,2024-08,Banned By Restriction | Banned
"Brennan, Sarah Rees",The Demon's Surrender,,,,Banned Pending Investigation
"Brenner, Barbara",Noah and the Flood,,,2023-06,Banned from Libraries and Classrooms
"Brewer, Derek",Chaucer and His World,,,,Banned Pending Investigation
"Brewer, Heather",The Chronicles of Vladimir Tod,,,2025-02,Banned
"Brewer, Steve",Monkey Man,,,,Banned Pending Investigation
"Brewer, Z",Into the Real,Banned Pending Investigation,,2021-12,Banned By Restriction | Banned Pending Investigation
"Brezenoff, Steven",The Absolute Value of -1,,,,Banned Pending Investigation
"Brezina, Corona",Coming Out As Transgender,,,2024-08,Banned Pending Investigation | Banned By Restriction | Banned
"Brezina, Corona",Deadly School and Campus Violence,,,2025-02,Banned
Brianna Bourne,You and Me at the End of the World,,,,Banned Pending Investigation
"Bridgers, Sue Ellen",Sara Will,,,,Banned Pending Investigation
"Bridges, Robin",Dreaming of Antigone,,,,Banned Pending Investigation
"Bridges, Ruby",This Is Your Time,Banned Pending Investigation | Banned in Libraries,,2021-12,
"Bridges, Ruby",Through My Eyes,,,,Banned By Restriction
"Brierley, Anthony",Explorers of the Ancient World,,,2025-02,Banned
"Brill, Stephanie A.",The Transgender Child: Revised & Updated Edition: A Handbook for Parents and Professionals Supporting Transgender and Non-binary Children,,"Pepper, Rachel",,Banned
"Brill, Stephanie A.",The Transgender Teen: A Handbook for Parents and Professionals Supporting Transgender and Non-binary Teens,,"Kenney, Lisa",,Banned
"Brindley, John",The Rule of Claw,,,,Banned Pending Investigation
"Brink, Carol Ryrie",Caddie Woodlawn,,,,Banned Pending Investigation
"Britt, Paige",The Lost Track of Time,,,2025-03,Banned
"Britton, Felicity",Nicki Minaj: Conquering Hip Hop,,,,Banned Pending Investigation
"Brock, Rose",Hope Nation: YA Authors Share Personal Moments of Inspiration,,"Abawi, Atia; Bryant, Howard; Carter, Ally; Condie, Ally; Gonzalez, Christina Diaz; Garber, Romina; Gregorio, I.W.; Hart, Kate; Kiely, Brendan; London, Alex; Lu, Marie; Ahdieh, Renée; Reynolds, Jason; Stone, Nic; Thomas, Angie; Sanchez, Jenny Torres; Yoon, Nicola; Forman, Gayle; Levithan, David; Zentner, Jeff; Saeed, Aisha; Dashner, James; Bray, Libba; Murphy, Julie",,Banned Pending Investigation
"Brockenbrough, Martha",The Game of Love and Death,,,,Banned
"Brockmann, Suzanne",Over the Edge,,,,Banned By Restriction
"Brodsky, Beverly",The Story of Job,,,2023-06,Banned from Libraries and Classrooms
"Brodsky, Daniella",One Trick Pony,,,,Banned Pending Investigation
"Brodsky, Demetra",Dive Smack,,,2025-05,Banned | Banned Pending Investigation
"Brody, Jessica",Boys of Summer,,,,Banned Pending Investigation
"Brommer, Gerald F.",Discovering Art History,,,2024-08,Banned By Restriction
"Bronski, Michael",A Queer History of the United States,,,,Banned Pending Investigation | Banned
"Bronski, Michael",You Can Tell Just By Looking: And 20 Other Myths About LGBT Life and People,,"Pellegrini, Ann; Amico, Michael",,Banned
"Bronte, Emily",Wuthering Heights,,,,Banned By Restriction
"Brooks, Geraldine",Year of Wonders: A Novel of the Plague,,,,Banned By Restriction
"Brooks, Kevin",Black Rabbit Summer,Banned in Libraries | Banned Pending Investigation,,2021-12,Banned | Banned Pending Investigation
"Brooks, Kevin",Candy,,,,Banned | Banned By Restriction
"Brooks, Kevin",Dogchild,,,2024-10,Banned
"Brooks, Kevin",Lucas,,,2025-05,Banned By Restriction | Banned Pending Investigation
"Brooks, Kevin",The Bunker Diary,,,,Banned Pending Investigation
"Brooks, Max",World War Z: An Oral History of the Zombie War,,,,Banned By Restriction | Banned Pending Investigation
"Brosgol, Vera",Anya's Ghost,,,,Banned Pending Investigation
"Brothers, Meagan",Debbie Harry Sings in French,,,,Banned
"Brown, Alan",Jesus and Christianity,,,2025-02,Banned
"Brown, Austin Channing",I'm Still Here: Black Dignity in a World Made For Whiteness,,,,Banned
"Brown, Dan",Angels and Demons,,,,Banned By Restriction
"Brown, Dan",The Da Vinci Code,,,2024-08,Banned By Restriction
"Brown, Dan",The Lost Symbol,,,2025-01,Banned | Banned Pending Investigation
"Brown, Dinah",Who Is Malala Yousafzai?,Banned in Classrooms,,2021-08,
"Brown, Don",The Great American Dust Bowl: A Graphic Novel,,,2025-03,Banned
"Brown, Echo",Black Girl Unlimited: The Remarkable Story of a Teenage Wizard,Banned in Libraries | Banned Pending Investigation,,2021-11,Banned Pending Investigation | Banned
"Brown, Erik J.",All That's Left in the World,,,,Banned
"Brown, Jason Robert",The Bridges of Madison County (Musical Score),,,,Banned Pending Investigation
"Brown, Jaye Robin",Georgia Peaches and Other Forbidden Fruit,,,2024-09,Banned By Restriction | Banned | Banned Pending Investigation
"Brown, Jaye Robin",The Key to You and Me,Banned Pending Investigation,,2022-02,Banned By Restriction
"Brown, Jaye Robin",The Meaning of Birds,Banned in Libraries,,2021-12,Banned | Banned Pending Investigation
"Brown, Jennifer",Hate List,,,2024-11,Banned
"Brown, Jennifer",Thousand Words,,,2025-01,Banned | Banned Pending Investigation
"Brown, Lars",Penultimate Quest,,,2022-09,Banned Pending Investigation
"Brown, Lisa",The Phantom Twin,,,2022-10,Banned from Libraries
"Brown, Marc",Arthur's Birthday,,,,Banned Pending Investigation
"Brown, Margaret Wise",Christmas in the Barn,,,2023-06,Banned from Libraries and Classrooms
"Brown, Monica",Lola Levine and the Ballet Scheme,Banned in Classrooms,,2021-08,
"Brown, Monica",Lola Levine and the Halloween Scream,Banned in Classrooms,,2021-08,
"Brown, Monica",Lola Levine and the Vacation Dream,Banned in Classrooms,,2021-08,
"Brown, Monica",Lola Levine Is Not Mean!,Banned in Classrooms,,2021-08,
"Brown, Monica",Lola Levine Meets Jelly and Bean,Banned in Classrooms,,2021-08,
"Brown, Monica",Lola Levine: Drama Queen,Banned in Classrooms,,2021-08,
"Brown, Monica",Marisol McDonald Doesn't Match,Banned in Classrooms | Banned Pending Investigation,,2021-08,
"Brown, Monica",My Name Is Celia: The Life Of Celia Cruz / Me Llamo Celia: La Vida de Celia Cruz,Banned in Classrooms,,2021-08,
"Brown, Monica","Pele, King of Soccer/Pele, El rey del futbol: Bilingual Spanish-English",Banned in Classrooms,,2021-08,
"Brown, Monica","Tito Puente, Mambo King/Tito Puente, Rey del Mambo",Banned in Classrooms,,2021-08,
"Brown, Peter",Fred Gets Dressed,,,2022-07,Banned Pending Investigation | Banned
"Brown, Pierce",Pierce Brown's Red Rising: Sons of Ares - An Original Graphic Novel,,"Hoskin, Rik",2022-09,Banned Pending Investigation
"Brown, Pierce",Red Rising,,,,Banned By Restriction
"Brown, Sandra",A Secret Splendor,,,,Banned Pending Investigation
"Brown, Sandra",Above and Beyond,,,,Banned Pending Investigation
"Brown, Sandra",In a Class by Itself,,,,Banned Pending Investigation
"Brown, Sandra",Lethal,,,,Banned By Restriction
"Brown, Sandra",Seduction by Design,,,,Banned Pending Investigation
"Brown, Sandra",Send No Flowers,,,,Banned Pending Investigation
"Brown, Sandra",The Crush,,,,Banned
"Brown, Sandra",Unspeakable,,,,Banned Pending Investigation
"Brown, Sandra",White Hot,,,,Banned
"Brown, Savannah",The Truth about Keeping Secrets,Banned Pending Investigation,,2021-12,
"Brown, Scott",Xl,,,,Banned By Restriction
"Brown, Tameka Fryer",Around Our Way on Neighbors' Day,Banned in Classrooms,,2021-08,
"Brown, Tracy",Frequently Asked Questions About Same-Sex Marriage and When A Parent is Gay,,,,Banned Pending Investigation
"Brown-Wood, JaNay",Imani's Moon,Banned in Classrooms,,2021-08,
"Browne, Mahogany L.",Chlorine Sky,,,2024-10,Banned
"Browne, Mahogany L.",Woke: A Young Poets Call to Justice,,"Acevedo, Elizabeth; Gatwood, Olivia",2022-09,Banned Pending Investigation | Banned By Restriction | Banned
"Brubaker, Ed",Kill or be Killed,,,,Banned Pending Investigation
"Bruchac, Joseph",Crazy Horse's Vision,Banned Pending Investigation,,2022-01,
"Bruchac, Joseph",Eagle Song,Banned Pending Investigation,,2022-01,
"Bruchac, Joseph",Killer of Enemies,,,2023-03,Banned from Libraries
"Bruchac, Joseph",Squanto's Journey: The Story of the First Thanksgiving,Banned in Classrooms,,2021-08,
"Bruchac, Joseph",The First Strawberries,Banned Pending Investigation,,2022-01,
"Bruchac, Joseph",Thirteen Moons on Turtle's Back: A Native American Year of Moons,Banned Pending Investigation,"London, Jonathan",2022-01,
"Bruchac, Joseph",Two Roads,Banned Pending Investigation,,2022-01,Banned Pending Investigation
"Brueggemann, Wibke",Cupid's Revenge,,,2025-02,Banned Pending Investigation
"Brueggemann, Wibke",Love Is for Losers,Banned Pending Investigation,,2022-02,Banned Pending Investigation
"Bruel, Nick",A Bad Kitty Christmas,,,,Banned Pending Investigation
"Bruel, Nick",Bad Kitty Goes to the Vet,,,2024-08,Banned
"Brugman, Alyssa",Alex As Well,Banned Pending Investigation,,2021-12,Banned By Restriction | Banned
"Bryan, Ali",The Hill,,,2022-09,Banned Pending Investigation
"Bryan, Bethany",Social Change in the Twenty-First Century,,,2024-08,Banned By Restriction
"Bryant, Jen",A Splash of Red: The Life and Art of Horace Pippin,Banned in Classrooms,,2021-08,
"Bryant, Thema",The Antiracism Handbook: Practical Tools to Shift Your Mindset and Uproot Racism in Your Life and Community,,Arrington. Edith G.,,Banned
"Brynie, Faith Hickman",101 Questions About Reproduction: Or How 1 + 1 = 3 or 4 or More,Banned in Libraries,,2021-12,Banned from Libraries
"Brynie, Faith Hickman","101 Questions About Sex and Sexuality: With Answers for the Curious, Cautious, and Confused",Banned in Libraries,,2021-12,Banned Pending Investigation | Banned
"Bryson, Bill",The Body: A Guide for Occupants,,,2024-08,Banned | Banned By Restriction
"Buchholz, Elke Linda",Art: A World History,,"Kaeppele, Susanne; Hille, Karoline; Stotland, Irina; Buhler, Gerhard",2022-09,Banned Pending Investigation
"Buchignani, Walter",Tell No One Who You Are: The Hidden Childhood of Regine Miller,,"Miller, Regine",2024-08,Banned By Restriction
"Buchta, Heather",Beyond the Break,,,,Banned Pending Investigation
"Buck, Pearl S.",The Good Earth (Graphic Adaptation),,,2022-08,Banned from Libraries and Classrooms
"Buckey, A. W.",Body Image and Dysmorphia,,,2024-08,Banned By Restriction
"Buckey, A.W.",LGBT Intolerance,,,2024-08,Banned By Restriction | Banned
"Buckley Jr., James",Who Are Venus and Serena Williams?,Banned in Classrooms,,2021-08,
"Buckley Jr., James",Who Was Jesse Owens?,Banned in Classrooms,,2021-08,
"Buckley, Michael",Undertow,,,2025-05,Banned | Banned Pending Investigation
"Buford, Candace",Kneel,,,,Banned Pending Investigation
"Bugliosi, Vincent",Helter Skelter: The True Story of the Manson Murders,,"Gentry, Curt",,Banned By Restriction
"Bui, Thi",The Best We Could Do: An Illustrated Memoir,,,2022-09,Banned Pending Investigation
"Bull, Norman J.",100 Bible Stories,,,,Banned
"Bulla, Clyde Robert",Eagle Feather,Banned Pending Investigation,,2022-01,
"Bulla, Michael Gray",If I Can Give You That,,,,Banned
"Bullard, Lisa",Different Can Be Great: All Kinds of Families,,,,Banned By Restriction | Banned Pending Investigation
"Bullard, Lisa","My Family, Your Family",,,2024-08,Banned By Restriction
"Bunch, Bryan",Diseases,,,,Banned Pending Investigation
"Bunker, Lisa",Felix Yz,,,,Banned Pending Investigation
"Bunker, Lisa",Rachel Levine,,"Clinton, Chelsea",,Banned
"Bunker, Lisa",Zenobia July,Banned Pending Investigation,,2021-12,Banned Pending Investigation | Banned By Restriction | Banned
"Bunn, Cullen","Bone Parish, Vol. 1",,,2022-09,Banned Pending Investigation
"Bunn, Cullen","Bone Parish, Vol. 2",,,2022-09,Banned Pending Investigation
"Bunn, Cullen","Bone Parish, Vol. 3",,,2022-09,Banned Pending Investigation
"Bunting, Eve",A Day's Work,Banned Pending Investigation,,2022-01,
"Bunting, Eve",One Green Apple,Banned in Classrooms | Banned Pending Investigation,,2021-08,
"Bunting, Eve",Smoky Night,Banned in Classrooms,,2021-08,
"Burcaw, Shane",Laughing at My Nightmare,,,2024-10,Banned | Banned Pending Investigation
"Burch, Christian","Hit the Road, Manny",,,,Banned
"Burch, Christian",The Manny Files,,,,Banned
"Burd, Nick",The Vast Fields of Ordinary,Banned Pending Investigation,,2021-12,Banned Pending Investigation | Banned By Restriction
"Burdett, John",Bangkok 8,,,,Banned Pending Investigation
"Burg, Ann E.",Serafina's Promise,,,2025-02,Banned
"Burgan, Michael",Benedict Arnold: American Hero and Traitor,,,2024-08,Banned
"Burgan, Michael",Life as A Gladiator: An Interactive History Adventure,,,2025-02,Banned
"Burgan, Michael",The Alamo,,,2025-02,Banned
"Burgan, Michael",The Curse of King Tut's Tomb,,,,Banned Pending Investigation
"Burgan, Michael",We the People: The Trail of Tears,,,2025-02,Banned
"Burgess, Anthony","A Clockwork Orange: Authoritative Text, Backgrounds and Contexts Criticism",,"Burgess, Anthony",2025-06,Banned
"Burgess, Anthony",Clockwork Orange,,,2024-08,Banned | Banned By Restriction | Banned Pending Investigation
"Burgess, Matthew",Drawing on Walls: A Story of Keith Haring,,,,Banned Pending Investigation
"Burgess, Melvin",Doing It,,,,Banned By Restriction
"Burgess, Melvin",Nicholas Dane,,,,Banned
"Burgess, Melvin",Smack,,,,Banned Pending Investigation
"Burgess, Melvin",The Hit,,,2025-06,Banned Pending Investigation | Banned
"Burgess, Rebecca",How to Be Ace: A Memoir of Growing Up Asexual,Banned Pending Investigation,,2022-03,Banned Pending Investigation
"Burgess, Rebecca",Speak Up!,,,2024-08,Banned | Banned Pending Investigation
"Burke, James Lee",Heaven's Prisoners,,,,Banned Pending Investigation
"Burke, James Lee",Swan Peak,,,,Banned Pending Investigation
"Burke, James Lee",The Neon Rain,,,,Banned Pending Investigation | Banned By Restriction
"Burkhart, Kiersi",Castle of Lies,,,2024-10,Banned
"Burling, Alexis",Healthy Romantic Relationships,,,2024-11,Banned By Restriction
"Burling, Alexis",Unplanned Pregnancies,,,2025-05,Banned
"Burnie, David",Tree,,,,Banned Pending Investigation
"Burningham, John",There's Going To Be A Baby,,,2024-12,Banned
"Burns, Kate",Gay Rights Activists,,,,Banned Pending Investigation
"Burns, Kate",Gays and Lesbians,,,,Banned Pending Investigation
"Burns, Laura J.",Sanctuary Bay,,,,Banned Pending Investigation
"Burns, Olive Ann",Cold Sassy Tree,,,,Banned Pending Investigation
"Burnside, John",The Glister,,,,Banned By Restriction
"Buronson, Tetsuo Hara",Fist of the North Star,,,2024-10,Banned
"Burris, Jon",At Work: Twenty-five Contemporary Chinese Artists,,,2024-08,Banned
"Burroughs, Augusten",Dry,,,,Banned Pending Investigation
"Burroughs, Augusten",Running with Scissors: A Memoir,,,2025-06,Banned Pending Investigation | Banned By Restriction | Banned
"Burton, Jessie",Medusa,,,2022-09,Banned Pending Investigation | Banned
"Bushnell, Candace",Rules for Being a Girl,,"Cotugno, Katie",2025-04,Banned
"Bushnell, Candace",Summer and the City,,,2025-01,Banned | Banned Pending Investigation
"Bushnell, Candace",The Carrie Diaries,,,2025-01,Banned | Banned Pending Investigation
"Butcher, Jim",Cursor's Fury,,,2025-06,Banned Pending Investigation | Banned
"Butcher, Jim",Grave Peril,,,,Banned Pending Investigation
"Butcher, Kristin",Girls Like Me (KB),,,,Banned
"Butcher, Kristin",The Trouble With Liberty,,,,Banned By Restriction
"Butler, Connie",Modern Women: Women Artists at the Museum of Modern Art,,"Schwartz, Alexandra; Pollock, Griselda; D'Souza, Aruna",2024-11,Banned
"Butler, Dori Hillestad",King & Kayla and the Case of Found Fred,Banned in Classrooms,,2021-08,
"Butler, Dori Hillestad",King & Kayla and the Case of the Gold Ring,Banned in Classrooms,,2021-08,
"Butler, Dori Hillestad",King & Kayla and the Case of the Lost Library Book,Banned in Classrooms,,2021-08,
"Butler, Dori Hillestad",King & Kayla and the Case of the Lost Tooth,Banned in Classrooms,,2021-08,
"Butler, Dori Hillestad",King & Kayla and the Case of the Missing Dog Treats,Banned in Classrooms,,2021-08,
"Butler, Dori Hillestad",King & Kayla and the Case of the Mysterious Mouse,Banned in Classrooms,,2021-08,
"Butler, Dori Hillestad",King & Kayla and the Case of the Secret Code,Banned in Classrooms,,2021-08,
"Butler, Dori Hillestad",King & Kayla and the Case of the Unhappy Neighbor,Banned in Classrooms,,2021-08,
"Butler, Octavia E.",Bloodchild and Other Stories,,,,Banned Pending Investigation
"Butler, Octavia E.",Fledgling,,,2024-11,Banned By Restriction
"Butler, Octavia E.",Kindred,,Killer Spirit,,Banned Pending Investigation | Banned By Restriction
"Butler, Octavia E.",Kindred: A Graphic Novel Adaptation,,"Duffy, Damian",2022-09,Banned Pending Investigation | Banned
"Butler, Octavia E.",Parable of the Sower,,,2022-10,Banned from Libraries | Banned
"Butler, Octavia E.",Parable of the Talents,,,2022-10,Banned from Libraries | Banned
"Butler, Octavia E.",Speech Sounds,,,,Banned Pending Investigation
"Buxbaum, Julie",Tell Me Three Things,,,2023-03,Banned from Libraries | Banned | Banned By Restriction | Banned Pending Investigation
"Byers, Ann","Auschwitz, Bergen-Belsan, Treblinka: The Holocaust Camps",,,2025-02,Banned
"Byers, Ann",Sexually Transmitted Diseases: A Hot Issue,,,,Banned Pending Investigation
"Byers, Ann",Teens and Pregnancy: A Hot Issue,,,,Banned Pending Investigation
"Byers, Grace",I Am Enough,Banned in Classrooms,,2021-08,
"Bynum, Betty K.",I'm a Pretty Little Black Girl!,Banned in Classrooms,,2021-08,
"Cabot, Meg",Abandon,,,2025-01,Banned By Restriction | Banned Pending Investigation
"Cabot, Meg",Airhead,,,2025-01,Banned By Restriction
"Cabot, Meg",All-American Girl,,,,Banned Pending Investigation | Banned
"Cabot, Meg",Avalon High,,,2025-01,Banned By Restriction
"Cabot, Meg",Being Nikki,,,2025-01,Banned By Restriction | Banned Pending Investigation
"Cabot, Meg",Code Name Cassandra,,,2025-04,Banned By Restriction
"Cabot, Meg",Darkest Hour,,,2025-04,Banned By Restriction
"Cabot, Meg",Every Boy's Got One,,,2025-02,Banned
"Cabot, Meg",How to Be Popular,,,,Banned Pending Investigation
"Cabot, Meg",Insatiable,,,,Banned Pending Investigation
"Cabot, Meg",Jinx,,,2025-01,Banned By Restriction | Banned Pending Investigation
"Cabot, Meg",No Judgements,,,2025-02,Banned
"Cabot, Meg",Party Princess,,,2025-02,Banned
"Cabot, Meg",Princess in Love,,,2025-01,Banned By Restriction | Banned Pending Investigation
"Cabot, Meg",Princess in Pink,,,2025-02,Banned By Restriction
"Cabot, Meg",Princess in the Spotlight,,,2025-01,Banned By Restriction | Banned Pending Investigation
"Cabot, Meg",Princess in Training,,,,Banned Pending Investigation
"Cabot, Meg",Princess Lessons,,,2025-04,Banned Pending Investigation
"Cabot, Meg",Princess Mia,,,2025-04,Banned Pending Investigation
"Cabot, Meg",Princess on the Brink,,,2025-02,Banned | Banned Pending Investigation
"Cabot, Meg",Project Princess,,,2025-04,Banned Pending Investigation
"Cabot, Meg",Queen of Babble,,,,Banned Pending Investigation
"Cabot, Meg",Ready or Not,Banned in Libraries,,2021-11,Banned from Libraries and Classrooms | Banned Pending Investigation | Banned | Banned By Restriction
"Cabot, Meg",Reunion,,,2025-04,Banned Pending Investigation
"Cabot, Meg",Royal Wedding,,,2025-02,Banned
"Cabot, Meg",Runaway,,,2025-04,Banned By Restriction
"Cabot, Meg",Size 12 Is Not Fat,,,,Banned Pending Investigation
"Cabot, Meg",Teen Idol,,,,Banned Pending Investigation
"Cabot, Meg",The Princess Diaries,,,,Banned Pending Investigation
"Cabot, Meg",The Princess Present: A Princess Diaries Book,,,2025-04,Banned Pending Investigation
"Cabot, Meg",Underworld,,,2025-02,Banned
"Cabot, Meg",Valentine Princess,,,2025-02,Banned By Restriction
"Cabot, Meg",Vanished: Books One & Two: When Lightning Strikes; Code Name Cassandra,,,2025-04,Banned By Restriction
"Cabot, Meg",Victoria and the Rogue,,,2022-10,Banned from Libraries and Classrooms | Banned Pending Investigation
"Cabot, Meggin",The Boy Next Door,,,,Banned Pending Investigation
"Cabrera, Cozbi A.",My Hair is a Garden,Banned in Classrooms,,2021-08,
"Cadnum, Michael",Edge,,,2025-02,Banned
"Cagan, Kayla",Piper Perish,,,,Banned Pending Investigation
"Cain, Chelsea",Man-Eaters,,,2025-04,Banned
"Calame, Don",Call the Shots,,,2024-08,Banned
"Calame, Don",Swim the Fly,,,,Banned Pending Investigation
"Caldwell, Ian",The Rule of Four,,,,Banned Pending Investigation
"Caldwell, Patrice",A Phoenix First Must Burn,,,2025-04,Banned | Banned By Restriction
"Caldwell, S. A.",100 Women Who Made History: Remarkable Women Who Shaped Our World,,,,Banned Pending Investigation
"Caldwell, Stella",Pride: An Inspirational History of the LGBTQ+ Community,,,2024-08,Banned By Restriction | Banned
"Caletti, Deb",A Heart in a Body in the World,,,2024-08,Banned | Banned By Restriction | Banned Pending Investigation
"Caletti, Deb","Girl, Unframed",,,2024-10,Banned | Banned Pending Investigation
"Caletti, Deb","Honey, Baby, Sweetheart",,,,Banned Pending Investigation
"Caletti, Deb",One Great Lie,,,2025-02,Banned | Banned Pending Investigation
"Caletti, Deb",Plan A,,,2024-08,Banned | Banned By Restriction
"Caletti, Deb",Stay,,,,Banned Pending Investigation
"Caletti, Deb",The Epic Story of Every Living Thing,,,,Banned Pending Investigation
"Caletti, Deb",The Fortunes of Indigo Skye,,,,Banned Pending Investigation
"Caletti, Deb",The Last Forever,,,,Banned Pending Investigation
"Caletti, Deb",The Nature of Jade,,,2025-02,Banned By Restriction
"Caletti, Deb",The Queen of Everything,,,2025-02,Banned | Banned Pending Investigation
"Caletti, Deb",The Secret Life of Prince Charming,,,,Banned Pending Investigation
"Caletti, Deb",The Six Rules of Maybe,,,2025-02,Banned By Restriction | Banned Pending Investigation
"Caletti, Deb",The Story of Us,,,2025-02,Banned | Banned Pending Investigation
"Callen, Rocky",Ab(solutely) Normal: Short Stories that Smash Mental Health Stereotypes,,"Carpenter, Nora Shalaway; Acosta, Mercedes; Bao, Karen; Bird, James; Dow, Alechia; Downes, Patrick; Drury, Anna; Grimes, Nikki; Howlett, Val; Kastin, Jonathan; Patel, Sonia; Pixley, Marcella; Quintero, Isabel; Stewart, Ebony",,Banned
"Callender, Kacen",Felix Ever After,Banned Pending Investigation,,2021-12,Banned from Libraries and Classrooms | Banned Pending Investigation | Banned By Restriction | Banned
"Callender, Kacen",Hurricane Child,Banned in Libraries,,2021-12,Banned Pending Investigation | Banned
"Callender, Kacen",King and the Dragonflies,Banned in Libraries and Classrooms,,2021-11,Banned Pending Investigation | Banned By Restriction | Banned
"Callender, Kacen",Lark and Kasim Start a Revolution,,,,Banned Pending Investigation
"Callender, Kacen",This Is Kind of an Epic Love Story,Banned Pending Investigation,,2021-12,Banned By Restriction | Banned | Banned Pending Investigation
"Calonita, Jen",There's No Place Like Home,,,2022-10,Banned from Libraries
"Calvocoressi, Richard",Magritte,,,2025-04,Banned
"Cameron, Peter",Someday This Pain Will Be Useful to You,,,2025-02,Banned | Banned Pending Investigation
"Cameron, Sharon",The Forgetting,,,2025-06,Banned By Restriction | Banned Pending Investigation
"Cameron, Sharon",The Knowing,,,,Banned Pending Investigation
"Campbell Bartoletti, Susan",The Boy Who Dared,,,2022-10,Banned from Libraries
"Campbell, Curtis",Dragging Mason County,,,,Banned
"Campbell, Michele",It's Always the Husband,,,,Banned By Restriction
"Campbell, W. John",The Essential Hieronymus Bosch,,,2022-09,Banned Pending Investigation
"Camus, Albert",The Stranger: The Graphic Novel,,,2022-08,Banned from Libraries and Classrooms | Banned Pending Investigation
"Canales, Viola",El Gusano de Tequila,,,2024-09,Banned
"Canales, Viola",The Tequila Worm,,,2025-04,Banned
"Canfield, Jack","Chicken Noodle Soup for the Teenage Soul: The Real Deal Challenges, Stories about Disses, Losses, Messes, Stresses & More",,"Hansen, Mark Victor; Reber, Deborah",2025-02,Banned
"Canfield, Jack","Chicken Soup for the Preteen Soul: Stories of Changes, Choices and Growing Up for Kids Ages 9-13",,"Hansen, Mark Victor; Hansen, Patty",2025-02,Banned
"Canfield, Jack","Chicken Soup for the Teenage Soul II: More Stories of Life, Love and Learning",,"Hansen, Mark Victor; Kirberger, Kimberly",2025-02,Banned
"Canfield, Jack","Chicken Soup for the Teenage Soul: 101 Stories of Life, Love, and Learning",,"Hansen, Mark Victor; Kirberger, Kimberly",2023-06,Banned from Libraries and Classrooms
"Capetta, A. R.",Echo After Echo,,,2024-12,Banned | Banned By Restriction
"Capetta, A. R.",Once and Future,,"McCarthy, Cori",2025-04,Banned | Banned Pending Investigation
"Capetta, A. R.",The Brilliant Death,,,,Banned Pending Investigation
"Capetta, A. R.",The Heartbreak Bakery,,,2024-08,Banned By Restriction | Banned Pending Investigation | Banned
"Capetta, A.R.",The Lost Coast,,,2024-08,Banned By Restriction
"Capetta, Amy Rose",Echo After Echo,Banned Pending Investigation,,2021-12,
"Capetta, Amy Rose",Once & Future,Banned Pending Investigation,Cori McCarthy,2022-02,
"Capetta, Amy Rose",Sword in the Stars,Banned Pending Investigation,,2022-02,
"Capetta, Amy Rose",The Brilliant Death,Banned Pending Investigation,,2022-02,
"Capetta, Amy Rose",The Storm of Life,Banned Pending Investigation,,2022-02,
"Capin, Hannah",Foul is Fair,,,2022-09,Banned from Libraries and Classrooms | Banned Pending Investigation | Banned | Banned By Restriction
"Capin, Hannah",I Am Margaret Moore,,,2024-08,Banned | Banned By Restriction
"Cappellini, Mary",El Gigante Solitario,,,,Banned By Restriction
"Capps, Michael",Gears of War,,"Ortega, Joshua",,Banned Pending Investigation
"Caputo, Phillip","10,000 Days of Thunder: A History of the Vietnam War",,,,Banned
"Carbone, Elisa",Blood on the River: James Town 1607,,,2024-08,Banned By Restriction
"Card, Orson Scott",Ender's Game,,,,Banned | Banned By Restriction
"Card, Orson Scott",Ender's Shadow,,,,Banned Pending Investigation
"Card, Orson Scott",Pastwatch: The Redemption of Christopher Columbus,,,,Banned Pending Investigation
"Card, Orson Scott",Shadow of the Hegemon,,,,Banned Pending Investigation
"Card, Orson Scott",Speaker for the Dead,,,,Banned Pending Investigation
"Card, Orson Scott",The Treasure Box,,,,Banned Pending Investigation
"Card, Orson Scott",Xenocide,,,,Banned By Restriction
"Cardi, Annie",Red,,,2024-08,Banned By Restriction
"Carey, Janet Lee",Dragon's Keep,,,,Banned
"Carey, Mike",X-Men: Age of X,,"Sprurrier, Simon",2022-09,Banned Pending Investigation
"Carle, Eric",Draw Me a Star,Banned Pending Investigation,,2021-11,Banned Pending Investigation | Banned from Libraries and Classrooms | Banned
"Carleson, J. C.",The Tyrant's Daughter,,,2025-04,Banned | Banned Pending Investigation
"Carlson, David L.",The Hunting Accident: A True Story of Crime and Poetry,,,2022-09,Banned Pending Investigation
"Carlton, Susan Kaplan",In the Neighborhood of True,,,,Banned Pending Investigation
"Carmack, Cora",Roar,,,,Banned Pending Investigation | Banned By Restriction
"Carman, Patrick",Quake,,,,Banned Pending Investigation
"Carman, Patrick",Tremor,,,,Banned Pending Investigation
Carolyn Mackler,Infinite in Between,,,,Banned Pending Investigation
"Carpenter, Amy R.","Be Strong, Be Wise: The Young Adult's Guide to Sexual Assault Awareness and Personal Safety",Banned in Libraries and Classrooms,,2022-02,
"Carpenter, Nora Shalaway",Rural Voices: 15 Authors Challenge Assumptions About Small-Town America,,"Bowles, David; Bruchac, Joseph; Bybee, Veeda; Cosby, Shawn; Costello, Rob; DuBurke, Randy; Edwards, Shanna; Gill, David Macinnis; Hopson, Rainey Nasugraq; Laure, Estelle; Mendez, Yamile Saied; Perez, Ashley Hope; Price, Tirzah",,Banned By Restriction | Banned Pending Investigation
"Carriger, Gail",Changeless,,,,Banned Pending Investigation
"Carriger, Gail",Soulless,,,,Banned Pending Investigation
"Carroll, Georgie",The Feminism Book,,,,Banned Pending Investigation | Banned
"Carroll, Georgie",The Mythology Book,,,2025-04,Banned | Banned Pending Investigation
"Carson, Rae",The Bitter Kingdom,,,2025-03,Banned
"Carson, Rae",The Crown of Embers,,,2025-03,Banned
"Carson, Rae",The Girl of Fire and Thorns,,,2025-03,Banned
"Cart, Michael",How Beautiful the Ordinary: Twelve Stories of Identity,Banned Pending Investigation,,2022-02,Banned from Libraries and Classrooms | Banned | Banned By Restriction | Banned Pending Investigation
"Cart, Michael",Love & Sex: Ten Stories of Truth,Banned Pending Investigation,"Bauer, Joan; Donoghue, Emma; Hawes, Louise; Nix, Garth; Sones, Sonya; Anderson, Laurie Halse; Lynch, Chris; Lowenthal, Michael; Stoehr, Shelly; Johnson, Angela",2022-03,Banned
"Cartaya, Pablo",El épico fracaso de Arturo Zamora,,,2024-09,Banned
"Cartaya, Pablo",The Epic Fail of Arturo Zamora,,,2025-03,Banned
"Carter, Aimée",Goddess Interrupted,,,,Banned Pending Investigation
"Carter, Aimée",Queen,,,,Banned Pending Investigation
"Carter, Aimée",The Goddess Inheritance,,,,Banned Pending Investigation
"Carter, Aimée",The Goddess Legacy: An Original Goddess Test Collection,,,,Banned Pending Investigation
"Carter, Aimée",The Goddess Test,,,,Banned Pending Investigation
"Carter, Ally","I'd Tell You I Love You, But Then I'd Have Kill You",,,,Banned Pending Investigation
"Carter, Angela",The Bloody Chamber and Other Stories,,,,Banned By Restriction
"Carter, Caela",Forever or a Long Long Time,,,2025-05,Banned By Restriction
"Carter, Caela","Me, Him, Them and It",,,2025-06,Banned Pending Investigation | Banned
"Carter, Caela","My Best Friend, Maybe",Banned Pending Investigation,,2021-12,
"Carter, Caela",Tumbling (CC),,,2025-04,Banned
"Carter, Forrest",The Education of Little Tree,,,,Banned Pending Investigation
"Carter, Pamela J.","Lippincott Textbook for Nursing Assistants: A Humanistic Approach to Caregiving, Fifth Edition",,,2024-08,Banned By Restriction
"Carter, TE",I Stop Somewhere,,,2024-11,Banned | Banned Pending Investigation
"Cartier-Bresson, Henri",Henri Cartier-Bresson: The Modern Century,,"Galassi, Peter",2025-04,Banned
"Cary, Kate",Bloodline: a novel,,,2025-02,Banned | Banned Pending Investigation
"Casazza, Ornella",Masaccio and the Brancacci Chapel,,Riverside Book Company,2025-04,Banned
"Cashore, Kristin",Bitterblue,,,2023-02,Banned from Libraries | Banned By Restriction | Banned
"Cashore, Kristin",Fire,,,2025-02,Banned | Banned Pending Investigation
"Cashore, Kristin",Graceling,Banned in Libraries | Banned Pending Investigation,,2021-11,Banned Pending Investigation | Banned from Libraries and Classrooms | Banned
"Cashore, Kristin",Graceling: The Graphic Novel,,,,Banned By Restriction
"Cashore, Kristin","Jane, Unlimited",Banned Pending Investigation,,2021-12,Banned By Restriction | Banned Pending Investigation | Banned
"Cashore, Kristin",Winterkeep,,,2025-05,Banned Pending Investigation | Banned
"Cass, Kiera",Happily Ever After (KC),,,,Banned By Restriction
"Cass, Kiera",The Betrayed,,,,Banned By Restriction
"Cass, Kiera",The Betrothed,,,,Banned By Restriction
"Cass, Kiera",The Crown,,,,Banned By Restriction
"Cass, Kiera",The Elite,,,,Banned By Restriction
"Cass, Kiera",The Heir,,,,Banned By Restriction
"Cass, Kiera",The One,,,,Banned By Restriction
"Cass, Kiera",The Selection,,,,Banned By Restriction
"Cass, Kiera",The Selection Stories: The Prince and The Guard,,,,Banned Pending Investigation
"Cass, Kiera",The Siren,,,,Banned By Restriction
"Cassara, Joseph",The House of Impossible Beauties,,,2024-08,Banned By Restriction
"Cassedy, Patrice",Teen Pregnancy,Banned in Libraries,,2021-12,
"Cassidy, Anne",Looking for JJ,,,,Banned Pending Investigation
"Cast, Kristin",Kisses From Hell,,"Mead, Richelle; Noel, Alyson; Armstrong, Kelley; Block, Francesca Lia",,Banned Pending Investigation
"Cast, P. C.",Awakened,Banned in Libraries and Classrooms,"Cast, Kristin",2021-11,Banned | Banned Pending Investigation
"Cast, P. C.",Betrayed,Banned in Libraries and Classrooms,"Cast, Kristin",2021-11,Banned | Banned Pending Investigation
"Cast, P. C.",Burned,Banned in Libraries and Classrooms,"Cast, Kristin",2021-11,
"Cast, P. C.",Burned (PCC),,"Cast, Kristin",2024-08,Banned | Banned Pending Investigation
"Cast, P. C.",Chosen,Banned in Libraries and Classrooms,"Cast, Kristin",2021-11,Banned Pending Investigation | Banned | Banned By Restriction
"Cast, P. C.",Destined,Banned in Libraries and Classrooms,"Cast, Kristin",2021-11,Banned | Banned Pending Investigation
"Cast, P. C.",Hidden,Banned in Libraries and Classrooms,"Cast, Kristin",2021-11,Banned | Banned Pending Investigation
"Cast, P. C.",House of Night,,"Cast, Kristin",,Banned
"Cast, P. C.",House of Night: The Beginning - Marked and Betrayed,,"Cast, Kristin",,Banned Pending Investigation | Banned
"Cast, P. C.",Hunted,Banned in Libraries and Classrooms,"Cast, Kristin",2021-11,Banned | Banned Pending Investigation
"Cast, P. C.",Kalona's Fall,,"Cast, Kristin",,Banned Pending Investigation
"Cast, P. C.",Marked,Banned in Libraries and Classrooms,"Cast, Kristin",2021-11,Banned | Banned By Restriction | Banned Pending Investigation
"Cast, P. C.",Moon Chosen,,,,Banned Pending Investigation | Banned
"Cast, P. C.",Neferet's Curse,,"Cast, Kristin",,Banned Pending Investigation
"Cast, P. C.",Redeemed,Banned in Libraries and Classrooms,"Cast, Kristin",2021-11,Banned | Banned By Restriction | Banned Pending Investigation
"Cast, P. C.",Revealed,Banned in Libraries and Classrooms,"Cast, Kristin",2021-11,
"Cast, P. C.",Revealed (PCC),,"Cast, Kristin",2025-02,Banned | Banned Pending Investigation
"Cast, P. C.",Sun Warrior: Tales of a New World,,,,Banned
"Cast, P. C.",Tempted,Banned in Libraries and Classrooms,"Cast, Kristin",2021-11,
"Cast, P. C.",Tempted (PCC),,"Cast, Kristin",2024-10,Banned | Banned By Restriction | Banned Pending Investigation
"Cast, P. C.",Untamed,Banned in Libraries and Classrooms,"Cast, Kristin",2021-11,
"Cast, P. C.",Untamed (PCC),,"Cast, Kristin",2025-03,Banned | Banned Pending Investigation
"Cast, P.C.",Dragon's Oath,,"Cast, Kristin",2025-03,Banned | Banned Pending Investigation
"Cast, P.C.",House of Night: Legacy,,"Cast, Kristin; Dalian, Kent",,Banned Pending Investigation
"Castellucci, Cecil",Moving Target: Princess Leia Adventure,,"Fry, Jason",2025-02,Banned
"Castellucci, Cecil",Soupy Leaves Home,,,2022-10,Banned from Libraries
"Castellucci, Cecil",Tin Star,,,,Banned Pending Investigation
"Castro, Tony",Mantle: The Best There Ever Was,,,,Banned Pending Investigation
"Cather, Willa",My Antonia,,,,Banned By Restriction
"Cavallaro, Brittany",A Question of Holmes,,,2025-03,Banned By Restriction | Banned Pending Investigation
"Cavallaro, Brittany",A Study in Charlotte,,,2024-10,Banned By Restriction | Banned Pending Investigation
"Cavallaro, Brittany",The Case for Jamie,,,2025-04,Banned By Restriction | Banned Pending Investigation
"Cavallaro, Brittany",The Last of August,,,2025-03,Banned By Restriction | Banned Pending Investigation
"Cavell-Clarke, Steffi",Celebrating Different Beliefs,Banned Pending Investigation,,2022-01,
"Cawthon, Scott",The Fourth Closet: Five Nights at Freddy's,,"Breed-Wrisley, Kira; Hasting, Christopher",,Banned Pending Investigation
"Cazenove, Christopher",Super Sisters,,,2022-09,Banned Pending Investigation
"Cefrey, Holly",Aids,,,,Banned Pending Investigation
"Cefrey, Holly",Syphilis and Other Sexually Transmitted Diseases,,,,Banned Pending Investigation
"Celano, Marianne",Something Happened in Our Town,Banned in Libraries,"Moses, Donald",2022-05,Banned from Libraries and Classrooms | Banned Pending Investigation | Banned
"Cervantes, Angela","Gaby, Lost and Found",Banned Pending Investigation,,2022-01,
"Chaikin, Andrew",When Dinosaurs Walked,,,,Banned
"Chaikin, Miriam",Children's Bible Stories from Genesis to Daniel,,,2023-06,Banned from Libraries and Classrooms
"Chainani, Soman",The School for Good and Evil,,,,Banned By Restriction
"Challen, Paul",Life in Ancient Egypt,,,2025-02,Banned
"Chambers, Aidan",Dying to Know You,,,,Banned Pending Investigation
"Chambers, Aidan",Postcards From No Man's Land,,,2024-10,Banned | Banned Pending Investigation
"Chambers, Aiden",This is all: The Pillow Book of Cordelia Kenn,,,2025-03,Banned
"Chambers, Veronica","Celia Cruz, Queen of Salsa",Banned Pending Investigation,,2022-01,
"Chandler, Raymond","Farewell, My Lovely",,,,Banned Pending Investigation
"Chandler, Raymond",Playback,,,,Banned Pending Investigation
"Chandler, Raymond",Raymond Chandler: Stories and Early Novels: Pulp Stories / The Big Sleep / Farewell My Lovely / The High Window,,,,Banned Pending Investigation
"Chandler, Raymond",The Big Sleep,,,,Banned By Restriction
"Chandler, Raymond",The High Window,,,,Banned Pending Investigation
"Chandler, Raymond",The Lady in the Lake,,,,Banned Pending Investigation
"Chandler, Raymond",The Long Goodbye,,,,Banned Pending Investigation
"Chang, Iris",The Rape of Nanking,Banned Pending Investigation,,2021-11,
"Chang, Iris",The Rape of Nanking: The Forgotten Holocaust of World War II,,,,Banned Pending Investigation | Banned | Banned By Restriction
"Chao, Gloria",American Panda,,,,Banned Pending Investigation
"Charaipotra, Sona",Shiny Broken Pieces,,"Clayton, Dhonielle",2025-04,Banned By Restriction | Banned Pending Investigation
"Charaipotra, Sona",Symptoms of a Heartbreak,,,2025-03,Banned | Banned Pending Investigation
"Charaipotra, Sona",Tiny Pretty Things,,"Clayton, Dhonielle",2025-03,Banned By Restriction | Banned Pending Investigation
"Charbonneau, Joelle",Eden Conquered,,,2022-12,Banned from Libraries
"Charbonneau, Joelle",Independent Study,,,2025-06,Banned By Restriction
"Charbonneau, Joelle",The Testing,,,2024-10,Banned By Restriction
"Charles, Tami",All Because You Matter,,,,Banned Pending Investigation
"Charles, Tami",Muted,,,2024-10,Banned | Banned Pending Investigation
"Charlton-Trujillo, E. E.",Fat Angie,Banned Pending Investigation,,2022-02,
"Charlton-Trujillo, E. E.",Homecoming,Banned Pending Investigation,,2022-02,
"Charlton-Trujillo, E. E.",Rebel Girl Revolution,Banned Pending Investigation,,2022-02,
"Charrière, Henri",Papillon,,,,Banned By Restriction
"Chase, Paula",Dough Boys,,,2025-04,Banned Pending Investigation
"Chase, Paula",So Done,,,,Banned Pending Investigation
"Chastain, Emma",Confessions of a High School Disaster,,,2025-03,Banned | Banned Pending Investigation
"Chastain, Emma",Notes From a Former Virgin : Junior Year,,,,Banned By Restriction
"Chastain, Emma",The Year of Living Awkwardly,,,2025-03,Banned | Banned Pending Investigation
"Chaucer, Geoffrey",The Canterbury Tales,,,2023-02,Banned Pending Investigation | Banned
"Chbosky, Stephen",Imaginary Friend,,,2025-06,Banned Pending Investigation | Banned
"Chbosky, Stephen",Pieces: A Collection of New Voices,,,,Banned Pending Investigation
"Chbosky, Stephen",The Perks of Being a Wallflower,Banned Pending Investigation | Banned in Libraries | Banned in Libraries and Classrooms,,2021-11,Banned from Libraries and Classrooms | Banned Pending Investigation | Banned from Classrooms | Banned from Libraries | Banned | Banned By Restriction
"Chee, Traci",The Speaker,,,2025-03,Banned By Restriction | Banned Pending Investigation
"Chee, Traci",We Are Not Free,,,,Banned By Restriction
"Chen, Gina",Violet Made of Thorns,,,,Banned
"Chen, Justina",A Blind Spot for Boys,,,2024-08,Banned
"Cheng, Andrea","Etched in Clay: The Life of Dave, Enslaved Potter and Poet",Banned in Libraries,,2022-01,
"Cheng, Andrea",The Year of the Book,Banned in Classrooms,"Halpin, Abigail",2021-08,
"Cherry, Alison",For Real,,,,Banned Pending Investigation
"Cherry, Matthew A.",Hair Love,Banned in Classrooms,,2021-08,
"Chevalier, Tracy",Girl With a Pearl Earring,,,2025-06,Banned Pending Investigation | Banned
"Chevalier, Tracy",The Lady and the Unicorn,,,,Banned Pending Investigation
"Chevat, Richie",A Queer History of the United States For Young People,,"Bronski, Michael",2024-08,Banned By Restriction | Banned
"Chiasson, John",African Journey,,,,Banned Pending Investigation
Chief Seattle,"Brother Eagle, Sister Sky",Banned Pending Investigation,,2022-01,
"Chihuly, Dale",Chihuly: On Fire,,"Adams, Henry; McDonnell, Mark",2024-08,Banned
Chii,The Bride Was a Boy,Banned Pending Investigation,,2022-02,Banned
"Child, Lee",Night School,,,,Banned Pending Investigation
"Child, Lee",The Midnight Line,,,,Banned Pending Investigation
"Child, Lee",Worth Dying For,,,,Banned Pending Investigation
"Childs, Jessie","Henry VIII's Last Victim: The Life and Times of Henry Howard, Earl of Surrey",,,,Banned By Restriction
"Chilvers, Ian",Art That Changed the World,,"Zaczek, Iain; Welton, Jude; Bugler, Caroline; Mack, Lorrie",2022-09,Banned Pending Investigation
"Chilvers, Ian",Art That Changed the World: Transformative Art Movements and the Paintings That Inspired Them,,,2024-08,Banned
"Chilvers, Ian",The Baroque and Neoclassical age,,,2025-02,Banned
"Chima, Cinda Williams",The Warrior Heir,,,2025-06,Banned By Restriction
"Chin-Lee, Cynthia",Amelia to Zora: Twenty-Six Women Who Changed the World,Banned in Classrooms,,2021-08,
"Chinn, Karen",Sam and the Lucky Money,Banned Pending Investigation,,2022-01,
"Chinn, Mike",Writing and Illustrating the Graphic Novel: Everything You Need to Know to Create Great Graphic Works,,,2022-09,Banned Pending Investigation
"Chiu, Melissa",Asian Art Now,,"Benjamin, Genocchio",2024-08,Banned
"Chmakova, Svetlana",Awkward,,,,Banned By Restriction
"Chmakova, Svetlana",Brave,Banned Pending Investigation,,2022-03,
"Cho, Kat",Vicious Spirits,,,2025-04,Banned Pending Investigation
"Cho, Kat",Wicked Fox,,,2025-04,Banned By Restriction
"Choi, Mary H. K.",Permanent Record,,,2024-10,Banned | Banned Pending Investigation
"Choi, Mary H.K.",Emergency Contact,,,2022-10,Banned from Libraries and Classrooms | Banned | Banned By Restriction | Banned Pending Investigation
"Choi, Mary H.K.",Yolk,,,2022-09,Banned from Libraries and Classrooms | Banned Pending Investigation | Banned | Banned By Restriction
"Choi, Susan",Trust Exercise,,,,Banned
"Choi, Yangsook",The Name Jar,Banned in Classrooms | Banned Pending Investigation,,2021-08,
"Chokshi, Roshani",The Silvered Serpents,,,2025-04,Banned Pending Investigation
"Choldenko, Gennifer",Al Capone Does My Shirts,,,2024-08,Banned By Restriction | Banned Pending Investigation
"Chorao, Kay",The Christmas Story,,,2023-06,Banned from Libraries and Classrooms
"Choyce, Lesley",Identify,,,2024-08,Banned By Restriction
"Christie, Agatha",Death on the Nile,,,,Banned Pending Investigation
"Christie, Kate",Solstice,,,,Banned By Restriction
"Christopher, Lucy",Stolen,,,2022-10,Banned from Libraries | Banned | Banned By Restriction
Chugong,Solo Leveling Vol. 1,,,2025-05,Banned
"Chung, Arree",Mixed: A Colorful Story,,,2022-10,Banned from Classrooms | Banned Pending Investigation
"Chupeco, Rin",The Bone Witch,,,,Banned By Restriction
"Chupeco, Rin",The Heart Forger,,,,Banned By Restriction
"Chupeco, Rin",The Never Tilting World,,,,Banned Pending Investigation
"Chupeco, Rin",The ShadowGlass,,,,Banned By Restriction
"Chute, Hillary L.",Why Comics?: From Underground to Everywhere,,,2022-08,Banned from Libraries and Classrooms | Banned Pending Investigation
"Ciaramella, Jason",Joe Hill's The Cape: 1969,,"Hill, Joe",2022-09,Banned Pending Investigation
"Cicatelli-Kuc, Katie",Going Viral: A Socially Distant Love Story,,,2025-02,Banned | Banned Pending Investigation
"Cisicsko, David Lee",LGBTQ+ Icons: A Celebration of Historical LGBTQ+ Icons in the Arts,,"Keehnen, Owen",,Banned
"Cisneros, Sandra",La Casa en Mango Street,,,,Banned Pending Investigation
"Cisneros, Sandra",My Wicked Wicked Ways: Poems,,,,Banned By Restriction
"Cisneros, Sandra",The House on Mango Street,Banned Pending Investigation,,2022-05,Banned from Libraries | Banned | Banned Pending Investigation
"Ciurana, Eugene",The Tesla Testament,,,,Banned By Restriction
"Clare, Cassandra",Chain of Gold,,,,Banned Pending Investigation
"Clare, Cassandra",Chain Of Iron,,,,Banned Pending Investigation
"Clare, Cassandra",Chain Of Thorns,,,,Banned Pending Investigation
"Clare, Cassandra",City of Ashes,,,2025-03,Banned By Restriction | Banned | Banned Pending Investigation
"Clare, Cassandra",City of Bones,,,2025-04,Banned By Restriction | Banned Pending Investigation
"Clare, Cassandra",City of Fallen Angels,,,2025-03,Banned By Restriction | Banned Pending Investigation
"Clare, Cassandra",City of Glass,,,2025-01,Banned | Banned Pending Investigation
"Clare, Cassandra",City of Heavenly Fire,Banned in Libraries | Banned Pending Investigation | Banned in Libraries and Classrooms,,2021-11,Banned Pending Investigation | Banned from Libraries | Banned
"Clare, Cassandra",City of Lost Souls,,,2025-04,Banned By Restriction | Banned Pending Investigation
"Clare, Cassandra",Clockwork Angel,,,2024-08,Banned | Banned By Restriction | Banned Pending Investigation
"Clare, Cassandra",Clockwork Princess,Banned in Libraries and Classrooms | Banned Pending Investigation,,2022-05,Banned from Libraries | Banned Pending Investigation | Banned from Libraries and Classrooms | Banned | Banned By Restriction
"Clare, Cassandra",Lady Midnight,,,2022-10,Banned from Libraries | Banned Pending Investigation | Banned | Banned By Restriction
"Clare, Cassandra",Lord of Shadows,,,2022-10,Banned from Libraries | Banned Pending Investigation | Banned
"Clare, Cassandra",Queen of Air and Darkness,,,2022-10,Banned from Libraries | Banned | Banned Pending Investigation
"Clare, Cassandra",Sword Catcher,,,,Banned
"Clare, Cassandra",The Bane Chronicles,,"Brennan, Sarah Rees; Johnson, Maureen",,Banned Pending Investigation
"Clare, Cassandra",The Infernal Devices: The Complete Trilogy,,,,Banned By Restriction
"Clare, Cassandra",The Lost Book of the White,Banned Pending Investigation,"Chu, Wesley",2022-02,Banned
"Clare, Cassandra",The Red Scrolls of Magic,Banned Pending Investigation,"Chu, Wesley",2021-12,Banned Pending Investigation | Banned
"Clark, Annie E.",We Believe You: Survivors of Campus Sexual Assault Speak Out,,"Pino, Andrea L.",2025-05,Banned
"Clark, Kristin Elizabeth",Freakboy,Banned Pending Investigation,,2021-12,Banned By Restriction | Banned
"Clark, Kristin Elizabeth","Jess, Chunk, and the Road Trip to Infinity",Banned Pending Investigation,,2021-12,Banned By Restriction | Banned
"Clark, Mary Higgins",Daddy's Little Girl,,,,Banned Pending Investigation
"Clark, Mary Higgins",Moonlight Becomes You,,,,Banned Pending Investigation
"Clark, Mary Higgins",Two Little Girls in Blue,,,,Banned Pending Investigation
"Clark-Robinson, Monica",Let the Children March,Banned in Classrooms,,2021-08,
"Clarke, Arthur C.",2001: a Space Odyssey,,,,Banned Pending Investigation
"Clarke, Cassandra Rose",Forget This Ever Happened,Banned Pending Investigation,,2021-12,
"Clarke, Cat",The Pants Project,Banned Pending Investigation,,2021-12,Banned from Libraries | Banned from Libraries and Classrooms | Banned By Restriction | Banned | Banned Pending Investigation
"Clarke, Cat",Undone,,,2024-08,Banned By Restriction
"Clarke, Colin P.",Terrorism Inc.: The Financing of Terrorism Insurgency and Irregular Warfare,,,,Banned By Restriction
"Clarke, Hannah Abigail",The Scapegracers,Banned Pending Investigation,,2022-02,
"Clarke, Judith",Al Capsella and the Watchdogs,,,,Banned By Restriction
"Clavell, James",Shōgun: The Epic Novel of Japan,,,,Banned
"Clay, Kathryn",Datos geniales sobre béisbol/Cool Baseball Facts,,,,Banned
"Clayton, Dhonielle",Blackout,,"Jackson, Tiffany D.; Stone, Nic; Thomas, Angie; Woodfolk, Ashley; Yoon, Nicola",,Banned By Restriction | Banned Pending Investigation
"Clayton, Dhonielle",The Belles,,,2025-06,Banned Pending Investigation | Banned
"Clayton, Dhonielle",The Rumor Game,,,,Banned By Restriction | Banned Pending Investigation
"Clayton, Lawrence",Coping With a Drug Abusing Parent,,,2025-02,Banned
"Cleave, Chris",Little Bee,,,,Banned By Restriction
"Clement-Moore, Rosemary",Texas Gothic,,,2025-03,Banned By Restriction | Banned Pending Investigation
"Clements, Andrew",Extra Credit,Banned Pending Investigation,,2022-01,Banned Pending Investigation
"Clements, Andrew",Things Hoped For,,,2023-05,Banned from Libraries
"Clements, Andrew",Things That Are,,,,Banned
"Clemesha, Chase",People of Pride: 25 Great LGBTO Americans,,,2024-08,Banned By Restriction | Banned
"Clifton, Lucille",The Boy Who Didn't Believe in Spring,Banned in Classrooms,,2021-08,
"Cline, Emma",The Girls,,,,Banned By Restriction
"Cline, Ernest",Ready Player One,,,2024-08,Banned | Banned By Restriction | Banned Pending Investigation | Banned from Libraries and Classrooms
"Cline, Ernest",Ready Player Two,,,2024-10,Banned
"Cline-Ransome, Lesa",Before She Was Harriet,Banned Pending Investigation,,2022-01,Banned Pending Investigation
"Clowes, Daniel",Ghost World,,,2025-06,Banned Pending Investigation | Banned
"Clowes, Daniel",Patience,,,2022-09,Banned Pending Investigation
"Clugston-Flores, Chynna",Scooter Girl,,,,Banned Pending Investigation
"Coates, Ta-Nehisi",Between the World and Me,Banned in Classrooms | Banned Pending Investigation,,2021-08,Banned from Classrooms | Banned Pending Investigation | Banned By Restriction
"Coates, Ta-Nehisi",Black Panther: A Nation Under Our Feet,,,2024-08,Banned By Restriction
"Coates, Ta-Nehisi","Black Panther: A Nation Under Our Feet, Vol. 1",,,,Banned Pending Investigation
"Coates, Ta-Nehisi","Black Panther: A Nation Under Our Feet, Vol. 2",,"McGregor, Donald",,Banned Pending Investigation
"Coates, Ta-Nehisi","Black Panther: A Nation Under Our Feet, Vol. 3",,,,Banned Pending Investigation
"Coates, Ta-Nehisi","Black Panther: A Nation Under Our Feet, Vol. 4",,,,Banned Pending Investigation
"Coates, Ta-Nehisi",We Were Eight Years in Power: An American Tragedy,Banned Pending Investigation,,2021-12,Banned
"Coats, Jillian Anderson",The Wicked and the Just,,,2025-04,Banned
"Coben, Harlan",Home,,,,Banned Pending Investigation
"Coben, Harlan",Shelter,,,2025-04,Banned Pending Investigation
"Coben, Harlan",Tell No One,,,,Banned
"Cochrun, Alison",The Charm Offensive,,,,Banned Pending Investigation
"Coerr, Eleanor",Sadako,Banned Pending Investigation,,2022-01,
"Coetzee, J.M.",Disgrace,,,,Banned By Restriction
"Coffindaffer, Rebecca",Thronebreakers,,,2024-08,Banned By Restriction
"Cohen, Adam","Imbeciles: The Supreme Court, American Eugenics, and the Sterilization of Carrie Buck",Banned in Libraries and Classrooms,,2021-11,
"Cohen, Barbara","Thank You, Jackie Robinson",Banned Pending Investigation,,2022-01,
"Cohen, Caron Lee",The Mud Pony,Banned Pending Investigation,,2022-01,
"Cohen, Joshua",Leverage,,,2025-03,Banned | Banned Pending Investigation
"Cohen, Patricia Cline",The Murder of Helen Jewett,,,,Banned By Restriction
"Cohn, Rachel",Dash and Lily's Book of Dares,,"Levithan, David",,Banned Pending Investigation | Banned By Restriction
"Cohn, Rachel",Gingerbread,Banned in Libraries | Banned Pending Investigation,,2021-12,Banned | Banned Pending Investigation
"Cohn, Rachel",Naomi and Ely's No Kiss List,Banned Pending Investigation,"Levithan, David",2022-01,Banned Pending Investigation | Banned
"Cohn, Rachel",Nick and Norah's Infinite Playlist,,"Levithan, David",2025-06,Banned Pending Investigation | Banned
"Cohn, Rachel",The Steps,,,2025-04,Banned Pending Investigation
"Cokal, Susann",The Kingdom of Little Wounds,Banned in Libraries and Classrooms,,2021-11,Banned Pending Investigation | Banned | Banned By Restriction
"Colasanti, Susane",All I Need,,,,Banned Pending Investigation
"Colasanti, Susane",City Love,,,2022-09,Banned from Libraries
"Colasanti, Susane",Now and Forever,,,,Banned Pending Investigation
"Colasanti, Susane",So Much Closer,,,2025-02,Banned | Banned Pending Investigation
"Colasanti, Susane",Something Like Fate,,,2025-02,Banned | Banned Pending Investigation
"Colasanti, Susane",Waiting For You,,,,Banned Pending Investigation
"Colasanti, Susane",When It Happens,,,2025-06,Banned Pending Investigation | Banned
"Colbert, Brandy",Finding Yvonne,,,,Banned Pending Investigation
"Colbert, Brandy",Little and Lion,Banned in Libraries and Classrooms | Banned Pending Investigation,,2021-11,Banned Pending Investigation | Banned from Libraries and Classrooms | Banned By Restriction | Banned
"Colbert, Brandy",The Only Black Girls in Town,,,,Banned Pending Investigation | Banned By Restriction
"Colbert, Brandy",The Revolution of Birdie Randolph,,,2025-03,Banned | Banned Pending Investigation | Banned By Restriction
"Colbert, Brandy",The Voting Booth,,,2025-04,Banned Pending Investigation
"Cole, Brock",The Facts Speak for Themselves,Banned Pending Investigation,,2021-11,Banned
"Cole, Brock",The Goats,,,,Banned | Banned Pending Investigation
"Cole, Courtney",If You Leave,,,,Banned
"Cole, Olivia A.",Dear Medusa,,,2024-08,Banned By Restriction | Banned
"Cole, Olivia A.",The Truth About White Lies,,,,Banned
"Cole, Olivia A.",Where the Lockwood Grows,,,2024-08,Banned By Restriction
"Coleman, Wim",Robert Louis Stevenson's Treasure Island,,"Perrin, Pat",2025-04,Banned
"Coles, Jay",Things We Couldn't Say,Banned Pending Investigation,,2022-02,Banned Pending Investigation | Banned By Restriction | Banned
"Coles, Jay",Tyler Johnson was Here,,,2024-07,Banned Pending Investigation | Banned
"Coles, Robert",The Story of Ruby Bridges,Banned in Classrooms,,2021-08,
"Colfer, Chris",A Tale of Magic,,,,Banned Pending Investigation
"Colfer, Chris",A Tale of Sorcery,,,,Banned Pending Investigation
"Colfer, Chris",A Tale of Witchcraft,,,,Banned Pending Investigation
"Colfer, Chris",Stranger Than Fanfiction,,,,Banned By Restriction
"Colfer, Eoin",Illegal,,"Donkin, Andrew",2022-10,Banned from Libraries
"Collins, B. R.",The Traitor Game,Banned in Libraries,,2021-12,Banned
"Collins, Max Allan",American Gangster,,,,Banned Pending Investigation
"Collins, Orlagh",All the Invisible Things,Banned Pending Investigation,,2022-02,Banned
"Collins, Renee",Until We Meet Again,,,,Banned Pending Investigation
"Collins, Shanni",All You Need Is Love: Celebrating Families of All Shapes and Sizes,,,,Banned
"Collins, Suzanne",Catching Fire,,,2023-02,Banned Pending Investigation | Banned
"Collins, Suzanne",Mockingjay,,,2023-02,Banned Pending Investigation | Banned
"Collins, Suzanne",The Hunger Games,,,2023-02,Banned Pending Investigation
"Colson, Mary",The Story Behind ... Toni Morrison's The Bluest Eye,,,2025-06,Banned
"Combs, Harry",Brules,,,,Banned Pending Investigation
"Combs, Teshelle",Core,,,,Banned By Restriction
"Combs, Teshelle",Sole: A Blue Novella,,,,Banned By Restriction
"Combs, Teshelle",The Syndicate,,,,Banned By Restriction
"Combs, Teshelle",The System,,,,Banned By Restriction
"Compton, D'Lane R.","Other, Please Specify: Queer Methods in Sociology",,"Meadow, Tey; Schilt, Kristen",,Banned
"Conaghan, Brian",When Mr. Dog Bites,,,2025-03,Banned | Banned Pending Investigation
"Condie, Ally",Crossed,,,2025-02,Banned
"Condie, Ally",Matched,,,2025-02,Banned
"Condie, Ally",Reached,,,2025-02,Banned
"Conley, Garrard","Boy Erased: A Memoir of Identity, Faith, and Family",Banned Pending Investigation,,2021-12,Banned Pending Investigation
"Connelly, Michael",Chasing The Dime,,,,Banned By Restriction
"Connelly, Michael",The Lincoln Lawyer,,,,Banned By Restriction
"Connolly, John",The Book Of Lost Things,,,2025-05,Banned
"Connolly, John",The White Road,,,,Banned By Restriction
"Connor, Leslie",A Home for Goddesses and Dogs,Banned in Libraries,,2021-12,Banned By Restriction | Banned Pending Investigation
"Connor, Leslie",The Truth As Told By Mason Buttle,,,,Banned
"Connors, Kathleen",The Life of Rosa Parks,Banned Pending Investigation,,2022-01,
"Conover, Ted",Newjack: Guarding Sing Sing,,,2024-12,Banned | Banned By Restriction
"Conroy, Pat",Beach Music,,,,Banned
"Conroy, Pat",The Lords of Discipline,,,,Banned | Banned By Restriction
"Conroy, Pat",The Prince of Tides,,,,Banned
"Constantine, Alysia",Short Stuff: A Young Adult LGBTQ+ Anthology,Banned Pending Investigation,,2022-02,Banned By Restriction
"Conway, Gerry",Captain Marvel,,,,Banned Pending Investigation
"Coogan, Michael D.",The New Oxford Annotated Bible with Apocrypha: New Revised Standard Version,,"Brettler, Marc Z.; Newsom, Carol",2023-02,Banned Pending Investigation
"Cook, Hope",House of Ash,,,,Banned Pending Investigation
"Cook, Karin",What Girls Learn,,,,Banned Pending Investigation
"Cook, Maria",Gender Identity: Beyond Pronouns and Bathrooms,Banned Pending Investigation | Banned in Libraries and Classrooms,,2022-02,Banned By Restriction | Banned Pending Investigation | Banned
"Cook, Robin",Coma,,,,Banned By Restriction
"Cook, Trish",Notes from the Blender,Banned Pending Investigation,"Halpin, Brendan",2021-12,
"Cooke, Trish","Full, Full, Full of Love",Banned in Classrooms,,2021-08,
"Cooner, Donna",Screenshot,,,2025-02,Banned
"Cooney, Caroline B.",Diamonds in the Shadow,,,2025-05,Banned By Restriction
"Cooney, Caroline B.",The Face on the Milk Carton,,,2024-10,Banned By Restriction | Banned Pending Investigation
"Cooney, Linda A.",Freshman Promises,,,,Banned By Restriction
"Coontz, Stephanie","Marriage, A History: How Love Conquered Marriage",,,,Banned By Restriction
"Coontz, Stephanie",The Way We Never Were: American Families and the Nostalgia Trap,,,,Banned By Restriction
"Cooper, Brittney C.",Feminist AF: A Guide to Crushing Girlhood,,"Morris, Susana M.",,Banned
"Cooper, Candy J.","Shackled: A Tale of Wronged Kids, Rogue Judges, and a Town that Looked Away",,,2024-08,Banned By Restriction
"Cooper, Floyd",Max and the Tag-Along Moon,Banned in Classrooms,,2021-08,
"Cooper, Ilene","Eleanor Roosevelt, Fighter for Justice: Her Impact on the Civil Rights Movement, the White House, and the World",,,2022-10,Banned from Libraries
"Copplestone, Trewin",Leonardo,,,,Banned Pending Investigation
"Copplestone, Trewin",Michelangelo,,,,Banned Pending Investigation
"Copplestone, Trewin",Paul Cézanne,,,2025-04,Banned
"Copplestone, Trewin",Pierre Auguste Renoir,,,2025-04,Banned
"Córdova, Zoraida",Bruja Born,Banned Pending Investigation,,2022-02,
"Córdova, Zoraida",Labyrinth Lost,Banned Pending Investigation,,2022-02,
"Córdova, Zoraida",Wayward Witch,Banned Pending Investigation,,2021-12,Banned By Restriction
CoreKnowledge,"Student Reader Grade 3 Unit 6: Gods, Giants, and Dwarves",,,2023-04,Banned from Classrooms
"Corey, James S. A.",Leviathan Wakes,,,2025-06,Banned Pending Investigation | Banned | Banned By Restriction
"Corey, M.E.",Out of Blue Comes Green,,,,Banned
"Corey, Shana",Malala: A Hero for All,Banned Pending Investigation,,2022-01,
"Corinna, Heather",S.E.X.: The All-You-Need-To-Know Progressive Sexuality Guide to Get You Through High School and College,Banned Pending Investigation,,2022-04,Banned from Libraries and Classrooms
"Corinna, Heather","Wait, What?: A Comic Book Guide to Relationships, Bodies, and Growing Up",Banned Pending Investigation,,2022-04,Banned from Libraries and Classrooms | Banned | Banned Pending Investigation
"Cormier, Robert",Beyond the Chocolate War,,,2025-06,Banned Pending Investigation | Banned
"Cormier, Robert",Fade (RC),,,2025-06,Banned | Banned Pending Investigation
"Cormier, Robert",Heroes,,,,Banned Pending Investigation
"Cormier, Robert",I Am the Cheese,,,,Banned By Restriction
"Cormier, Robert",The Chocolate War,,,2024-10,Banned By Restriction | Banned Pending Investigation | Banned
"Cormier, Robert",The Rag and Bone Shop,,,2025-03,Banned | Banned Pending Investigation
"Cormier, Robert",We All Fall Down,,,2025-06,Banned | Banned Pending Investigation
"Cornwall, Gaia",Jabari Jumps,Banned in Classrooms,,2021-08,
"Cornwell, Autumn",Carpe Diem,,,,Banned By Restriction
"Cornwell, Betsy","Reader, I Murdered Him",,,,Banned Pending Investigation
"Cornwell, Betsy",The Forest Queen,,,,Banned Pending Investigation
"Cornwell, Patricia",All That Remains,,,,Banned Pending Investigation
"Cornwell, Patricia",Body of Evidence,,,,Banned Pending Investigation
"Cornwell, Patricia","Portrait of a Killer: Jack the Ripper, Case Closed",,,2025-03,Banned | Banned Pending Investigation
"Cornwell, Patricia",Postmortem: A Mystery Introducing Dr. Kay Scarpetta,,,,Banned By Restriction
"Cornwell, Patricia",Predator,,,,Banned By Restriction
"Cornwell, Patricia",Ripper: The Secret Life of Walter Sickert,,,2025-04,Banned
"Cornwell, Patricia",Scarpetta,,,,Banned Pending Investigation
"Cornwell, Patricia",Trace,,,,Banned By Restriction
"Cortez, Rio",The ABCs of Black History,,,2023-03,Banned from Libraries
"Corthron, Kara Lee",The Truth of Right Now,,,2024-10,Banned | Banned Pending Investigation
"Cosby, S. A.",Blacktop Wasteland,,,2025-03,Banned | Banned Pending Investigation
"Cosgrave, Bronwyn",The Complete History of Costume & Fashion: From Ancient Egypt to the Present Day,,,2025-04,Banned
"Cosimano, Elle",Nearly Found,,,2025-04,Banned By Restriction | Banned Pending Investigation
"Cosimano, Elle",Nearly Gone,,,2025-04,Banned By Restriction | Banned Pending Investigation
"Cosson, M. J.",A Dream Come True: Coming to America from Vietnam-1975,Banned Pending Investigation,,2022-01,
"Cothran, Helen",Pornography,,,2025-02,Banned
"Cottingham, Kayla",This Delicious Death,,,2025-04,Banned
"Cotton, Charlotte",The Photograph as Contemporary Art,,,2025-04,Banned
"Cotugno, Katie",9 Days and 9 Nights,,,2025-04,Banned | Banned Pending Investigation
"Cotugno, Katie",99 Days,,,2025-04,Banned | Banned Pending Investigation
"Cotugno, Katie",How to Love,Banned in Libraries | Banned Pending Investigation,,2021-12,Banned By Restriction | Banned Pending Investigation
"Cotugno, Katie",Top Ten,,,2025-04,Banned | Banned Pending Investigation
"Cotugno, Katie",You Say It First,,,2025-04,Banned | Banned Pending Investigation
"Couch, Robbie",Blaine for the Win,,,,Banned Pending Investigation
"Couch, Robbie",The Sky Blues,Banned Pending Investigation,,2022-02,Banned Pending Investigation | Banned
"Coulson, Art",Unstoppable: How Jim Thorpe and the Carlisle Indian School Football Team Defeated Army,Banned Pending Investigation,,2022-01,
"Coulthurst, Audrey",Inkmistress,,,,Banned Pending Investigation
"Coulthurst, Audrey",Of Fire and Stars,Banned Pending Investigation,,2021-12,
"Coulthurst, Audrey",Of Ice and Shadows,Banned Pending Investigation,,2021-12,
"Cousens, David",Digital Art: A Complete Guide to Making Your Own Computer Artworks,,,2025-04,Banned
"Coville, Bruce",Odds Are Good: An Oddly Enough and Odder Than Ever Omnibus,,,2024-08,Banned By Restriction
"Cowley Heller, Miranda",Paper Palace,,,2024-10,Banned
"Cox, Barbara",Haunted Homes,,"Forbes, Scott",2025-02,Banned
"Cox, Judy",My Family Plays Music,Banned in Classrooms,,2021-08,
"Cox, Michelle",A Veil Removed,,,,Banned By Restriction
"Cox, Reg",The Seven Wonders of the Ancient World,,"Morris, Neil",2025-02,Banned
"Cox, Reg",The Seven Wonders of the Historic World,,"Morris, Neil",2025-02,Banned
Cox. Beth,All Bodies Are Wonderful: Use Science to Celebrate Everyone's Body!,,,,Banned
"Crabtree, Susan","Scenic Art for the Theatre: History, Tools and Techniques",,"Beundert, Peter",2022-09,Banned Pending Investigation
"Craft, Jerry",Class Act,Banned in Libraries | Banned Pending Investigation,,2021-09,Banned from Libraries and Classrooms | Banned Pending Investigation | Banned By Restriction | Banned
"Craft, Jerry",New Kid,Banned in Classrooms | Banned in Libraries | Banned Pending Investigation,,2021-08,Banned from Libraries | Banned Pending Investigation | Banned By Restriction
"Crafts, Hannah",The Bondwoman's Narrative,,"Gates Jr., Henry Louis",,Banned By Restriction
"Craig, Erin A.","Together, Apart",,"Desombre, Auriane; Hahn, Erin; Konigsberg, Bill; Lippincott, Rachael; Morris, Brittney; Patal, Sajni; Preston, Natasha; Yen, Jennifer",2025-02,Banned
"Craig, Joe",A Guy's Guide to Sexuality and Sexual Identity in the 21st Century,Banned in Libraries,,2021-12,Banned By Restriction
"Creech, Sharon",Walk Two Moons,Banned in Classrooms,,2021-11,Banned from Libraries | Banned | Banned Pending Investigation
"Cremer, Andrea",Rift,Banned Pending Investigation,,2021-11,
"Crepaldi, Gabriele",Matisse,,,2025-04,Banned
Crespo. Alex,Saint Juniper's Folly,,,,Banned
"Crew, Linda",Brides of Eden: A True Story Imagined,,,,Banned
"Crewes, Eleanor",Lilla the Accidental Witch,,,2024-08,Banned By Restriction
"Crichton, Michael",Disclosure,,,2025-04,Banned | Banned Pending Investigation
"Crichton, Michael",Micro,,,,Banned Pending Investigation
"Crichton, Michael",Next,,,2025-04,Banned | Banned Pending Investigation
"Crichton, Michael",Pirate Latitudes,,,2025-04,Banned
"Crichton, Michael",Prey,,,2022-10,Banned Pending Investigation
"Crichton, Michael",State of Fear,,,,Banned Pending Investigation
"Crilley, Mark",My Last Summer with Cass,,,2022-09,Banned Pending Investigation
"Crispell, Susan Bishop",The Holloway Girls,,,,Banned Pending Investigation
"Criswell, Shelby",Queer As All Get Out: 10 People Who've Inspired Me,,,2024-08,Banned By Restriction | Banned
"Crocker, Nancy",Billie Standish Was Here,,,,Banned
"Croft, Cindy",Gender Issues,,,2024-08,Banned By Restriction
"Cronin, Justin",The Passage,,,,Banned Pending Investigation
"Cronn-Mills, Kirsten",Gender Inequality in Sports: From Tiile IX lo World Titles,,,,Banned
"Cronn-Mills, Kirstin",Beautiful Music for Ugly Children,Banned in Libraries,,2021-12,Banned By Restriction
"Cronn-Mills, Kirstin",Original Fake,,,2022-11,Banned from Libraries
"Cronn-Mills, Kirstin",Striving for Equality: LGBTQ Athletes Claim the Field,Banned Pending Investigation,,2021-12,Banned Pending Investigation | Banned By Restriction | Banned
"Cronn-Mills, Kirstin","Transgender Lives: Complex Stories, Complex Voices",,,2022-10,Banned Pending Investigation | Banned By Restriction | Banned
"Cross II, Cecil R.",First Semester,,,,Banned Pending Investigation
"Cross, Julie",Halfway Perfect,,,,Banned Pending Investigation
"Cross, Julie",Tempest,,,2025-04,Banned | Banned Pending Investigation
"Cross, Kady",Vigilante,,,2025-06,Banned Pending Investigation | Banned
"Crutcher, Chris",Athletic Shorts: Six Short Stories,,,,Banned Pending Investigation | Banned
"Crutcher, Chris",Chinese Handcuffs,,,,Banned Pending Investigation | Banned
"Crutcher, Chris",Deadline,,,2025-06,Banned | Banned Pending Investigation
"Crutcher, Chris",Losers Bracket,,,2025-04,Banned By Restriction
"Crutcher, Chris",Period 8,,,2025-02,Banned
"Crutcher, Chris",Running Loose,,,2024-12,Banned By Restriction | Banned | Banned Pending Investigation
"Crutcher, Chris",Staying Fat for Sarah Byrnes,Banned in Libraries | Banned Pending Investigation,,2021-12,Banned from Classrooms | Banned
"Crutcher, Chris",The Crazy Horse Electric Game,,,,Banned
"Crutcher, Chris",The Sledding Hill,,,,Banned Pending Investigation
"Crutcher, Chris",Whale Talk,Banned Pending Investigation,,2021-10,Banned | Banned Pending Investigation
"Cullen, Dave",Columbine,,,2025-02,Banned
"Cullen-DuPont, Kathryn","American Women Activists' Writings: An Anthology, 1637-2002",,,,Banned Pending Investigation
"Cullen-DuPont, Kathryn",Human Trafficking,,,,Banned Pending Investigation
"Cullen-DuPont, Kathryn",Human Trafficking (KCD),,,2024-08,Banned Pending Investigation
"Cumming, Alan",The Adventures of Honey and Leon,,"Shaffer, Grant",,Banned Pending Investigation
"Cumming, Robert",Annotated Art,,,2025-04,Banned
"Cumming, Robert",Art: Annotated Guides,,,2022-09,Banned Pending Investigation
"Cummings, Lindsay",The Murder Complex,,,2022-11,Banned from Libraries | Banned
"Cummings, Priscilla",Red Kayak,,,2025-04,Banned By Restriction
"Cummins, Jeanine",American Dirt,,,,Banned
"Cumyn, Alan",Tilt (AC),,,2025-04,Banned | Banned Pending Investigation
"Cunningham, Anne",Reproductive Rights,,,,Banned
"Cunningham, Kevin",Can We Achieve Gender Equality,,,2024-09,Banned
"Cunningham, Michael",Specimen Days,,,2025-06,Banned By Restriction
"Curato, Mike",Flamer,Banned in Libraries and Classrooms | Banned Pending Investigation | Banned in Libraries,,2021-11,Banned from Libraries and Classrooms | Banned from Libraries | Banned Pending Investigation | Banned | Banned By Restriction
"Curlee, Lynn",The Great Nijinsky: God of Dance,,,,Banned
"Currie, Lindsay",The Girl in White,,,2024-08,Banned By Restriction
"Currie, Stephen",LGBTQ Rights and Activism,,,2024-08,Banned By Restriction | Banned
"Currie-McGhee, Leanna",LGBT Families (Changing Families),Banned Pending Investigation,,2021-12,Banned By Restriction | Banned
"Curry, Tyler",A Peacock Among Pigeons,Banned Pending Investigation,,2022-04,
"Curtis, Christopher Paul",The Mighty Miss Malone,Banned Pending Investigation,,2022-01,
"Curtis, Christopher Paul",The Watsons Go To Birmingham - 1963,,,,Banned By Restriction
"Curtis, Marci Lyn",The Leading Edge of Now,,,,Banned
"Cushman, Karen","Catherine, Called Birdy",,,2024-08,Banned By Restriction
"Cushman, Karen",The Midwife's Apprentice,,,,Banned By Restriction | Banned Pending Investigation
"Cusick, John M.",Cherry Money Baby,,,2025-06,Banned Pending Investigation | Banned
"Cusick, John M.",Girl Parts,,,2025-06,Banned Pending Investigation | Banned
"d'Lacey, Chris",Fire Star,,,2022-10,Banned from Libraries
"Dabb, Andrew","The Legend of Drizzt, Vol. 2: Exile",,"Salvatore, R. A.",2025-02,Banned
"Dabb, Andrew","The Legend of Drizzt, Vol. 3: Sojourn",,"Salvatore, R. A.",2025-02,Banned
"Dabb, Andrew","The legend of Drizzt, Vol. 6: The Halfling's Gem",,"Salvatore, R. A.",2025-02,Banned
"Dabb, Andrew","The legend of Drizzt, Vol. 7: The Legacy",,"Salvatore, R. A.",2025-02,Banned
"Dabos, Christelle",A Winter's Promise,,"Serle, Hildegarde",,Banned Pending Investigation
"Daemicke, Songju Ma",A Case of Sense,Banned Pending Investigation,,2022-01,
"Dahl, Roal",The Witches (Graphic Novel Verson),,,,Banned By Restriction
"Dahl, Roald",Revolting Rhymes,,,2024-10,Banned | Banned By Restriction
"Dai, Sijie",Balzac and the Little Chinese Seamstress,,,,Banned Pending Investigation
"Dairman, Tara",The Girl From Earth's End,,,,Banned
"Daldry, Jeremy","The Teenage Guy's Survival Guide: The Real Deal on Going Out, Growing Up, and Other Guy Stuff",,,2022-10,Banned Pending Investigation | Banned | Banned By Restriction
"Daly, Kathleen",Greek and Roman Mythology A to Z: A Young Reader's Compansion,,,2025-02,Banned
"Damon, Duane",Headin' For Better Times: The Arts of the Great Depression,,,2024-11,Banned
"Dandro, Travis",King of King Court,,,2022-09,Banned Pending Investigation
"Danforth, Emily M.",The Miseducation of Cameron Post,Banned in Libraries | Banned Pending Investigation,,2021-12,Banned Pending Investigation | Banned By Restriction | Banned
"Danielewski, Mark Z",House of Leaves,,,2024-11,Banned By Restriction
"Daniels, April",Dreadnought,Banned in Libraries,,2021-12,
"Daniels, April",Dreadnought (AD),,,2024-08,Banned By Restriction | Banned
"Daniels, April",Sovereign,,,2024-08,Banned By Restriction | Banned
"Daniels, Babygirl",Glitter,,,2022-10,Banned Pending Investigation
"Danticat, Edwidge","Breath, Eyes, Memory",,,,Banned
"Danticat, Edwidge",The Dew Breaker,,,,Banned
"Danticat, Edwidge",The Farming of Bones,,,,Banned
"Danziger, Danny",1215: The Year of Magna Carta,,"Gillingham, John",,Banned By Restriction
"Dapier, Jarrett",Mr. Watson's Chickens,,,,Banned By Restriction
"Darman, Peter",The Holocaust and Life Under Nazi Occupation,,,2025-02,Banned
"Darrows, Eva",Belly Up,,,2024-08,Banned By Restriction | Banned
"Darrows, Eva",Dead Little Mean Girl,,,,Banned Pending Investigation
"Darrows, Eva",The Awesome,,,2024-10,Banned
"Das, Rasamandala",Hinduism,,,2025-02,Banned
"Dasgupta, Sayantani",Debating Darcy,,,2025-02,Banned | Banned Pending Investigation
"DasGupta, Sayantani",The Serpent's Secret,,,2025-04,Banned
"Dashner, James",The Death Cure,,,2025-02,Banned | Banned By Restriction
"Dashner, James",The Fever Code,,,2025-02,Banned | Banned By Restriction
"Dashner, James",The Kill Order,,,2025-02,Banned | Banned By Restriction
"Dashner, James",The Maze Runner,,,2025-02,Banned | Banned By Restriction
"Dashner, James",The Scorch Trials,,,2025-02,Banned | Banned By Restriction
"Daud, Somaiya",Court of Lions,,,2022-10,Banned from Libraries
"Daud, Somaiya",Mirage,,,,Banned Pending Investigation
"Daughtry, Mikki",All This Time,,,2024-12,Banned | Banned Pending Investigation
"Daughtry, Mikki",Five Feet Apart,,,,Banned By Restriction | Banned Pending Investigation
"David, Peter",Sir Apropos of Nothing,,,,Banned By Restriction
"Davids, Sharice",Sharice's Big Voice: A Native Kid Becomes a Congresswoman,,"Mays, Nancy K.",2024-08,Banned By Restriction
"Davidson, Alice Joyce",Psalms and Proverbs,,,2023-06,Banned from Libraries and Classrooms
"Davidson, Alice Joyce",The Story of Baby Moses,,,2023-06,Banned from Libraries and Classrooms
"Davidson, Alice Joyce",The Story of Creation,,,2023-06,Banned from Libraries and Classrooms
"Davidson, Alice Joyce",The Story of Daniel and the Lions,,,2023-06,Banned from Libraries and Classrooms
"Davidson, Alice Joyce",The Story of Exodus,,,2023-06,Banned from Libraries and Classrooms
"Davidson, Alice Joyce",The Story of Jesus and His Disciples,,,2023-06,Banned from Libraries and Classrooms
"Davidson, Alice Joyce",The Story of Jonah (AJD),,,2023-06,Banned from Libraries and Classrooms
"Davidson, Alice Joyce",The Story of Noah,,,2023-06,Banned from Libraries and Classrooms
"Davidson, Alice Joyce",The Story of the Loaves and Fishes,,,2023-06,Banned from Libraries and Classrooms
"Davidson, Alice Joyce",The Story of the Prodigal Son,,,2023-06,Banned from Libraries and Classrooms
"Davidson, Alice Joyce",The Story of the Tower of Babel,,,2023-06,Banned from Libraries and Classrooms
"Davies, Linda",Longbow Girl,,,2024-11,Banned By Restriction
"Davis, Carol Anne",Children Who Kill: Profiles of Pre-Teen and Teenage Killers,,,2024-08,Banned
"Davis, Charlotte Nicole",The Good Luck Girls,,,,Banned
"Davis, G. Haron",Transmogrify! 14 Fantastical Tales of Trans Magic,,,,Banned
"Davis, Heather",Never Cry Werewolf,,,,Banned By Restriction
"Davis, Kenneth C.",Don't Know Much About Mythology: Everything You Need to Know About the Greatest Stories in Human History but Never Learned,,,2022-09,Banned Pending Investigation
"Davis, Tanita S.",Happy families,Banned in Libraries,,2021-12,Banned
"Dawe, Ted",Into the River,,,2024-10,Banned | Banned Pending Investigation
"Dawn, Sasha",Blink,,,,Banned
"Dawson, Delilah S.",Midnight at the Houdini,,,2024-08,Banned By Restriction
"Dawson, Juno",This Book Is Gay,Banned in Libraries and Classrooms | Banned in Libraries | Banned Pending Investigation,,2021-07,Banned Pending Investigation | Banned from Libraries and Classrooms | Banned from Libraries | Banned | Banned By Restriction
"Dawson, Juno",Understanding Gender,Banned Pending Investigation,,2021-12,Banned By Restriction | Banned
"Dawson, Juno",What's the T?: The Guide to All Things Trans and/or Nonbinary,,,2025-05,Banned Pending Investigation | Banned
"Day, Malcolm",100 Characters from Classical Mythology: Discover the Fascinating Stories of the Greek and Roman Deities,,,,Banned Pending Investigation
"Day, Meredith",Lyndon B. Johnson,,,,Banned Pending Investigation
"Day, Nancy",The Death Penalty for Teens: A Pro/Con Issue,,,2025-02,Banned
"Day, Nancy",Your Travel Guide to Ancient Greece,,,2025-04,Banned
"Dayton, Arwen Elys","Stronger, Faster, and More Beautiful",,,2025-06,Banned Pending Investigation | Banned
"Dazai, Osamu",No Longer Human,,,,Banned By Restriction
DC Comics,Teen Titans,,,2024-10,Banned
"De Bernières, Louis",Corelli's Mandolin,,,,Banned Pending Investigation | Banned By Restriction
"de Gramont, Nina",Meet Me at the River,,,,Banned Pending Investigation
"de Gramont, Nina",The Boy I Love,Banned Pending Investigation,,2022-01,Banned By Restriction
"De Hahn, Tracee",Crimes Against Children: Child Abuse and Neglect,,"Sarat, Austin; Marvis, B.",2025-02,Banned
"de Koster, Katie",Child Abuse (KD),,"Swisher, Karin L.",,Banned Pending Investigation
"de la Cruz, Melissa",Alex and Eliza,,,,Banned
"de la Cruz, Melissa",All for One,,,2025-04,Banned By Restriction | Banned Pending Investigation
"de la Cruz, Melissa",Bloody Valentine,,,,Banned Pending Investigation
"de la Cruz, Melissa",Blue Bloods,,,2022-10,Banned from Libraries | Banned | Banned Pending Investigation
"de la Cruz, Melissa",Blue Bloods: After Life,,,2022-10,Banned from Libraries
"de la Cruz, Melissa",Blue Bloods: The Graphic Novel,,"Venditti, Robert",2025-06,Banned
"de la Cruz, Melissa",Frozen,,"Johnston, Michael",2025-04,Banned Pending Investigation
"de la Cruz, Melissa",Gates of Paradise,,,2022-10,Banned from Libraries | Banned Pending Investigation
"de la Cruz, Melissa",Girl Stays in the Picture,,,2024-11,Banned
"de la Cruz, Melissa",Keys to the Repository,,,2024-11,Banned | Banned Pending Investigation
"de la Cruz, Melissa",Lost in Time,,,2022-10,Banned from Libraries | Banned Pending Investigation
"de la Cruz, Melissa",Love and War,,,,Banned Pending Investigation
"de la Cruz, Melissa",Masquerade,,,2022-10,Banned from Libraries | Banned | Banned Pending Investigation
"de la Cruz, Melissa",Misguided Angel,,,2022-10,Banned from Libraries | Banned | Banned Pending Investigation
"de la Cruz, Melissa",Revelations,,,2022-10,Banned from Libraries | Banned | Banned Pending Investigation
"de la Cruz, Melissa",The Au Pairs,,,,Banned Pending Investigation
"de la Cruz, Melissa",The Ring and the Crown,,,2025-04,Banned | Banned Pending Investigation
"de la Cruz, Melissa",The Van Alen Legacy,,,2022-10,Banned from Libraries | Banned | Banned Pending Investigation
"De La Cruz, Sharon Lee",I'm a Wild Seed: My Graphic Memoir on Queerness and Decolonizing the World,Banned Pending Investigation,,2022-02,Banned By Restriction
"de la Peña, Matt",Carmela Full of Wishes,Banned in Classrooms,,2021-08,
"de la Peña, Matt",Last Stop on Market Street,Banned in Classrooms,,2021-08,
"de la Peña, Matt",Mexican Whiteboy,Banned in Libraries and Classrooms,,2021-11,Banned | Banned Pending Investigation
"de la Peña, Matt",Milo Imagines the World,,,2023-03,Banned Pending Investigation | Banned
"de la Peña, Matt",The Living,,,2025-04,Banned By Restriction | Banned Pending Investigation
"De Leon, Jennifer",Don't Ask Me Where I'm From,,,2025-04,Banned Pending Investigation
"De Lint, Charles",Moonheart,,,,Banned Pending Investigation
"De Lint, Charles",The Blue Girl,,,2025-04,Banned By Restriction | Banned Pending Investigation
"De Medeiros, James",The Migration North,Banned Pending Investigation,,2021-12,
"de Nanteuil, Luc",Jacques-Louis David,,,,Banned Pending Investigation
"de Robertis, Carolina",The Gods of Tango,Banned Pending Investigation,,2021-12,Banned By Restriction
"de Rosnay, Tatiana",A Secret Kept,,,,Banned By Restriction
"de Rosnay, Tatiana",Sarah's Key,,,2024-08,Banned By Restriction
"de Rynck, Patrick",How to Read a Painting: Lessons from the Old Masters,,,2025-04,Banned
"Deady, Kathleen W.",Hawks,,,2024-11,Banned
"Dean, Carolee",Forget Me Not (CD),,,,Banned Pending Investigation
"Dean, Zoey",American Beauty,,,,Banned Pending Investigation
"Dean, Zoey",Girls on Film,,,2024-11,Banned
"Dean, Zoey",Sunset Boulevard,,,,Banned Pending Investigation
"Dean, Zoey",Tall Cool One,,,,Banned Pending Investigation
"Deaver, Mason",I Wish You All the Best,Banned Pending Investigation,,2022-02,Banned By Restriction | Banned Pending Investigation | Banned
"Deaver, Mason","Okay, Cupid",,,2024-08,Banned By Restriction | Banned
"Deaver, Mason",The Feeling of Falling in Love,,,,Banned Pending Investigation | Banned
"DeCarlo, Carolyn",Everything You Need to Know About the Risks of Unprotected Sex,,,,Banned
"Dee, Barbara",Maybe He Just Likes You,Banned Pending Investigation,,2022-03,Banned By Restriction
"Dee, Barbara",Star-Crossed,Banned Pending Investigation,,2021-12,Banned By Restriction | Banned Pending Investigation
"Dee, Barbara",The (Almost) Perfect Guide to Imperfect Boys,,,,Banned Pending Investigation
"Dee, Barbara",Violets are Blue (BD),,,,Banned Pending Investigation
"Deedy, Carmen Agra",14 Cows for America,Banned Pending Investigation,"Naiyomah, Wilson Kimeli",2022-01,
"Deem, James M.",How to Make A Mummy Talk,,,2025-02,Banned
"Defoe, Daniel",Moll Flanders,,,,Banned
"DeGeneres, Betty","Love, Ellen: A Mother/Daughter Journey",,,,Banned Pending Investigation
"Delaney, J. P.",The Girl Before,,,,Banned By Restriction
"Delaware, Steven S.",Art and Culture of the Medieval World,,"Di Pasquale, Giovanni; Bardi, Matilde",2025-02,Banned
"Deleon, Jana",Later Gator,,,2023-04,Banned Pending Investigation
"Dellaira, Ava",In Search of Us,,,,Banned Pending Investigation | Banned
"Dellaira, Ava",Love Letters to the Dead,,,,Banned Pending Investigation
"Delpit, Lisa","""Multiplication Is for White People"": Raising Expectations for Other People's Children",Banned in Classrooms,,2021-08,
"Delpit, Lisa D.",Teaching When the World Is on Fire,Banned Pending Investigation,,2022-02,
"Delval, Marie-Hélène",The Bible for Young Children,,,2023-06,Banned from Libraries and Classrooms
"Dembicki, Matt","Trickster: Native American Tales, A Graphic Collection",,,,Banned Pending Investigation
"Demetrios, Heather",I'll Meet You There,,,,Banned Pending Investigation
"DeMille, Nelson",Plum Island,,,,Banned Pending Investigation
"DeMille, Nelson",Up country : a novel,,,,Banned Pending Investigation
"Deming, Sarah",Gravity (SD),,,2025-04,Banned | Banned Pending Investigation
"Dennard, Susan",Truthwitch,,,,Banned Pending Investigation
"Densford, Ian",Trench Dogs,,,2024-10,Banned
"Deonn, Tracy",Legendborn,,,,Banned Pending Investigation
"dePaola, Tomie",Bill and Pete,,,,Banned
"DePaola, Tomie",Book of Bible Stories: New International Version,,,2023-06,Banned from Libraries and Classrooms
"DePaola, Tomie",Mary: The Mother of Jesus,,,2023-06,Banned from Libraries and Classrooms
"DePaola, Tomie",Oliver Button is a Sissy,,,,Banned Pending Investigation
"dePaola, Tomie",The Legend of the Bluebonnet,Banned Pending Investigation,,2022-01,
"DePaola, Tomie",The Miracles of Jesus,,,2023-06,Banned from Libraries and Classrooms
"DePaola, Tomie",The Parables of Jesus,,,2023-06,Banned from Libraries and Classrooms
"DePaola, Tomie",The Story of the Three Wise Kings,,,2023-06,Banned from Libraries and Classrooms
"Deriso, Christine Hurley",Thirty Sunsets,,,,Banned Pending Investigation
"Derrick, Alyson",Forget Me Not (AD),,,2025-02,Banned
"Derricotte, Toi",I: New and Selected Poems,,,2024-10,Banned
"Derting, Kimberly",Cece Loves Science,Banned in Classrooms,"Johannes, Shelli R.",2021-08,
"des Neiges Léonard, Marie",Gender Equality (Foundations of Democracy),Banned Pending Investigation,"Cucini, Sara",2021-12,Banned By Restriction | Banned Pending Investigation | Banned
"Desai, Kiran",The Inheritance Of Loss,,,,Banned By Restriction
"Desjardins, India",A Story about Cancer with a Happy Ending,,,2022-09,Banned Pending Investigation
"Desombre, Auriane",I Think I Love You,Banned Pending Investigation,,2022-02,
"Dessen, Sarah",Along for the Ride,,,,Banned Pending Investigation
"Dessen, Sarah",Dreamland,,,2025-02,Banned | Banned Pending Investigation
"Dessen, Sarah",Just Listen,,,2024-12,Banned | Banned By Restriction
"Dessen, Sarah",Lock and Key,,,2025-04,Banned Pending Investigation | Banned
"Dessen, Sarah",Once and for All,,,2025-04,Banned By Restriction | Banned Pending Investigation
"Dessen, Sarah",Saint Anything,,,,Banned Pending Investigation
"Dessen, Sarah",Someone Like You,,,,Banned By Restriction | Banned Pending Investigation | Banned
"Dessen, Sarah",That Summer,,,,Banned Pending Investigation
"Dessen, Sarah",The Moon and More,,,2025-04,Banned By Restriction | Banned Pending Investigation
"Dessen, Sarah",The Truth about Forever,,,2025-04,Banned Pending Investigation
"Dessen, Sarah",This Lullaby,,,2025-04,Banned By Restriction | Banned Pending Investigation
"Dessen, Sarah",What Happened to Goodbye,,,2025-06,Banned By Restriction
"DeStefano, Lauren",Wither,,,,Banned Pending Investigation
"DeStefano, Susan",Drugs and the Family,,,2025-02,Banned
"Deuker, Carl",Golden Arm,,,2025-04,Banned By Restriction
"Deuker, Carl",Gutless,,,2025-04,Banned By Restriction
"Deuker, Carl",Gym Candy,,,2025-04,Banned Pending Investigation
"Deuker, Carl",Heart of A Champion,,,2025-06,Banned By Restriction
"Deuker, Carl",High Heat,,,2025-06,Banned By Restriction
"Deuker, Carl",Painting the Black,,,2025-04,Banned Pending Investigation
"Deuker, Carl",Swagger,,,2025-02,Banned | Banned By Restriction | Banned Pending Investigation
"Deutsch, Stacia",Team BFF: Race to the Finish!,Banned in Classrooms,,2021-08,
"Deutsch, Stacia",The Friendship Code,Banned in Classrooms,,2021-08,
"Deveraux, Jude",Heartwishes,,,,Banned By Restriction
"Devine, Eric",Look Past,Banned Pending Investigation,,2021-12,Banned By Restriction | Banned
"Devlin, Calla",Right Where You Left Me,,,2024-10,Banned
"Devlin, Calla",Tell Me Something Real,,,,Banned Pending Investigation
"Devore, Laurie",A Better Bad Idea,Banned Pending Investigation,,2022-02,
"DeWitt, Amanda",Aces Wild: A Heist,,,2024-08,Banned By Restriction
"DeWitt, Amanda",Wren Martin Ruins it All,,,2024-08,Banned By Restriction
"DeWitt, Peter M.",Dignity for All: Safeguarding LGBT Students,,,,Banned
"Dhaliwal, Aminder",Woman World,,,2022-09,Banned Pending Investigation
"Di Cagno, Gabriella",Michelangelo: Master of the Italian Renaissance,,,2022-09,Banned Pending Investigation
"Diamond, Shifra N.",Everything You Need to Know About Going to the Gynecologist,,,2025-02,Banned
"Diamond, Susan",What Goes Around (SD),,,,Banned By Restriction
"DiAngelo, Robin",White Fragility: Why It's So Hard for White People to Talk About Racism,Banned in Classrooms,,2021-08,Banned
"Diaz, Alexandra",La travesía de Santiago,,,2024-11,Banned
"Diaz, Alexandra",Santiago's Road Home,,,2025-02,Banned
"Diaz, Junot",Drown,,,,Banned
"Díaz, Junot",Islandborn,Banned in Classrooms | Banned Pending Investigation,,2021-08,Banned Pending Investigation
"Díaz, Junot",The Brief Wondrous Life of Oscar Wao,,,2024-07,Banned | Banned By Restriction
"DiCamillo, Kate","Beverly, Right Here",,,,Banned
"Dick, Philip K.",Blade Runner (do Androids Dream of Electric Sheep),,,,Banned Pending Investigation
"Dickens, Charles",A Tale of Two Cities,,,,Banned Pending Investigation
"Dickens, Charles",David Copperfield: Adapted for Young Readers,,,,Banned Pending Investigation
"Dickey, James","God's Images: The Bible, A New Vision",,,2025-02,Banned
"Dickey, Thomas",The Complete Kodak Book of Photography,,,2025-02,Banned
"Dickins, Rosie",The Usborne Introduction to Art,,,2025-02,Banned | Banned Pending Investigation
"Dickinson, John",The Cup of the World,,,,Banned Pending Investigation
"Dickinson, Stephanie",Corn Goddess,,,,Banned Pending Investigation
"Didion, Joan",Slouching Towards Bethlehem,,,2024-08,Banned By Restriction
"Dietrich, Cale",The Friend Scheme,Banned Pending Investigation,,2022-02,
"Dietrich, Cale",The Love Interest,Banned in Libraries | Banned Pending Investigation,,2021-12,Banned By Restriction | Banned Pending Investigation | Banned from Libraries and Classrooms
"Diggs, Barbara",Racial Bias: Is Change Possible?,,,,Banned
"Diggs, Taye",Mixed Me!,Banned in Classrooms,,2021-08,
"Dike, Chidinma","A Stylistic Analysis of Selected Stories in Achebe's ""Girls At War And Other Stories"": A Comparative Study",,,,Banned By Restriction
Dill. Khodi,"Stay up: racism, resistance, and reclaiming Black freedom",,,,Banned
"Dillon, Diane",To Every Thing There is a Season: Verses from Ecclesiastes,,"Dillon, Leo",2023-06,Banned from Libraries and Classrooms
"Dillon, Leo",Rap a Tap Tap: Here's Bojangles - Think of That!,Banned in Classrooms,,2021-08,
"Dimaline, Cherie",Empire of Wild,,,2025-06,Banned Pending Investigation | Banned
"Dimaline, Cherie",Hunting by Stars,,,,Banned Pending Investigation
"Dimaline, Cherie",The Marrow Thieves,,,2025-06,Banned Pending Investigation | Banned
"DiMartino, Michael Dante","The Legend of Korra: Turf Wars, Part One",Banned Pending Investigation,,2022-02,
"DiMartino, Michael Dante","The Legend of Korra: Turf Wars, Part Three",Banned Pending Investigation,,2022-02,
"Dinan, Kurt",Don't Get Caught,,,,Banned Pending Investigation
"Dingess, Chris",Manifest Destiny,,,2024-11,Banned
"Dingle, Adrian",The Elements,,,2024-09,Banned
"Dinnison, Kris",You and Me and Him,Banned Pending Investigation,,2022-01,Banned Pending Investigation
"Dirkes, Craig","Sucktown, Alaska",,,2025-05,Banned | Banned Pending Investigation
Discovery Channel,Vietnam,,,2025-02,Banned
"Dismondy, Maria","Chocolate Milk, Por Favor",Banned in Classrooms,,2021-08,
"DiTerlizzi, Angela",The Magical Yet,Banned in Classrooms,,2021-08,
Dk,Ancient Rome (DK),,,2025-02,Banned
Dk,Children's Book of Art,,,2024-08,Banned
Dk,Early Humans: Discover How the World's First People Lived,,,2025-02,Banned
Dk,Heads Up Sociology,,,,Banned
Dk,Knowledge Genius!: A Quiz Encyclopedia to Boost Your Brain,,,2025-02,Banned
Dk,Mythology (DK),,,2025-02,Banned
"Do, Anh",WeirDo Series: Crazy Weird!,Banned in Classrooms,,2021-08,Banned
"Do, Anh",WeirDo Series: Even Weirder!,Banned in Classrooms,,2021-08,Banned
"Do, Anh",WeirDo Series: Extra Weird!,Banned in Classrooms,,2021-08,Banned
"Do, Anh",WeirDo Series: Hopping Weird!,Banned in Classrooms,,2021-08,Banned
"Do, Anh",WeirDo Series: Mega Weird!,Banned in Classrooms,,2021-08,Banned
"Do, Anh",WeirDo Series: Messy Weird!,Banned in Classrooms,,2021-08,Banned
"Do, Anh",WeirDo Series: Planet Weird,Banned in Classrooms,,2021-08,Banned
"Do, Anh",WeirDo Series: Really Weird!,Banned in Classrooms,,2021-08,Banned
"Do, Anh",WeirDo Series: Spinning Weird,Banned in Classrooms,,2021-08,Banned
"Do, Anh",WeirDo Series: Splashy Weird!,Banned in Classrooms,,2021-08,Banned
"Do, Anh",WeirDo Series: Spooky Weird!,Banned in Classrooms,,2021-08,Banned
"Do, Anh",WeirDo Series: Super Weird!,Banned in Classrooms,,2021-08,Banned
"Do, Anh",WeirDo Series: Tasty Weird!,Banned in Classrooms,,2021-08,Banned
"Do, Anh",WeirDo Series: Totally Weird!,Banned in Classrooms,,2021-08,Banned
"Do, Anh",WeirDo Series: Vote Weirdo,Banned in Classrooms,,2021-08,Banned
"Do, Anh",WeirDo Series: WeirDo,Banned in Classrooms,,2021-08,Banned
"Do, Anh",WeirDo Series: Weirdomania!,Banned in Classrooms,,2021-08,Banned
"Doak, Robin S.",Christopher Columbus: Explorer of the New World,,,,Banned Pending Investigation
"Doak, Robin S.",Malala Yousafzai (A True Book: Biographies),Banned in Classrooms,,2021-08,
Dobbs,H.G. Wells: The Invisible Man,,,2024-10,Banned
Dobbs,H.G. Wells: The Time Machine,,,2024-10,Banned
"Dockter, Debra",Deadly Design,,,,Banned Pending Investigation
"Doctorow, Cory",Little Brother,,,2025-05,Banned | Banned Pending Investigation
"Doctorow, Cory",Pirate Cinema,,,,Banned Pending Investigation
"Dodd, Christina",Strangers She Knows,,,,Banned By Restriction
"Doeden, Matt","Health Smarts: How to Eat Right, Stay Fit, Make Positive Choices, and More",,,,Banned Pending Investigation
"Doeden, Matt",Lady Gaga: Pop's Glam Queen,,,,Banned Pending Investigation
"Doeden, Matt","More Than a Game: Race, Gender, and Politics in Sports",Banned Pending Investigation,,2021-12,Banned
"Doerr, Anthony",All the Light We Cannot See,,,,Banned Pending Investigation | Banned By Restriction
"Dogar, Sharon",Annexed,,,2025-05,Banned | Banned Pending Investigation
"Dolan, Sean",Bob Marley,,,,Banned Pending Investigation
"Dolcetta, Marco",Raphael: School of Athens,,,2022-09,Banned Pending Investigation
"Doller, Trish",Something Like Normal,,,,Banned | Banned Pending Investigation
"Doller, Trish",The Devil You Know,,,2025-05,Banned | Banned Pending Investigation
"Doller, Trish",Where the Stars Still Shine,,,2025-05,Banned | Banned Pending Investigation
Dom & Ink,"Free To Be Me: An LGBTQ+ Journal of Love, Pride and Finding Your Inner Rainbow",,,2025-02,Banned
"Dominguez, Angela",Stella Díaz Has Something to Say,Banned in Classrooms,,2021-08,
"Dominick, Andie",Needles,,,,Banned Pending Investigation
"Dominy, Amy Fellner",Announcing Trouble,,,,Banned Pending Investigation
"Donald, David Herbert",Look Homeward: A Life of Thomas Wolfe,,,,Banned Pending Investigation
"Donaldson, Jennifer",Lies You Never Told Me,,,,Banned Pending Investigation | Banned
"Donaldson, Stephen R.",The One Tree,,,,Banned By Restriction
"Donlan, Leni",Cherokee Rose,,,2025-02,Banned
"Donne, Alexa",Brightly Burning,,,,Banned Pending Investigation
"Donnelly, Jennifer",A Northern Light,,,,Banned Pending Investigation | Banned
"Donnelly, Jennifer",Poisoned,,,2022-11,Banned from Libraries
"Donnelly, Jennifer",Rogue Wave,,,2022-10,Banned from Libraries
"Donnelly, Jennifer",Stepsister,,,,Banned Pending Investigation
"Donnelly, Jennifer",These Shallow Graves,,,,Banned By Restriction
"Donoghue, Emma",Room,,,2025-06,Banned By Restriction | Banned
"Donoghue, Emma",The Lotterys More or Less,,,,Banned Pending Investigation
"Donoghue, Emma",The Lotterys Plus One,,,2024-08,Banned By Restriction | Banned Pending Investigation | Banned
"Donoghue, Emma",The Pull of the Stars,Banned Pending Investigation,,2022-02,
"Donovan, John",I'll Get There. It Better Be Worth the Trip,,,2024-10,Banned By Restriction
"Dooley, Sarah",Ashes to Asheville,Banned Pending Investigation,,2022-01,Banned
"Dorfman, Andrea",Flawed,,,2022-09,Banned Pending Investigation | Banned By Restriction
"Dorkin, Evan",Beasts of Burden: Animal Rites,,"Thompson, Jill",2022-09,Banned Pending Investigation
"Dorrestein, Renate",A Heart of Stone,,,,Banned By Restriction
"Dorris, Michael",A Yellow Raft in Blue Water,,,2025-06,Banned Pending Investigation | Banned
"Dorros, Arthur",Abuela,Banned Pending Investigation,,2022-01,
"Dougan, Andy",Robin Williams,,,2023-02,Banned Pending Investigation
"Douglas, John E.",The Cases that Haunt Us,,,,Banned By Restriction
"Douglass, Frederick",Narrative of the Life of Frederick Douglass,Banned in Libraries and Classrooms,,2021-10,Banned By Restriction
"Douglass, Ryan",The Taking of Jake Livingston,,,2025-06,Banned Pending Investigation | Banned
"Dowd, Siobhan",A Swift Pure Cry,,,2025-06,Banned By Restriction | Banned Pending Investigation
"Dowd, Siobhan",Bog Child,,,2025-05,Banned By Restriction | Banned Pending Investigation
"Dowd, Siobhan",Solace of the Road,,,2025-05,Banned By Restriction | Banned Pending Investigation
"Downham, Jenny",Before I Die,,,2025-06,Banned Pending Investigation | Banned
"Downham, Jenny",Unbecoming,Banned Pending Investigation,,2022-02,Banned Pending Investigation
"Downham, Jenny",You Against Me,,,2024-10,Banned | Banned Pending Investigation
"Downing, Antonio Michael",Saga Boy: My Life of Blackness and Becoming,,,,Banned Pending Investigation
"Downing, David",Aftermath and Remembrance,,,2025-02,Banned
"Downing, David",Origins of the Holocaust,,,2025-02,Banned
"Downing, David",Persecution and Emigration,,,2025-02,Banned
"Downing, David",The Nazi Death Camps,,,2025-02,Banned
"Downing, David",Towards Genocide,,,2025-02,Banned
"Doyle, Arthur Conan",The Adventures and the Memoirs of Sherlock Holmes,,,,Banned Pending Investigation
"Doyle, Larry","I Love You, Beth Cooper",,,,Banned Pending Investigation | Banned
Dr. Seuss,Wacky Wednesday,,,2024-10,Banned
"Drake, Julia",The Last True Poets of the Sea,,,2025-06,Banned Pending Investigation | Banned
"Draper, Sharon M.",Blended,Banned Pending Investigation | Banned in Libraries and Classrooms | Banned in Libraries,,2021-10,Banned By Restriction | Banned Pending Investigation | Banned
"Draper, Sharon M.",Copper Sun,,,2024-10,Banned | Banned By Restriction | Banned Pending Investigation
"Draper, Sharon M.",Darkness Before Dawn,Banned in Classrooms,,2021-11,Banned | Banned Pending Investigation | Banned By Restriction
"Draper, Sharon M.",Forged By Fire,Banned in Classrooms,,2021-11,Banned Pending Investigation
"Draper, Sharon M.",November Blues,,,2025-05,Banned Pending Investigation
"Draper, Sharon M.",Out of My Mind,,,2025-01,Banned
"Draper, Sharon M.",Panic,Banned in Libraries and Classrooms | Banned in Libraries,,2021-11,
"Draper, Sharon M.",Panic (SMD),,,2025-05,Banned | Banned Pending Investigation
"Draper, Sharon M.",Romiette and Julio,Banned in Libraries,,2022-05,
"Draper, Sharon M.",The Battle of Jericho,,,2025-05,Banned By Restriction | Banned Pending Investigation
"Dreiser, Theodore",An American Tragedy,,,,Banned
"Drill, Esther","Deal with It! A Whole New Approach to Your Body, Brain, and Life as a gURL",,"Odes, Rebecca; McDonald, Heather",,Banned Pending Investigation | Banned
"Drohojowska-Philip, Hunter",Full Bloom: The Art and Life of Georgia O' Keefe,,,2022-09,Banned Pending Investigation
"Druick, Douglas W.",Van Gogh and Gauguin: The Studio of the South,,,,Banned Pending Investigation
"Du Bois, W.E.B.","Black Reconstruction in America, 1860-1880",,,,Banned By Restriction
"du Maurier, Daphne",Rebecca,,,2023-01,Banned from Libraries | Banned
"Duane, Diane",So You Want to be a Wizard,,,,Banned Pending Investigation
"Duane, O.B.",Salvador Dali,,,2025-04,Banned
"Dube, Prince Mbusi",Dumile Feni: The Story of a Great Artist,,,2024-09,Banned
"Duble, Kathleen Benner",Quest,,,2025-01,Banned
"Dubus III, Andre",House of Sand and Fog,,,,Banned By Restriction
"Dudley, William",Child Abuse (WD),,,2025-02,Banned
"Dudley, William",Media Violence,,,2025-02,Banned
"Dugan, Jennifer",Hot Dog Girl,Banned Pending Investigation,,2021-12,Banned By Restriction
"Dugan, Jennifer",Melt With You,,,2024-08,Banned By Restriction
"Dugan, Jennifer",Some Girls Do,,,2024-08,Banned By Restriction
"Dugan, Jennifer",Verona Comics,Banned Pending Investigation,,2022-02,
"Dugard, Jaycee",A Stolen Life,,,2023-06,Banned Pending Investigation | Banned | Banned By Restriction
"Duhig, Holly",Same-Sex Parents,,,2023-04,Banned Pending Investigation
"Dulak, Brent",Machete Squad,,"Knodell, Kevin",2024-10,Banned
"Duling, Kaitlyn",Sylvia Rivera,,,2024-08,Banned
"Dumas, Alexandre",The Count of Monte Cristo,,,2024-08,Banned
"Dumas, Alexandre",The Man in the Iron Mask,,Francine Du Plessix-Gray,,Banned
"Dumas, Alexandre",The Three Musketeers,,,,Banned
"Dumas, Firoozeh","It Ain't So Awful, Falafel",Banned Pending Investigation,,2022-01,
"Dumas, Marti",Attack of the Swamp Thing,Banned in Classrooms,,2021-08,
"Dumas, Marti",Mission Star-Power,Banned in Classrooms,,2021-08,
"Dumas, Marti",Muffin Wars,Banned in Classrooms,,2021-08,
"Dumas, Marti",The Ladek Invasion,Banned in Classrooms,,2021-08,
"Dumas, Marti",The Quest for Screen Time,Banned in Classrooms,,2021-08,
"Dunbar, Helene",We Are Lost and Found,Banned in Libraries,,2021-12,
"Dunbar-Ortiz, Roxanne",An Indigenous Peoples' History of the United States,Banned in Classrooms,,2021-08,
"Duncan, Alexandra",Blight,,,2025-06,Banned By Restriction
"Duncan, Alexandra",Salvage,,,,Banned Pending Investigation
"Duncan, Alice Faye","Memphis, Martin, and the Mountaintop: The Sanitation Strike of 1968",Banned Pending Investigation,,2022-01,
"Duncan, Lois",Daughters of Eve,,,,Banned
"Duncan, Lois",Killing Mr. Griffin,Banned Pending Investigation | Banned in Libraries | Banned in Libraries and Classrooms,,2021-11,Banned Pending Investigation | Banned from Libraries | Banned from Libraries and Classrooms | Banned
"Duncan, Lois",Locked in Time,,,2024-11,Banned
"Duncan-Andrade, Jeffrey M. R.",The Art of Critical Pedagogy: Possibilities for Moving from Theory to Practice in Urban Schools,Banned in Classrooms,"Morrell, Ernest",2021-08,
"Dunham, Cyrus Grace",A Year Without a Name,,,,Banned By Restriction
"Dunn, Gaby",I Hate Everyone But You,,"Raskin, Allison",2024-10,Banned
"Dunn, Gaby",Please Send Help,,"Raskin, Allison",2024-08,Banned By Restriction
"Dunn, Pintip",Dating Makes Perfect,,,,Banned Pending Investigation
"Dunthorne, Joe",Submarine,,,,Banned By Restriction
"Duran, Rye",A Perfect Blank,Banned Pending Investigation,,2022-02,Banned Pending Investigation
"Durand, Elodie",Parenthesis,,,2022-09,Banned Pending Investigation
"Durrant, Lynda","My Last Skirt: The Story of Jennie Hodgers, Union Soldier",,,2024-08,Banned By Restriction
"Durrow, Heidi W.",The Girl Who Fell from the Sky,Banned Pending Investigation,,2021-11,Banned from Libraries | Banned | Banned By Restriction | Banned Pending Investigation
"Durst, Sarah Beth",Vessel (SBD),,,2023-02,Banned Pending Investigation
"Dutton, Talia",M is for Monster,,,,Banned
"Duyvis, Corinne",The Art of Saving the World,Banned Pending Investigation,,2021-12,Banned By Restriction
"Dweck, Carol",Mindset: The New Psychology of Success,,,,Banned By Restriction
"Dwyer, Helen",Abnormal Psychology,,,,Banned
"Dyson, Michael Eric",Long Time Coming: Reckoning with Race in America,,,,Banned
"Dywer, Helen","The Early Modern World, 1492 to 1783",,,2025-03,Banned
"Eagle, Judith",The Pear Affair,,,2025-03,Banned
"Eagle, Judith",The Secret Starling,,,2025-04,Banned
"Earls, Nick",After Summer,,,,Banned Pending Investigation
"Eason, Cassandra","Fabulous Creatures, Mythical Monsters, and Animal Power Symbols: A Handbook",,,2024-09,Banned
"Easter, Robin",Upstaged,,,,Banned
"Easton, Emily",Enough! 20 Protesters Who Changed America,Banned in Classrooms,,2021-08,
"Eboch, M.M.",Gender in the 21st Century,,,2024-08,Banned By Restriction | Banned
"Eboch, M.M.",Intersectionality and Identity Politics,,,,Banned
"Eboch, M.M.",Masculinity in the Twenty-First Century,,,,Banned
"Echeverria, José Antonio",Paso a Paso,,,,Banned By Restriction
"Echols, Jennifer",Biggest Flirts,,,,Banned
"Echols, Jennifer",Major Crush,,,2025-01,Banned
"Eddings, David",The Belgariad,,,,Banned Pending Investigation
Eddo-Lodge. Reni,Whv I'm No Longer Talking to While People About Race,,"Olarewaju, Alake",,Banned
"Eddy, Celia",The Quilter's Block Bible,,,2023-06,Banned from Libraries and Classrooms
"Edgers, Geoff",Who Was Elvis Presley?,,,,Banned Pending Investigation
"Edginton, Ian",Kingdom of the Wicked,,,2022-09,Banned Pending Investigation
"Edgmon, H. E.",The fae keeper,,,2024-08,Banned By Restriction
"Edgmon, H. E.",The Witch King,Banned Pending Investigation,,2022-02,Banned By Restriction | Banned
"Edinger, Claudio",Flesh and Spirit,,,,Banned By Restriction
Editorial Staff The New York Times,Activist Athletes: When Sports and Politics Mix,,,,Banned
Editors of Cider Mill Press,Girl Talk: The Ultimate Body & Puberty Book for Girls,,,2022-09,Banned Pending Investigation
Editors of Merriam-Webster,Merriam-Webster's Elementary Dictionary,,,,Banned Pending Investigation
Editors of Merriam-Webster,Webster's Dictionary and Thesaurus for Students,,,,Banned Pending Investigation
Editors of One Nation,The American Spirit: Meeting the Challenge of September 11,,,,Banned
Editors of the American Heritage dictionaries,The American Heritage Children's Dictionary,,,,Banned Pending Investigation
Editors of the Reader's Digest,Reader's Digest Family Guide to the Bible,,,2023-02,Banned Pending Investigation
"Edwards, Gabrielle",Drug Use on Your Streets,,,2025-02,Banned
"Edwards, Roberta",Who Is Barack Obama?,Banned in Classrooms,"Harrison, Nancy",2021-08,
"Edwards, Sue Bradford",Black Lives Matter (SEB),,,2024-08,Banned Pending Investigation
"Ee, Susan",Angelfall,,,,Banned Pending Investigation
"Efaw, Amy",After,Banned Pending Investigation,,2021-12,Banned Pending Investigation
"Efaw, Amy",After (AE),,,2024-10,Banned | Banned By Restriction | Banned Pending Investigation
"Egan, Jennifer",A Visit from the Goon Squad,,,,Banned
"Egendorf, Laura K.",Violence: Opposing Viewpoints,,,2025-02,Banned
"Eggers, Dave",The Circle,Banned in Libraries and Classrooms,,2022-04,Banned | Banned Pending Investigation | Banned By Restriction
"Eggers, Dave",You Shall Know Our Velocity,,,,Banned By Restriction
"Eichler, Anja-Franziska",Albrecht Durer,,,2025-04,Banned
"Eli, Adam",The New Queer Conscience,Banned in Libraries and Classrooms,,2022-02,Banned By Restriction | Banned
"Eliopulos, Andrew",The Fascinators,,,,Banned Pending Investigation
"Elkeles, Simone",Better Than Perfect,,,2022-10,Banned from Libraries
"Elkeles, Simone",Chain Reaction,,,2025-06,Banned Pending Investigation | Banned
"Elkeles, Simone",Leaving Paradise,,,2022-10,Banned from Libraries
"Elkeles, Simone",Perfect Chemistry,Banned in Libraries and Classrooms | Banned in Libraries,,2021-11,Banned | Banned By Restriction | Banned Pending Investigation
"Elkeles, Simone",Rules of Attraction,,,2025-06,Banned Pending Investigation | Banned
"Elliott, David",Bull,,,,Banned Pending Investigation
"Elliott, Kate",Buried Heart,,,,Banned Pending Investigation
"Elliott, Rachel",The Real Riley Mayes,,,2024-08,Banned By Restriction | Banned Pending Investigation | Banned
"Elliott, Zetta",Milo's Museum,Banned in Classrooms,,2021-08,
"Elliott, Zetta",Say Her Name,Banned Pending Investigation,,2022-02,
"Ellis, Bret Easton",American Psycho,,,2023-06,Banned from Libraries and Classrooms | Banned Pending Investigation | Banned | Banned By Restriction
"Ellis, Deborah",I Am a Taxi,,,,Banned By Restriction
"Ellis, Grace",Magic To Brew,Banned Pending Investigation,,2021-12,
"Ellis, Kat",Harrow Lake,,,2025-06,Banned By Restriction | Banned Pending Investigation
"Ellis, Warren",The Authority: Book One,,,,Banned By Restriction
"Ellison, Joy Michael",Flor Fights Back: A Stonewall Riots Survival Story,,,2023-05,Banned Pending Investigation | Banned By Restriction | Banned
"Ellison, Joy Michael",Sylvia and Marsha Start a Revolution!: The Story of the Trans Women of Color Who Made LGBTQ+ History,,,,Banned
"Ellison, Kate",The Butterfly Clues,,,,Banned Pending Investigation
"Ellison, Ralph",Invisible Man,,,,Banned | Banned Pending Investigation
"Ellor, Z. R.",May the Best Man Win,Banned Pending Investigation,,2022-02,Banned By Restriction | Banned
"Ellroy, James",The Black Dahlia,,,,Banned
"Elston, Ashley",The Lying Woods,,,,Banned Pending Investigation
"Elston, Ashley",This Is Our Story,,,2025-05,Banned | Banned By Restriction
"Elya, Susan Middleton",Home at Last,Banned Pending Investigation,,2022-04,
"Embser-Herbert, Máel",With Honor and Integrity: Transgender Troops in Their Own Words,,"Fram, Bree",,Banned
"Emdin, Christopher",For White Folks Who Teach in the Hood... and the Rest of Y'all Too: Reality Pedagogy and Urban Education,Banned in Classrooms,,2021-08,
"Emerson, Kevin",Any Second,,,2024-10,Banned
"Emerson, Marcus",Recess Warriors: Hero Is A Four-Letter Word,,,,Banned Pending Investigation
"Emezi, Akwaeke",Bitter,,,2024-08,Banned | Banned Pending Investigation
"Emezi, Akwaeke",Pet,Banned Pending Investigation,,2021-12,Banned from Libraries | Banned By Restriction | Banned | Banned Pending Investigation
"Emezi, Akwaeke",The Death of Vivek Oji,,,2024-11,Banned By Restriction
"Emill, Jumata",Wander in the Dark,,,2025-04,Banned
"Emmich, Val",Dear Evan Hansen,,,2024-12,Banned | Banned Pending Investigation | Banned By Restriction
"Enderlein, Cheryl L.",Christmas in México,,,2024-08,Banned
"Endo, Tatsuya","Spy x Family, Vol. 1",,,2022-10,Banned from Libraries
"Endo, Tatsuya","Spy x Family, Vol. 2",,,2022-10,Banned from Libraries
"Endo, Tatsuya","Spy x Family, Vol. 3",,,2022-10,Banned from Libraries
"Endo, Tatsuya","Spy x Family, Vol. 4",,,2022-10,Banned from Libraries
"Endo, Tatsuya","Spy x Family, Vol. 5",,,2022-10,Banned from Libraries
"Endo, Tatsuya","Spy x Family, Vol. 6",,,2022-10,Banned from Libraries
"England, Remi K.",The One True Me and You,,,2024-08,Banned By Restriction | Banned
"England, Victoria",Top 10 Worst Things about Ancient Greece You Wouldn't Want to Know!,,"Salariya, David",2025-02,Banned
"Englander, Anrenee","Dear Diary, I'm Pregnant: Teenagers Talk About their Pregnancy",,,2022-10,Banned Pending Investigation
"Englar, Mary",The Pilgrims and the First Thanksgiving,,,2025-04,Banned
"Engle, Margarita",A Dog Named Haku: A Holiday Story from Nepal,Banned Pending Investigation,"Karanjit, Amish; Karanjit, Nicole",2022-01,
"Engle, Margarita",Drum Dream Girl: How One Girl's Courage Changed Music,Banned in Classrooms | Banned Pending Investigation,,2021-08,
"English, Karen",Hot Day on Abbott Avenue,Banned in Classrooms,,2021-08,
"English, Karen",Nadia's Hands,Banned Pending Investigation,,2022-01,
"English, Karen",Nikki & Deja,Banned in Classrooms,,2021-08,
"Enright, Anne",The Gathering,,,,Banned By Restriction
"Epstein, Jennifer Cody",The Painter from Shanghai,,,,Banned By Restriction
"Erdich, Louise",LaRose,,,2024-10,Banned
"Erdrich, Louise",Future Home of the Living God,,,2025-06,Banned By Restriction
"Erdrich, Louise",The Round House,,,2024-08,Banned By Restriction | Banned
"Erebia, Federico",Pedro & Daniel,,,2024-08,Banned By Restriction
"Erickson, Leigh Ann",What Is White Privilege?,,"Wing, Kelisa",,Banned
"Erickson-Schroth, Laura","Trans Bodies, Trans Selves: A Resource By and for Transgender Communities",,,2022-10,Banned Pending Investigation | Banned By Restriction
"Erickson-Schroth, Laura",You're in the Wrong Bathroom!: And 20 Other Myths and Misconceptions About Transgender and Gender-Nonconforming People,,"Jacobs, Laura A.",2024-08,Banned By Restriction | Banned Pending Investigation | Banned
"Erskine, Kathryn",The Incredible Magic of Being,,,,Banned By Restriction
"Esch, Ben",Sophomore Undercover,,,,Banned Pending Investigation
"Eshun, Ekow",In the Black Fantastic,,,2025-04,Banned
"Eskilson, Stephen J.",Graphic Design: A New History,,,2022-09,Banned Pending Investigation
"España, Carla",En Comunidad: Lessons for Centering the Voices and Experiences of Bilingual Latinx Students,Banned in Classrooms,"Yadira Herrera, Luz",2021-08,
"Espejo, Roman",Birth Control,Banned Pending Investigation,,2021-12,
"Espejo, Roman",Cosmetic Surgery,,,2024-08,Banned By Restriction
"Espejo, Roman",Jealousy,,,2025-02,Banned
"Espejo, Roman",Transgender People (RE),,,2024-08,Banned By Restriction
"Esquivel, Laura",Like Water for Chocolate,,,,Banned | Banned Pending Investigation
"Essa, Huda",Teach Us Your Name: Empowering Children to Teach Others to Pronounce Their Names Correctly,Banned in Classrooms,,2021-08,
"Essex, Karen",Dracula in Love,,,,Banned
"Estrela, Joana",My Own Way: Celebrating Gender Freedom for Kids,,"Hulme, Jay",,Banned
"Etaat, Shideh",Rana Joon and the One and Only Now,,,,Banned Pending Investigation
"Etler, Cyndy",The Dead Inside: A True Story,,,2025-03,Banned
"Etler, Cyndy Drew",The Dead Inside,,,2022-12,Banned from Libraries and Classrooms | Banned Pending Investigation
"Etler, Cyndy Drew",We Can't Be Friends: A True Story,,,2022-12,Banned from Libraries and Classrooms | Banned Pending Investigation
"Eugenides, Jeffrey",Middlesex,Banned Pending Investigation,,2021-12,Banned Pending Investigation
Eunnie,If You'll Have Me,,,2024-08,Banned
"Evanovich, Janet",Eleven on Top,,,,Banned
"Evanovich, Janet",Fealess Fourteen,,,,Banned
"Evanovich, Janet",Finger Lickin Fifteen,,,,Banned
"Evanovich, Janet",Full House,,"Hughes, Charlotte",,Banned
"Evanovich, Janet",Hard Eight,,,2024-12,Banned
"Evanovich, Janet",Lean Mean Thirteen,,,,Banned
"Evanovich, Janet",Metro Girl,,,,Banned
"Evanovich, Janet",Motor Mouth,,,,Banned
"Evanovich, Janet",Plum Lovin,,,,Banned
"Evanovich, Janet",Plum Lucky,,,,Banned
"Evanovich, Janet",Plum Spooky,,,,Banned
"Evanovich, Janet",Twelve Sharp,,,,Banned
"Evanovich, Janet",Two for the Dough,,,,Banned
"Evans, Nicholas",The Horse Whisperer,,,,Banned Pending Investigation | Banned By Restriction
"Evans, Shane W.",We March,Banned in Classrooms | Banned Pending Investigation,,2021-08,Banned Pending Investigation
"Evaristo, Bernardine","Girl, Woman, Other",Banned in Libraries and Classrooms,,2022-04,
"Everett, Sarah",Everyone We've Been,,,2024-09,Banned
"Evison, Jonathan",Lawn Boy,Banned in Libraries | Banned Pending Investigation | Banned in Libraries and Classrooms,,2021-09,Banned from Libraries and Classrooms | Banned from Libraries | Banned Pending Investigation
"Evison, Jonathan",Lawn Boy (JE),,,2024-08,Banned | Banned Pending Investigation
"Evslin, Bernard",Cerberus,,,2025-02,Banned
"Evslin, Bernard",Hecate,,,2025-02,Banned
"Evslin, Bernard",Monsters of Mythology (Vol. not specified),,,2025-02,Banned
"Evslin, Bernard",Scylla and Charybdis,,,2025-02,Banned
"Evslin, Bernard",The Cyclopes,,,2025-02,Banned
"Evslin, Bernard",The Furies,,,2025-02,Banned
"Evslin, Bernard",The Minotaur,,,2025-02,Banned
"Evslin, Bernard",The Sphinx,,,2025-02,Banned
"Ewert, Marcus","10,000 Dresses",Banned Pending Investigation,,2022-01,Banned from Libraries | Banned Pending Investigation | Banned
"Ewing, Chana Ginelle","An ABC of Equality, Vol 1",,,,Banned
"Ewing, Eve L.",Ghosts in the Schoolyard: Racism and School Closings on Chicago's South Side,Banned in Classrooms,,2021-08,
"Eyman, Scott",Hank and Jim: The Fifty-Year Friendship of Henry Fonda and James Stewart,,,,Banned Pending Investigation
"Ezell, Heather",Nothing Left to Burn,,,2025-05,Banned | Banned Pending Investigation
"Fabiani, Jean-Noël",Medicine: A Graphic History,,,2025-04,Banned
"Fabiny, Sarah",Who Was Frida Kahlo?,Banned in Classrooms,,2021-08,
"Fabiny, Sarah",Who Was Rachel Carson?,Banned in Classrooms,,2021-08,
"Faderman, Lillian","Gay, Lesbian, Bisexual, and Transgender Events, 1848-2006",,,2024-08,Banned By Restriction
"Fagan, Deva",A Game of Noctis,,,2024-08,Banned
"Fahmy, Huda",Huda F Are You?,,,,Banned Pending Investigation
"Fahy, Thomas",Sleepless,,,,Banned Pending Investigation
"Fain, Lisa,",Queso: Regional Recipes for the World's Favorite Chile-Cheese Dip,,,2025-01,Banned
"Fairfield, Lesley",Tyranny,,,2025-05,Banned
"Falkner, Brian",Brain Jack,,,,Banned Pending Investigation
"Falls, Kat",Dark Life,,,,Banned By Restriction
"Falls, Kat",Rip Tide,,,,Banned By Restriction
"Fanning, Diane",Written in Blood: A True Story of Murder and a Deadly 16-year-old Secret that Tore A Family Apart,,,,Banned By Restriction
"Fantaskey, Beth",Jekel Loves Hyde,,,2025-06,Banned By Restriction | Banned Pending Investigation
"Fantauzzo, Laurel Flores",My Heart Underwater,Banned Pending Investigation,,2021-12,
"Fante, John",Ask the Dust,,,,Banned Pending Investigation
"Farizan, Sara",If You Could Be Mine,Banned Pending Investigation,,2021-12,Banned from Libraries and Classrooms | Banned
"Farizan, Sara",Tell Me Again How a Crush Should Feel,Banned Pending Investigation,,2021-12,
"Farley, Christopher John",Aaliyah: More Than a Woman,,,,Banned Pending Investigation
"Farmer, Nancy",The House of the Scorpion,,,2024-08,Banned By Restriction
"Farquhar, Michael","Bad Days In History: A Gleefully Grim Chronicle of Misfortune, Mayhem, and Misery for Every Day of the Year",,,,Banned By Restriction
"Farrell, Courtney",The Abortion Debate (Essential Viewpoints),Banned Pending Investigation | Banned in Libraries,,2021-12,
"Farrell, S.L.",Busted Flush,,"Martin, George R.R.",,Banned
"Farrelly, Peter",The Comedy Writer,,,,Banned By Restriction
"Farrey, Brian",With Or Without You,Banned in Libraries,,2021-12,
"Farrow, Ronan","Catch and Kill: Lies, Spies, and a Conspiracy to Protect Predators",,,,Banned Pending Investigation
"Farthing, Stephen","Art: From Cave Painting to Street Art - 40,000 Years of Creativity",,,2024-08,Banned
"Faruqi, Reem",Lailah's Lunchbox: A Ramadan Story,Banned Pending Investigation,,2022-01,
"Faruqi, Saadia",A Place at the Table,Banned in Classrooms,"Shovan, Laura",2022-05,
"Faruqi, Saadia",Yasmin the Builder,Banned in Classrooms,,2021-08,
"Faruqi, Saadia",Yasmin the Chef,Banned in Classrooms,,2021-08,
"Faruqi, Saadia",Yasmin the Explorer,Banned in Classrooms,,2021-08,
"Faruqi, Saadia",Yasmin the Fashionista,Banned in Classrooms,,2021-08,
"Faruqi, Saadia",Yasmin the Friend,Banned in Classrooms,,2021-08,
"Faruqi, Saadia",Yasmin the Gardener,Banned in Classrooms,,2021-08,
"Faruqi, Saadia",Yasmin the Librarian,Banned in Classrooms,,2021-08,
"Faruqi, Saadia",Yasmin the Painter,Banned in Classrooms,,2021-08,
"Faruqi, Saadia",Yasmin the Recycler,Banned in Classrooms,,2021-08,
"Faruqi, Saadia",Yasmin the Scientist,Banned in Classrooms,,2021-08,
"Faruqi, Saadia",Yasmin the Singer,Banned in Classrooms,,2021-08,
"Faruqi, Saadia",Yasmin the Soccer Star,Banned in Classrooms,,2021-08,
"Faruqi, Saadia",Yasmin the Superhero,Banned in Classrooms,,2021-08,
"Faruqi, Saadia",Yasmin the Teacher,Banned in Classrooms,,2021-08,
"Faruqi, Saadia",Yasmin the Writer,Banned in Classrooms,,2021-08,
"Faruqi, Saadia",Yasmin the Zookeeper,Banned in Classrooms,,2021-08,
"Fast, Susan",In the Houses of the Holy: Led Zeppelin and the Power of Rock Music,,,2024-08,Banned By Restriction
"Fatima, El-Mekki",How Can I Be An Ally,,"Wing, Kelisa",,Banned
"Faulkner, William",As I Lay Dying,,,2024-09,Banned | Banned Pending Investigation
"Faulkner, William",Big Woods: The Hunting Stories,,,,Banned Pending Investigation
"Faulkner, William",Light in August,,,,Banned Pending Investigation
"Faulkner, William",The Reivers,,,,Banned Pending Investigation
"Faulkner, William",The Sound and the Fury,,,,Banned Pending Investigation
"Faux, Marian",Roe v. Wade: The Untold Story of the Landmark Supreme Court Decision that Made Abortion Legal,Banned in Libraries | Banned Pending Investigation,,2021-12,
"Fay, Cayla",Clarion Call,,,2024-08,Banned By Restriction
"Fay, Cayla",Ravensong (CF),,,2024-08,Banned By Restriction
"Faye, Lyndsay",Jane Steele,,,,Banned By Restriction | Banned Pending Investigation
"Feder, Tyler",Bodies Are Cool,,,2024-08,Banned | Banned from Libraries and Classrooms | Banned Pending Investigation
"Feder, Tyler",Dancing at the Pity Party: A Dead Mom Graphic Memoir,,,,Banned Pending Investigation
"Federle, Tim",Better Nate Than Ever,,,2022-09,Banned Pending Investigation | Banned By Restriction
"Federle, Tim","Five, Six, Seven, Nate",,,,Banned By Restriction
"Federle, Tim",Nate Expectations,Banned Pending Investigation,,2021-12,
"Federle, Tim",The Great American Whatever,Banned Pending Investigation,,2021-12,Banned Pending Investigation
"Fehlner, Paul",The Story of Christmas (PF),,,2023-06,Banned from Libraries and Classrooms
"Feinstein, Stephen",The Count of Monte Cristo (SF),,"Dumas, Alexandre",2024-08,Banned
"Feldman, Heidi Carolyn",LGBT Discrimination,,,,Banned
"Felix, Rebecca",#Pride: Championing LGBTQ Rights,,,2024-08,Banned | Banned By Restriction
"Felix, Rebecca",#WomensMarch: Insisting on Equality,,,2024-08,Banned
"Felton, Bruce","The Best, Worst and Most Unusual: Noteworthy Achievements, Events, Feats and Blunders of Every Conceivable Kind",,,,Banned Pending Investigation
"Fendler, Donn",Lost on a Mountain in Maine,,"Egan, Joseph B.",2024-08,Banned By Restriction
"Fennell, Saraciea J.",Wild Tongues Can't Be Tamed: 15 Voices from the Latinx Diaspora,,"Oshiro, Mark; Coster, Haima; Diaz, Natasha; Medina, Meg; Randall, Julian; Fennell, Saraciea J.; Zoboi, Ibi; Aneola, Cristina; Haywood, Kahlil; Jamal, Zakiya H.; Rivera, Lilliam; Mendez, Jasminne; Contreras, Ingrid Rojas; Martinez, Janel; Acevedo, Elizabeth",,Banned Pending Investigation
"Ferguson, Alane",The Angel of Death,,,,Banned Pending Investigation
"Ferguson, Alane",The Christopher Killer,,,2025-06,Banned By Restriction
"Ferguson, Alane",The Circle of Blood,,,2025-06,Banned By Restriction | Banned Pending Investigation
"Ferguson, Alane",The Dying Breath,,,2025-06,Banned By Restriction
"Ferguson, Jen",The Summer of Bitter and Sweet,,,2025-04,Banned
"Ferguson, Olivia",Teen Sex,,,2024-08,Banned Pending Investigation
"Ferman, Edward L.",The Best from Fantasy and Science Fiction: A Special 25th Anniversary Anthology,,,,Banned Pending Investigation
"Fernández, Kelly",Manu,,,,Banned Pending Investigation
"Fick, Kit",See All the Stars,,,2024-12,Banned | Banned Pending Investigation
"Fiedler, Lisa",We Walked the Sky,,,,Banned Pending Investigation
"Fields, Juliana",Gay and Lesbian Parents,,,,Banned Pending Investigation
"Fierstein, Harvey",The Sissy Duckling,Banned in Libraries and Classrooms,,2022-06,
"Finch, Michelle",Phoenix Goes to School: A Story to Support Transgender and Gender Diverse Children,Banned Pending Investigation,"Finch, Phoenix",2021-07,Banned
"Fine, Cordelia","Delusions of Gender: How Our Minds, Society, and Neurosexism Create Difference",,,,Banned
"Finger, Brad",50 Contemporary Artists You Should Know,,"Weidemann, Christiane",2024-08,Banned
"Finke, Leigh",Queerfully and Wonderfully Made: A Guide for LGBTQ+ Christian Teens,,,2025-02,Banned
"Finlay, Adrianne",Your One and Only,,,,Banned Pending Investigation
"Finneyfrock, Karen",The Sweet Revenge of Celia Door,Banned in Libraries,,2021-12,Banned
"Fipps, Lisa","And Then, Boom!",,,2024-08,Banned By Restriction
"Fipps, Lisa",Starfish (LF),,,,Banned By Restriction
"Firestone, Carrie",The Loose Ends List,,,,Banned Pending Investigation
"Firkins, Jacqueline","Hearts, Strings, and Other Breakable Things",,,2024-10,Banned | Banned Pending Investigation
"Firmston, Kim",Hook Up,Banned in Libraries,,2021-12,
"Fisanick, Christina",Discrimination (CF),,,,Banned
"Fisanick, Christina",Do Abstinence Programs Work?,Banned Pending Investigation,,2021-11,
"Fischer, Rusty",Zombies Don't Cry,,,2022-10,Banned from Libraries
"Fish, Helen Dean",Animals of the Bible,,,2023-06,Banned from Libraries and Classrooms
"Fisher, Catherine",Incarceron,,,,Banned By Restriction
"Fisher, Catherine",Sapphique,,,,Banned By Restriction
"Fisher, Leonard Everett",David and Goliath (LF),,,2023-06,Banned from Libraries and Classrooms
"Fisher, Leonard Everett",The Seven Days of Creation,,,2023-06,Banned from Libraries and Classrooms
"Fisher, Leonard Everett",The Wailing Wall,,,2023-06,Banned from Libraries and Classrooms
"Fisher, Owl",Trans Teen Survival Guide,,"Fisher, Fox",,Banned Pending Investigation | Banned
"Fitch, Janet",White Oleander,,,,Banned By Restriction
"Fitzgerald, F. Scott",Tender is the Night,,,,Banned Pending Investigation
"Fitzgerald, Laura Marx",Under the Egg,,,,Banned Pending Investigation
"Fitzhugh, Louise",Harriet the Spy,,,2024-11,Banned
"Fitzpatrick, Anne",The Baroque Period,,,2025-02,Banned
"Fitzpatrick, Anne",The Renaissance,,,2022-09,Banned Pending Investigation
"Fitzpatrick, Becca",Black Ice,,,,Banned Pending Investigation
"Fitzpatrick, Becca",Crescendo,,,,Banned Pending Investigation
"Fitzpatrick, Becca",Dangerous Lies,,,2024-12,Banned By Restriction | Banned
"Fitzpatrick, Becca",Finale,,,,Banned Pending Investigation
"Fitzpatrick, Becca","Hush, Hush",,,,Banned By Restriction
"Fitzpatrick, Becca",Silence,,,,Banned Pending Investigation
"Fitzpatrick, Huntley",My Life Next Door,,,2024-10,Banned | Banned By Restriction
"Fitzpatrick, Huntley",What I Thought Was True,,,,Banned Pending Investigation
"Fitzsimons, Isaac",The Passing Playbook,Banned Pending Investigation,,2022-02,Banned By Restriction | Banned Pending Investigation | Banned
"Flaherty, Thomas",The Apparatus of Death - The Third Reich,,,2022-09,Banned Pending Investigation
"Flake, Sharon G.",Who Am I Without Him?: A Short Story Collection about Girls and Boys in Their Lives,Banned Pending Investigation,,2021-11,
"Flaubert, Gustave",Madame Bovary: A Story of Provincial Life,,,,Banned Pending Investigation
"Flaum, Eric","The Encyclopedia of Mythology: Gods, Heroes, and Legends of the Greeks and Romans",,,,Banned Pending Investigation
"Fleischman, Paul",Seedfolks,Banned in Libraries,,2021-10,
"Fleming, Candace",The Curse of the Mummy: Uncovering Tutankhamun's Tomb,,,2025-03,Banned
"Fleming, Candace",The Rise and Fall of Charles Lindbergh,,,2022-10,Banned from Libraries
"Fleming, Crystal Marie",Rise Up! How You Can Join the Fight Against White Supremacy,,,,Banned
"Flinn, Alex",Beastly,,,2025-06,Banned By Restriction | Banned | Banned Pending Investigation
"Flinn, Alex",Bewitching,,,2025-06,Banned By Restriction | Banned Pending Investigation
"Flinn, Alex",Breathing Underwater,,,2024-08,Banned
"Flitcroft, Jean",The Chupacabra,,,2022-09,Banned from Libraries
"Flitcroft, Jean",The Pacific Giants,,,2022-10,Banned from Libraries
"Flom, Jason",Lulu is a Rhinoceros,,"Flom, Allison",,Banned Pending Investigation
"Flom, Justin",Adventures of a Kid Magician,,"Flom-Hill, Judy; Flom, Scott",2022-10,Banned from Libraries and Classrooms
"Flood, Nancy Bo",I Will Dance,,,,Banned Pending Investigation
"Floreen, Tim",Tattoo Atlas,Banned Pending Investigation,,2021-12,Banned Pending Investigation
"Floreen, Tim",Willful Machines,Banned Pending Investigation,,2021-12,Banned Pending Investigation
"Florence, Debbi Michiko","Jasmine Toguchi, Drummer Girl",Banned in Classrooms,,2021-08,
"Florence, Debbi Michiko","Jasmine Toguchi, Flamingo Keeper",Banned in Classrooms | Banned Pending Investigation,,2021-08,
"Florence, Debbi Michiko","Jasmine Toguchi, Mochi Queen",Banned in Classrooms,,2021-08,
"Florence, Debbi Michiko","Jasmine Toguchi, Super Sleuth",Banned in Classrooms,,2021-08,
"Florence, Debbi Michiko","Keep it Together, Keiko Carter",,,,Banned Pending Investigation
"Flynn, Gillian",Dark Places,,,2025-06,Banned Pending Investigation | Banned | Banned By Restriction
"Flynn, Gillian",Gone Girl,Banned in Libraries and Classrooms,,2021-11,Banned Pending Investigation | Banned | Banned By Restriction
"Flynn, Gillian",Sharp Objects,,,,Banned By Restriction | Banned Pending Investigation
"Flynn, Gillian",The Grownup,,,,Banned By Restriction
"Flynn, L.E.",All Eyes On Her,,,2025-06,Banned
"Flynn, Vince",Separation of Power,,,,Banned By Restriction
"Fodor, Margie Druss",Megan's Law: Protection or Privacy,,,2025-02,Banned
"Foer, Jonathan Safran",Everything is Illuminated,,,2024-11,Banned By Restriction
"Foer, Jonathan Safran",Extremely Loud and Incredibly Close,Banned in Libraries | Banned Pending Investigation | Banned in Libraries and Classrooms,,2021-11,Banned Pending Investigation | Banned from Libraries | Banned from Libraries and Classrooms | Banned | Banned By Restriction
"Fogle, Bruce",The New Encyclopedia of the Cat,,"Headon, Deirdre",2025-02,Banned
"Foley, Jessie Ann",The Carnival at Bray,Banned in Libraries and Classrooms,,2021-11,Banned from Libraries and Classrooms | Banned Pending Investigation | Banned from Libraries | Banned | Banned By Restriction
"Foley, Lucy",The Guest List,,,,Banned By Restriction | Banned Pending Investigation
"Follain, John",Zoya's Story: An Afghan Woman's Struggle for Freedom,,"Follain, John; Cristofari, Rita",,Banned Pending Investigation
"Follett, Ken",The Man from St. Petersburg,,,,Banned Pending Investigation
"Follett, Ken",The Pillars of the Earth,,,,Banned Pending Investigation
"Follett, Ken",World Without End,,,,Banned Pending Investigation
"Folman, Ari",Anne Frank's Diary: The Graphic Adaptation,Banned in Libraries,"Frank, Anne",2022-01,Banned Pending Investigation | Banned from Libraries and Classrooms | Banned
"Foltz, Linda Lee",Kids Helping Kids Break the Silence of Sexual Abuse,,,,Banned Pending Investigation
"Fontaine, Claire",Come Back: A Mother and Daughter's Journey Through Hell and Back,,"Fontaine, Mia",,Banned Pending Investigation
"Fontes, Justine",Atalanta: The Race Against Destiny,,,,Banned Pending Investigation
"Fontes, Justine",Benito Runs,,,2024-08,Banned
"Fontes, Justine",Deadly Drive,,,,Banned
"Foody, Amanda",The Accidental Apprentice,,,,Banned Pending Investigation
"Forbeck, Matt",Star Wars Rogue One: A Junior Novel,,,2025-02,Banned
"Ford, Brian",The Human Body (BF),,,2025-02,Banned
"Ford, J. R.",Calvin,,,2022-07,Banned from Libraries | Banned Pending Investigation | Banned By Restriction | Banned
"Ford, Jamie",Hotel on the Corner of Bitter and Sweet,,,,Banned Pending Investigation
"Ford, Jeanne Marie",Understanding Reproductive Health,,,2025-05,Banned
"Ford, Michael Thomas",Love & Other Curses,,,2024-08,Banned By Restriction | Banned
"Ford, Michael Thomas",Suicide Notes,Banned in Libraries,,2021-12,
"Forest, Laurie",Demon Tide,,,,Banned Pending Investigation
"Forest, Laurie",Light Mage,,,,Banned Pending Investigation
"Forest, Laurie",Shadow Wand,,,,Banned Pending Investigation | Banned
"Forest, Laurie",The Black Witch,,,,Banned Pending Investigation | Banned
"Forest, Laurie",The Iron Flower,,,,Banned Pending Investigation | Banned
"Forman, Gayle",Frankie and Bug,,,2022-07,Banned from Libraries | Banned | Banned Pending Investigation
"Forman, Gayle",I Have Lost My Way,,,2025-06,Banned Pending Investigation | Banned
"Forman, Gayle",I Was Here,Banned Pending Investigation,,2021-10,Banned | Banned Pending Investigation
"Forman, Gayle",If I Stay,,,2022-10,Banned from Libraries | Banned | Banned Pending Investigation | Banned By Restriction
"Forman, Gayle",Just One Day,,,,Banned Pending Investigation | Banned
"Forman, Gayle",Just One Year,,,,Banned Pending Investigation | Banned
"Forman, Gayle",Si decido quedarme,,,2025-02,Banned
"Forman, Gayle",Where She Went,,,2025-05,Banned | Banned Pending Investigation
"Forna, Namina",The Gilded Ones,,,,Banned Pending Investigation
"Forney, Ellen","Marbles: Mania, Depression, Michelangelo, and Me: A Graphic Memoir",,,2024-10,Banned
"Forsyth, Frederick",The Day of the Jackal,,,2025-06,Banned Pending Investigation | Banned
"Forte, Virginia",The History of Western Painting,,,2022-09,Banned Pending Investigation
"Fortune, Carley",Every Summer After,,,,Banned
"Fossi, Glorio",Filippo Lippi,,,2025-04,Banned
"Fountain, Ben",Billy Lynn's Long Halftime Walk,,,,Banned By Restriction
"Fowler, Karen Joy",The Jane Austen Book Club,,,,Banned By Restriction
"Fowler, Karen Joy",We Are All Completely Beside Ourselves,,,,Banned Pending Investigation
"Fowley-Doyle, Moïra",All the Bad Apples,,,2022-10,Banned Pending Investigation | Banned By Restriction | Banned
"Fowley-Doyle, Moïra",Spellbook of the Lost and Found,,,,Banned Pending Investigation
"Fowley-Doyle, Moïra",The Accident Season,,,,Banned Pending Investigation
"Fox, Elaine",Special of the Day,,,,Banned By Restriction
"Fox, James Alan",Overkill: Mass Murder and Serial Killing Exposed,,"Levin, Jack",2023-02,Banned Pending Investigation
"Fox, Mem",Guess What?,,,2023-03,Banned from Libraries and Classrooms
"Fox, Paula",The Slave Dancer,,,,Banned By Restriction
"Fradin, Dennis Brindell",Who Was Thomas Jefferson?,,,,Banned By Restriction
"Frame, Jeron Ashford",Winter Candle,Banned Pending Investigation,,2022-01,
"Francis, Dick",Slayride,,,,Banned Pending Investigation
"Franco, Betsy",Falling Hard: 100 Love Poems by Teenagers,,,2024-10,Banned | Banned Pending Investigation
"Franco, Betsy",You Hear Me? Poems and Writing by Teenage Boys,,,,Banned Pending Investigation
"Franco, James",Palo Alto: Stories,,,,Banned By Restriction
"Frank, Anne",Diary of a Young Girl,,,,Banned Pending Investigation
"Frank, Dennis A.",Counseling LGBTQ Americans,,,,Banned
"Frank, E. R.",America,,,2023-02,Banned from Libraries and Classrooms | Banned | Banned Pending Investigation | Banned By Restriction
"Frank, E. R.",Dime,Banned in Libraries and Classrooms,,2021-11,Banned Pending Investigation | Banned from Libraries and Classrooms | Banned from Libraries | Banned | Banned By Restriction
"Frank, E. R.",Life is Funny,,,2022-11,Banned from Libraries and Classrooms | Banned Pending Investigation | Banned | Banned By Restriction
"Frank, E. R.",Wrecked,,,2024-12,Banned
"Frank, E.R.",Friction,,,2025-06,Banned Pending Investigation | Banned
"Frank, ER",Life is Funny,Banned in Libraries and Classrooms,,2022-04,
"Frank, Hillary",Better Than Running at Night,,,2024-08,Banned
"Frank, Marjorie",The Children's Christmas Pageant,,,2023-06,Banned from Libraries and Classrooms
"Frank, Pat","Alas, Babylon",,,,Banned Pending Investigation
"Frankel, Alona",Mi bacinica y yo: para ella,,,2024-11,Banned
"Frankel, David",Masterpieces: The Best-Loved Paintings from America's Museums,,,2025-04,Banned
"Frankel, Laurie",This Is How It Always Is,,,2024-08,Banned By Restriction | Banned
"Franklin, Ashley",Not Quite Snow White,Banned in Classrooms,,2021-08,
"Franklin, Emily",Tessa Masterson Will Go to Prom,Banned in Libraries | Banned Pending Investigation,"Halpin, Brendan",2021-12,
"Franklin, Tee",Bingo Love #1,Banned in Libraries and Classrooms,,2022-02,Banned from Libraries and Classrooms | Banned Pending Investigation
"Franta, Connor",A Work in Progress,,,,Banned Pending Investigation
"Franzen, Jonathan",Freedom,,,,Banned Pending Investigation
"Frasier, Crystal",Cheer Up: Love and Pompoms,Banned Pending Investigation,"Wise, Val",2022-02,Banned By Restriction | Banned Pending Investigation
"Frayn, Michael",A Landing on the Sun,,,,Banned By Restriction
"Frazee, Marla",In Every Life,,,,Banned Pending Investigation
"Frazier, Charles",Cold Mountain,,,2025-03,Banned | Banned Pending Investigation | Banned By Restriction
"Fredericks, Mariah",Season of the witch,,,,Banned Pending Investigation
"Fredericks, Mariah",The True Meaning of Cleavage,,,2025-04,Banned | Banned Pending Investigation
"Fredrickson, Lane",Monster Trouble!,Banned in Classrooms,,2021-08,
"Freeman, John",Practical Photography,,,2025-02,Banned
"Freeman, Megan",Alone,,,2025-06,Banned By Restriction
"Freire, Paulo",Pedagogy of the Oppressed,Banned in Classrooms,,2021-08,
"Freitas, Donna",The Big Questions Book of Sex and Consent,,,2022-11,Banned from Libraries | Banned
"French, Gillian",Grit,,,2022-09,Banned Pending Investigation | Banned from Libraries and Classrooms | Banned By Restriction | Banned
"French, Tana",The Likeness,,,,Banned Pending Investigation
"French, Vivian",The Story of Christmas (VF),,,2023-06,Banned from Libraries and Classrooms
"Frey, James",Endgame: The Calling,,"Johnson-Shelton, Nils",,Banned Pending Investigation
"Frick, Kit",All Eyes on Us,Banned Pending Investigation,,2021-12,Banned By Restriction | Banned Pending Investigation
"Frick, Lisa",Teenage Pregnancy and Parenting,,,,Banned
"Fridlund, Emily",History of Wolves,,,2024-10,Banned
"Friedman, Lauri S.",Gay Marriage (LSF),,,,Banned Pending Investigation
"Friedman, Lauri S.",What Motivates Suicide Bombers?,,,2025-02,Banned
"Friend, Natasha",Lush,Banned Pending Investigation,,2021-11,Banned Pending Investigation | Banned By Restriction | Banned
"Fritz, Jean",The Double Life of Pocahontas,Banned Pending Investigation,,2022-01,
"Fromm, Erick",To Have or to Be?,,,,Banned Pending Investigation
"Frost, Mark",The Paladin Prophecy,,,,Banned Pending Investigation
"Fry, Stephen",Heroes: The Greek Myths Reimagined,,Chronicle Books,2025-04,Banned
"Fry, Stephen",Mythos: The Greek Myths Reimagined,,Chronicle Books,2025-04,Banned
"Fry, Stephen",Troy: The Greek Myths Reimagined,,Chronicle Books,2025-04,Banned
"Fuentes, Carlos",The Campaign,,,,Banned Pending Investigation
"Fuerst, Jeffrey B.",African American Cowboys: True Heroes Of The Old West,Banned in Classrooms,,2021-08,
"Fujimoto, Tatsuki",Chainsaw Man,,,2025-04,Banned
"Fujiwara, Hiro",Maid Sama,,,2023-02,Banned Pending Investigation
"Fukuda, Andrew Xia",This Light Between Us,,,2025-04,Banned By Restriction
"Fukui, Isdamu",Truancy City,,,,Banned
"Fukui, Isdamu",Truancy Origins,,,,Banned
"Fuller, Charlie",International Terrorism,,,2025-02,Banned
"Funk, Mason",The Book of Pride: LGBTQ Heroes Who Changed the World,,,,Banned Pending Investigation
"Funke, Cornelia",Inkdeath,,,2024-11,Banned | Banned Pending Investigation
"Funke, Cornelia",Inkheart,,,2024-11,Banned
"Funke, Cornelia",Inkspell,,,2024-11,Banned
"Funke, Cornelia",The Thief Lord,,,2025-04,Banned
"Furedi, Chelsey",Project Nought,,,2024-08,Banned By Restriction
"Furniss, Clare",How Not to Disappear,,,2024-11,Banned
"Furth, Robin",Beginnings - Battle of Jericho Hill,,"David, Peter; King, Stephen",2024-10,Banned
"Furth, Robin",Beginnings - The Fall of Gilead,,"David, Peter; King, Stephen",2024-10,Banned
"Furth, Robin",Beginnings - The Gunslinger Born,,"David, Peter; King, Stephen",2024-10,Banned
"Furth, Robin",Beginnings - The Long Road Home,,"David, Peter; King, Stephen",2024-10,Banned
"Furth, Robin",Beginnings - Treachery,,"David, Peter; King, Stephen",2024-10,Banned
"Furth, Robin",The Drawing of the Three - Bitter Medicine,,"David, Peter; King, Stephen",2024-10,Banned
"Furth, Robin",The Drawing of the Three - House of Cards,,"David, Peter; King, Stephen",2024-10,Banned
"Furth, Robin",The Drawing of the Three - Lady of Shadows,,"David, Peter; King, Stephen",2024-10,Banned
"Furth, Robin",The Drawing of the Three - The Prisoner,,"David, Peter; King, Stephen",2024-10,Banned
"Furth, Robin",The Gunslinger - Last Shots,,"David, Peter; King, Stephen",2024-10,Banned
"Furth, Robin",The Gunslinger - The Battle of Tull,,"David, Peter; King, Stephen",2024-10,Banned
"Furth, Robin",The Gunslinger - The Journey Begins,,"David, Peter; King, Stephen",2024-10,Banned
"Furth, Robin",The Gunslinger - The Man in Black,,"David, Peter; King, Stephen",2024-10,Banned
"Furth, Robin",The Gunslinger - The Way Station,,"David, Peter; King, Stephen",2024-10,Banned
"Furuhashi, Hideyuki","My Hero Academia, Vigilantes Vol. 1",,,2024-10,Banned
"Furuhashi, Hideyuki","My Hero Academia, Vigilantes Vol. 2",,,2024-10,Banned
"G., Mady",A Quick & Easy Guide to Queer & Trans Identities,Banned in Libraries and Classrooms,"Zuckerberg, J. R.",2021-11,Banned By Restriction | Banned Pending Investigation | Banned
"Gabaldon, Diana",A Breath of Snow and Ashes,,,2024-08,Banned | Banned Pending Investigation
"Gabaldon, Diana",An Echo in the Bone,,,2024-08,Banned | Banned Pending Investigation
"Gabaldon, Diana",Dragonfly in Amber,,,2024-10,Banned | Banned Pending Investigation
"Gabaldon, Diana",Drums of Autumn,,,2024-09,Banned | Banned Pending Investigation
"Gabaldon, Diana",Outlander,Banned Pending Investigation,,2022-04,Banned Pending Investigation | Banned from Libraries | Banned from Libraries and Classrooms | Banned
"Gabaldon, Diana",The Fiery Cross,,,,Banned Pending Investigation
"Gabaldon, Diana",Voyager,,,2024-10,Banned | Banned Pending Investigation
"Gabaldon, Diana",Written in My Own Heart's Blood,,,,Banned Pending Investigation
"Gabriel, Dani",Sam!,Banned Pending Investigation,,2022-01,
"Gaetz, Dayle Campbell",No Problem,,,,Banned
"Gaff, Jackie",1900-10: New Ways of Seeing,,,2024-08,Banned
"Gagne, Tammy",Understanding Gender Dysphoria,,,,Banned
"Gagnon, Jilly",#famous,,,,Banned Pending Investigation
Gail Villanueva,My Fate According to the Butterfly,,,,Banned Pending Investigation
"Gailey, Sarah",When We Were Magic,Banned Pending Investigation,,2021-12,
"Gaiman, Neil",American Gods,,,2022-09,Banned from Libraries and Classrooms | Banned from Classrooms | Banned Pending Investigation | Banned
"Gaiman, Neil","American Gods, Vol. 1: Shadows",,"Russell, P. Craig",2022-10,Banned from Libraries and Classrooms
"Gaiman, Neil","American Gods, Vol. 2: My Ainsel",,"Russell, P. Craig",2022-10,Banned from Libraries and Classrooms
"Gaiman, Neil",Anansi Boys,,,2022-10,Banned Pending Investigation
"Gaiman, Neil","Good Omens: The Nice and Accurate Prophecies of Agnes Nutter, Witch",,,,Banned Pending Investigation
"Gaiman, Neil",Neverwhere,,,,Banned
"Gaiman, Neil",Norse Mythology,,,,Banned Pending Investigation
"Gaiman, Neil","Snow, Glass, Apples",,,2024-10,Banned
"Gaiman, Neil",Stardust,,,2024-08,Banned By Restriction | Banned | Banned Pending Investigation
"Gaiman, Neil",The Facts in the Case of the Departure of Miss Finch,,,2023-05,Banned Pending Investigation | Banned
"Gaiman, Neil",The Ocean at the End of the Lane,,,2022-10,Banned Pending Investigation | Banned By Restriction
"Gaiman, Neil",The Sandman,,,2024-10,Banned
"Gaiman, Neil","The Sandman, Vol. 10: The Wake",,,,Banned Pending Investigation
"Gaiman, Neil","The Sandman, Vol. 1: Preludes and Nocturnes",,,,Banned Pending Investigation
"Gaiman, Neil","The Sandman, Vol. 2: The Doll's House",,,,Banned Pending Investigation
"Gaiman, Neil","The Sandman, Vol. 3: Dream Country",,,,Banned Pending Investigation
"Gaiman, Neil","The Sandman, Vol. 4: Season of Mists",,,,Banned Pending Investigation
"Gaiman, Neil","The Sandman, Vol. 5: A Game of You",,,,Banned Pending Investigation
"Gaiman, Neil","The Sandman, Vol. 6: Fables and Reflections",,,,Banned Pending Investigation
"Gaiman, Neil","The Sandman, Vol. 7: Brief Lives",,,,Banned Pending Investigation
"Gaiman, Neil","The Sandman, Vol. 8: World's End",,,,Banned Pending Investigation
"Gaiman, Neil","The Sandman, Vol. 9: The Kindly Ones",,,,Banned Pending Investigation
"Gaines, Ernest J.",A Gathering of Old Men,,,,Banned
"Gaines, Ernest J.",A Lesson Before Dying,Banned Pending Investigation,,2021-10,Banned Pending Investigation
"Gaku, Keito","Boys Run the Riot, Vol. 2",,,2024-08,Banned By Restriction
"Gaku, Keito","Boys Run the Riot, Vol. 3",,,2024-08,Banned By Restriction
"Gaku, Keito","Boys Run the Riot, Vol. 4",,,2024-08,Banned By Restriction
"Gale, Heather",Ho'onani: Hula Warrior,Banned Pending Investigation,,2021-12,Banned Pending Investigation
"Gallavotti, Barbara",The Human Body in Action,,,2022-10,Banned from Libraries and Classrooms
"Ganeri, Anita",Ancient Egypt (AG),,,2025-02,Banned
"Ganeri, Anita",The Ancient Romans,,,,Banned Pending Investigation
"Gantos, Jack",Hole in My Life,,,2024-11,Banned
"Garber, Romina",Cazadora,,,,Banned Pending Investigation
"Garber, Romina",Lobizona,Banned Pending Investigation,,2022-02,Banned Pending Investigation
"Garber, Romina",Lobizona: A Novel,Banned Pending Investigation,,2021-12,
"Garber, Stephanie",Caraval,Banned in Libraries,,2022-04,Banned By Restriction
"Garber, Stephanie",Legendary,,,2025-06,Banned By Restriction
"García Lorca, Federico",The House of Bernarda Alba,,"Lorca, Federico Garcia",,Banned By Restriction
"García Márquez, Gabriel",Chronicle of a Death Foretold,,,,Banned By Restriction
"García Márquez, Gabriel",Love in the Time of Cholera,,,2025-05,Banned | Banned Pending Investigation | Banned By Restriction
"García Márquez, Gabriel",One Hundred Years of Solitude,,,2025-05,Banned | Banned Pending Investigation
"García, Cristina",Dreaming in Cuban,Banned in Libraries and Classrooms | Banned Pending Investigation,,2022-03,Banned Pending Investigation | Banned from Libraries and Classrooms | Banned
"Garcia, Gabi",Escuchando con mi Corazón: Un cuento de bondad y autocompasión (Listening to My Heart),Banned in Classrooms,,2021-08,
"Garcia, Isabella",Cow on the Town: Practicing the Ow Sound,Banned Pending Investigation,,2022-01,
"Garcia, Kami",Beautiful Chaos,,"Stohl, Margaret",,Banned
"Garcia, Kami",Beautiful Creatures,,"Stohl, Margaret",,Banned Pending Investigation | Banned
"Garcia, Kami",Beautiful Darkness,,"Stohl, Margaret",,Banned
"Garcia, Kami",Beautiful Redemption,,"Stohl, Margaret",,Banned
"Garcia, Kami",Broken Beautiful Hearts,,,2022-10,Banned from Libraries
"Garcia, Kami",The Lovely Reckless,,,,Banned Pending Investigation
"Garcia, Santiago",Beowulf: A Graphic Novel (SG),,,2024-08,Banned
"Garden, Nancy",Annie on My Mind,Banned in Libraries,,2021-12,Banned By Restriction
"Garden, Nancy","Hear Us Out!: Lesbian and Gay Stories of Struggle, Progress, and Hope, 1950 to the Present",Banned Pending Investigation,,2021-12,
"Garden, Nancy",Molly's Family,,,,Banned By Restriction
"Garden, Nancy",The Year They Burned the Books,Banned in Libraries,,2021-12,
"Gardiner, John Eliot",Bach: Music in the Castle of Heaven,,,,Banned Pending Investigation
"Gardner, Faith",Girl on the Line,Banned Pending Investigation,,2022-02,Banned
"Gardner, John",Grendel,,,,Banned Pending Investigation
"Gardner, Sally",Maggot Moon,,,,Banned Pending Investigation
"Garrett, Camryn",Friday I'm in Love,,,2024-08,Banned By Restriction | Banned Pending Investigation
"Garrett, Camryn",Full Disclosure,Banned in Libraries and Classrooms,,2022-04,Banned | Banned Pending Investigation
"Garrett, Camryn",Off the Record,,,2025-01,Banned
"Garsee, Jeannine",Say the Word,Banned Pending Investigation,,2021-12,Banned
"Garvin, Jeff",Symptoms of Being Human,Banned Pending Investigation,,2021-10,Banned Pending Investigation | Banned By Restriction | Banned
"Garwood, Julie",Killjoy,,,,Banned Pending Investigation
"Garza Villa, Jonny",Ander & Santi Were Here,,,2024-08,Banned By Restriction
"Garza Villa, Jonny",Canto Contigo,,,,Banned
"Gates, Henry L.",And Still I Rise: Black America Since MLK,,"Burke, Kevin M.",2022-10,Banned Pending Investigation
"Gattis, Ryan",Air,,,,Banned Pending Investigation
"Gaughen, A. C.",Imprison the Sky,,,2023-03,Banned from Libraries
"Gay, Geneva","Culturally Responsive Teaching: Theory, Research, and Practice",Banned in Classrooms,,2021-08,
"Gay, Roxane",Hunger: A Memoir of (My) Body,Banned in Libraries and Classrooms,,2021-11,Banned By Restriction | Banned | Banned Pending Investigation
"Gay, Roxane",Not That Bad: Dispatches from Rape Culture,,,2022-09,Banned from Libraries and Classrooms | Banned Pending Investigation | Banned By Restriction
"Gay, Roxane",The Sacrifice of Darkness,,"Oliver, Tracy Lynne",2022-08,Banned from Libraries and Classrooms | Banned Pending Investigation | Banned
"Geary, Rick",Famous Players: The Mysterious Death of William Desmond Taylor,,,,Banned Pending Investigation
"Gebhart, Ryan",Of Jenny and the Aliens,,,,Banned Pending Investigation
"Gedacht, Daniel C.",Economy and Industry in Ancient Rome,,,2025-02,Banned
"Gedacht, Daniel C.",Home Life in Ancient Rome,,,2025-02,Banned
"Gedacht, Daniel C.",Land and Resources of Ancient Rome,,,2025-02,Banned
"Gedatus, Gustav Mark",Date and Acquaintance Rape,,,,Banned
"Geerling, Marjetta",Fancy White Trash,Banned in Libraries | Banned Pending Investigation,,2021-12,Banned
"Geiger, J. C.",Wildman,,,,Banned Pending Investigation
"Gemeinhart, Dan",The Remarkable Journey of Coyote Sunrise,,,2024-08,Banned By Restriction | Banned Pending Investigation
"Gendry-Kim, Keum Suk",Grass,,,2022-09,Banned Pending Investigation
"Genhart, Michael",Love Is Love: An Important LGBTQ Pride Book for Kids About Gay Parents and Diverse Families,,,,Banned
"Gennari, Jennifer",My Mixed-Up Berry Blue Summer,Banned in Libraries | Banned Pending Investigation,,2021-12,
"George, Alice L.",The Last American Hero: The Remarkable Life of John Glenn,,,,Banned Pending Investigation
"George, Elizabeth",The Edge of the Water,Banned in Libraries,,2021-12,Banned By Restriction
"George, Jean Craighead",Julie of the Wolves,,,,Banned By Restriction | Banned
"George, Linda",Luis Munoz Marin (Community Builders),Banned in Classrooms,"George, Charles",2021-08,
"George, Madeleine",The Difference Between You and Me,Banned in Libraries,,2021-12,Banned | Banned Pending Investigation
"George, Margaret",Helen of Troy,,,2025-06,Banned | Banned Pending Investigation
"Gephart, Donna",Lily and Dunkin,Banned in Classrooms | Banned Pending Investigation,,2021-08,Banned from Libraries and Classrooms | Banned from Libraries | Banned By Restriction | Banned | Banned Pending Investigation
"Gephart, Donna",The Paris Project,,,,Banned Pending Investigation
"Gessner, Marina",The Distance From Me to You,,,2025-06,Banned | Banned Pending Investigation
"Getty, Stuart",How to They/Them: A Visual Guide to Nonbinary Pronouns and the World of Gender Fluidity,,,,Banned
"Gewirtz, Adina Rishe",Blue Window,,,2022-10,Banned from Libraries
"Ghafoerkhan, Olivia",Gender Identity (OG),,,2024-08,Banned By Restriction | Banned
"Gibbon, Piers",Tribe: Endangered Peoples Around the World,,,2025-04,Banned
"Gibbons, Kaye",Ellen Foster,,,2025-06,Banned By Restriction | Banned Pending Investigation
"Gibbs, Stuart",Spy School Secret Service,,,,Banned By Restriction
"Gidwitz, Adam",In A Glass Grimmly,,,2024-12,Banned
"Gidwitz, Adam",Max in the House of Spies: A Tale of World War II,,,2024-08,Banned By Restriction
"Gier, Kerstin",Ruby Red,,,2025-06,Banned By Restriction
"Gilb, Dagoberto",Woodcuts of Women: Stories,,,2025-06,Banned | Banned Pending Investigation
"Gilbert, Elizabeth","Eat, Pray, Love: One Women's Search for Everything Across Italy, India and Indonesia",,,,Banned By Restriction
"Gilbert, Kelly Loy",Picture Us In the Light,,,,Banned By Restriction
"Gilbert, Steve",Tattoo History Source Book: An Anthology of Historical Records of Tattooing Throughout the World,,,2025-04,Banned
"Gilbran, Lahlil",Sand and Foam,,,,Banned Pending Investigation
"Giles, Amy",That Night,,,,Banned Pending Investigation
"Giles, Gail",Girls Like Us (2015),Banned in Libraries and Classrooms,,2021-12,Banned | Banned By Restriction | Banned Pending Investigation
"Giles, Lamar",Endangered (LG),,,,Banned Pending Investigation
"Giles, Lamar",Fake ID,,,2025-06,Banned By Restriction
"Giles, Lamar",Fresh Ink: A We Need Diverse Books Anthology,,"Bailar, Schuyler; de la Cruz, Melissa; Farizan, Sara; Flake, Sharon G.; Gansworth, Eric; Lo, Malinda; Myers, Walter Dean; Older, Daniel Jose; Pham, Thien; Reynolds, Jason; Safi, Aminah Mae; Yang, Gene Luen; Yoon, Nicola",,Banned
"Giles, Lamar",Not So Pure and Simple,Banned Pending Investigation,,2022-02,Banned By Restriction
"Gill, Joel Christian",Stamped From the Beginning: A Graphic History of Racist Ideas in America,,Kendi. ibram X,,Banned
"Gilliland, Raquel Vazquez",How Moon Fuentez Fell in Love with the Universe,,,,Banned
"Gillman, Melanie",As the Crow Flies,,,,Banned | Banned Pending Investigation
"Gillman, Melanie",Stage Dreams,,,2024-08,Banned By Restriction | Banned Pending Investigation | Banned
"Gilmore, Jennifer",If Only,,,2024-11,Banned By Restriction
"Gingher, Marianne",Bobby Rex's Greatest Hits,,,,Banned Pending Investigation
"Gino, Alex",Alice Austen Lived Here,,,2024-08,Banned By Restriction | Banned | Banned Pending Investigation
"Gino, Alex",Green,,,,Banned
"Gino, Alex",Melissa (George),Banned in Classrooms | Banned Pending Investigation | Banned in Libraries and Classrooms | Banned in Libraries,,2021-08,Banned from Libraries | Banned Pending Investigation | Banned from Libraries and Classrooms | Banned | Banned By Restriction
"Gino, Alex",Rick,Banned in Libraries and Classrooms | Banned Pending Investigation,,2021-11,Banned from Libraries | Banned from Libraries and Classrooms | Banned By Restriction | Banned | Banned Pending Investigation
"Gino, Alex","You Don't Know Everything, Jilly P!",,,2024-10,Banned Pending Investigation | Banned
"Ginsberg, Allen",Collected Poems 1947-1980,,,2024-08,Banned | Banned - Professionally Weeded | Banned By Restriction
"Ginsberg, Allen",Howl and Other Poems,,,,Banned Pending Investigation
"Ginwright, Shawn A.",Black Youth Rising: Activism and Radical Healing in Urban America,Banned in Classrooms,,2021-08,
"Ginwright, Shawn A.",Hope and Healing in Urban Education: How Urban Activists and Teachers are Reclaiming Matters of the Heart,Banned in Classrooms,,2021-08,
"Giorgi, Rosa",Velázquez,,,2025-04,Banned
"Gipson, Ferren",The Ultimate Art Museum,,,2024-08,Banned
"Girard, M-E",Girl Mans Up,Banned Pending Investigation | Banned in Libraries,,2021-12,Banned By Restriction | Banned Pending Investigation | Banned
"Girard, M-E",Then Everything Happens at Once,,,2024-08,Banned By Restriction
"Girzone, Joseph F.",Joshua and the City,Banned Pending Investigation,,2021-11,
"Gish, Steven",Ethiopia,,,,Banned Pending Investigation
"Gitlin, Martin",Sexual Consent,,,,Banned
"Gitlin, Martin",Vietnam War,,,2025-02,Banned
"Gitlin, Marty",Chaz Bono,,,2024-08,Banned By Restriction | Banned
"Gladwell, Malcolm","David and Goliath: Underdogs, Misfits, and the Art of Battling Giants",,,2024-10,Banned
"Glaser, Milton",Graphic Design,,,,Banned Pending Investigation
"Glasgow, Kathleen",Girl in Pieces,,,2022-09,Banned Pending Investigation | Banned | Banned By Restriction
"Glasgow, Kathleen",You'd Be Home Now,,,,Banned Pending Investigation
"Glasheen, Kate",Constellations,,,,Banned
"Glass, Kelly",Looking at Privilege and Power,,,,Banned
"Glass, Susan",The Skeletal and Muscular systems,,,2025-02,Banned
"Glaves-Smith, John",Contemporary Art,,,2024-08,Banned
"Gleason, Katherine",Native American Literature,,,2025-02,Banned
"Glenday, Craig","Guinness Book of World Records, 2000",,,,Banned Pending Investigation
"Glenday, Craig","Guinness Book of World Records, 2018",,,,Banned Pending Investigation
"Glenday, Craig","Guinness Book of World Records, 2019",,,,Banned Pending Investigation
"Glenday, Craig","Guinness Book of World Records, 2020",,,,Banned Pending Investigation
"Glenday, Craig","Guinness Book of World Records, 2023",,,,Banned Pending Investigation | Banned
"Glenn, Wendy J.",Sarah Dessen: From Burritos to Box Office,,,2025-02,Banned
"Glines, Abbi",After the Game,Banned Pending Investigation,,2022-01,Banned Pending Investigation | Banned
"Glines, Abbi",As She Fades,,,2024-10,Banned
"Glines, Abbi",Bad for You,Banned Pending Investigation | Banned in Libraries and Classrooms,,2021-10,
"Glines, Abbi",Losing the Field,Banned in Libraries and Classrooms,,2022-01,Banned | Banned Pending Investigation
"Glines, Abbi",Making a Play,Banned Pending Investigation,,2022-01,Banned | Banned Pending Investigation
"Glines, Abbi",The Last Field Party,,,2024-10,Banned
"Glines, Abbi",The Vincent Boys,Banned Pending Investigation | Banned in Libraries,,2021-11,Banned from Libraries | Banned
"Glines, Abbi",The Vincent Brothers,Banned in Libraries and Classrooms,,2022-01,
"Glines, Abbi",Under the Lights,Banned Pending Investigation,,2022-01,Banned Pending Investigation | Banned
"Glines, Abbi",Until Friday Night,Banned in Libraries and Classrooms,,2022-01,Banned Pending Investigation | Banned
"Glines, Abbi",Until the End,Banned in Libraries and Classrooms,,2022-01,
"Gloeckner, Phoebe",The Diary of a Teenage Girl: An Account in Words and Pictures,,,,Banned Pending Investigation
"Godberson, Anna",Envy,,,,Banned By Restriction
"Godberson, Anna",Rumors,,,,Banned By Restriction
"Godberson, Anna",The Luxe,,,,Banned By Restriction
"Godin, Thelma Lynne",The Hula-Hoopin' Queen,Banned in Classrooms,,2021-08,
"Goff, Robert",The Essential Salvador Dali,,,2022-09,Banned Pending Investigation
"Goffin, Josse",Silent Christmas,,,2023-06,Banned from Libraries and Classrooms
"Goffney, Joya",Confessions of An Alleged Good Girl,,,2024-08,Banned
"Goffney, Joya",Excuse Me While I Ugly Cry,,,2024-08,Banned | Banned By Restriction | Banned Pending Investigation
"Going, K. L.",King of the Screwups,,,2025-06,Banned | Banned By Restriction
"Going, K. L.",Saint Iggy,,,,Banned Pending Investigation
"Going, K.L.",Fat Kid Rules the World,,,2025-06,Banned | Banned By Restriction
"Goka, Ruby Yayra",Even When Your Voice Shakes,,,2025-05,Banned
"Gold, Susan Dudley",Roe v. Wade: A Woman's Choice?,Banned Pending Investigation,,2022-01,
"Goldberg, Myla",Bee Season,,,,Banned By Restriction
"Golden, Arthur",Kenang-Kenangan Seorang Geisha (Memoirs of a Geisha),,,,Banned Pending Investigation
"Golden, Arthur",Memoirs of a Geisha,,,,Banned | Banned Pending Investigation
"Golden, Robert N.",The Truth About Rape,,"Peterson, Fred L.; Higenkamp, Kathryn; Harper, Judith; Boskey, Elizabeth",,Banned
"Goldin, Barbara Diamond",Journeys with Elijah: Eight Tales of the Prophet,,,2023-06,Banned from Libraries and Classrooms
"Golding, William",Lord of the Flies,Banned in Libraries,,2021-10,Banned | Banned Pending Investigation
"Goldman, Steven","Two Parties, One Tux, and a Very Short Film about The Grapes of Wrath",Banned Pending Investigation,,2021-12,Banned
"Goldsaito, Katrina",The Sound of Silence,Banned Pending Investigation,,2022-01,
"Goldsmith, Olivia",The First Wives Club,,,,Banned By Restriction
"Goldstein, Ernest",The Journey of Diego Rivera,,,2025-04,Banned
"Goldstone, Lawrence",Days of Infamy: How A Century of Bigotry Led to Japenese American Internment,,,,Banned Pending Investigation
"Gomberg, David",Would You Rather... Terrifically Twisted: Over 300 Crazy Questions,,,,Banned By Restriction
"Gompertz, Will","What Are You Looking At: The Surprising, Shocking, and Sometimes Strange Story of 150 Years of Modern Art",,,2025-05,Banned
"Gonsalves, Florence",Love & Other Carnivorous Plants,Banned Pending Investigation,,2022-02,Banned By Restriction | Banned Pending Investigation
"Gonzales, Kathryn","Trans+: Love, Sex, Romance, and Being You",Banned in Libraries and Classrooms | Banned Pending Investigation,"Rayne, Karen",2022-02,Banned Pending Investigation | Banned By Restriction | Banned
"Gonzales, Sophie",La teoría de lo perfecto,,,2024-08,Banned By Restriction
"Gonzales, Sophie",Only Mostly Devastated,,,2025-06,Banned Pending Investigation | Banned
"Gonzales, Sophie",Perfect on Paper,Banned Pending Investigation,,2022-02,Banned By Restriction
"González, Borja",A Gift for a Ghost,,,2022-09,Banned Pending Investigation
"Gonzalez, Christina Diaz",Concealed,,,,Banned Pending Investigation
"Gonzalez, Julie",Wings (JG),,,,Banned Pending Investigation
"Gonzalez, Maribel Valdez",Build Strong Communities: The Power of Empathy and Respect,,,2024-08,Banned
"Gonzalez, Maya Christina","They, She, He Easy as ABC",Banned in Classrooms | Banned Pending Investigation,"SG, Matthew",2021-08,
"González, Rigoberto",Antonio's Card/La tarjeta de Antonio,,,2022-10,Banned Pending Investigation
"González, Rigoberto",What Drowns the Flowers in Your Mouth: A Memoir of Brotherhood,Banned Pending Investigation,,2022-02,
"Gonzalez, Xelena",All Around Us,Banned Pending Investigation,,2022-01,
Gonzalez. Maya,When a Bully Is President: Truth and Creativity for Oppressive Times,,,,Banned
"Goobie, Beth",The Pain Eater,,,2024-10,Banned
"Goode, Laura",Sister Mischief,Banned in Libraries | Banned Pending Investigation,,2021-12,Banned By Restriction
"Goodkind, Terry",Wizard's First Rule,,,2025-06,Banned Pending Investigation | Banned
"Goodman, Alison",Eon: Dragoneye Reborn,,,2024-09,Banned | Banned By Restriction
"Goodman, Alison",Eona: The Last Dragoneye,,,2025-02,Banned
"Goodman, Alison",The Dark Days Club,,,2025-06,Banned | Banned Pending Investigation
"Goodman, Jessica",They Wish They Were Us,,,2024-10,Banned
"Goolrick, Robert",A Reliable Wife,,,,Banned By Restriction
"Gopal, Jyoti Rajan",Desert Queen,,,,Banned
"Gordimer, Nadine",Beethoven Was One-sixteenth Black: and Other Stories,,,,Banned
"Gordon, Richard",Jack the Ripper,,,,Banned Pending Investigation
"Gorman, Amanda",The Hill We Climb: An Inaugural Poem for the Country,,,2023-03,Banned from Libraries
"Gornall, Louise",Under Rose-Tainted Skies,,,2025-06,Banned By Restriction | Banned Pending Investigation
"Goslee, S. J.",How Not to Ask a Boy to Prom,Banned Pending Investigation,,2021-12,
"Goslee, S. J.",Whatever.: or how junior year became totally f$@ked,Banned Pending Investigation,,2021-12,Banned By Restriction | Banned
"Gossiaux, Pamela",Ordinary Girl,,,,Banned Pending Investigation
"Goto, Hideki",Splatoon Squid Kids Comedy Show,,,2025-02,Banned
"Gotoge, Koyoharu",Demon Slayer: Kimetsu No Yaiba,,,,Banned
"Gottfred, B. T.",Forever for a Year,Banned in Libraries and Classrooms | Banned Pending Investigation,,2021-11,Banned Pending Investigation | Banned | Banned By Restriction | Banned from Libraries and Classrooms
"Gottfred, B. T.",The Handsome Girl and Her Beautiful Boy,Banned in Libraries and Classrooms,,2021-11,Banned from Libraries and Classrooms | Banned | Banned Pending Investigation
"Gottfred, B. T.",The Nerdy and the Dirty,Banned in Libraries and Classrooms | Banned Pending Investigation,,2021-11,Banned Pending Investigation | Banned from Libraries and Classrooms | Banned
"Gottlieb, Andrew R.",Side by Side: On Having a Gay or Lesbian Sibling,,,2024-08,Banned Pending Investigation
"Gottlieb, Iris",Seeing Gender: An Illustrated Guide to Identity and Expression,Banned Pending Investigation,,2022-02,Banned from Libraries and Classrooms | Banned
"Gough, Erin",Amelia Westlake Was Never Here,Banned Pending Investigation,,2022-02,
"Gould, Courtney",Dead and the Dark,,,2022-10,Banned from Libraries
"Gould, Sasha",Cross My Heart,Banned in Libraries and Classrooms,,2021-11,
"Gourley, Catherine",Who Was Maria Tallchief?,Banned in Classrooms,,2021-08,
"Gouveia, Georgette",The Essential Mary Cassatt,,,2022-09,Banned Pending Investigation
"Gow, Robin",A Million Quiet Revolutions,,,2024-08,Banned By Restriction | Banned
"Gow, Robin",Dear Mothman,,,2024-08,Banned By Restriction | Banned
"Gowen, L. Kris",Image and Identity: Becoming the Person You Are,Banned in Libraries,"McKenna, Molly",2021-12,
"Gowen, L. Kris",Making Sexual Decisions: The Ultimate Teen Guide,,,,Banned Pending Investigation
"Gownley, Jimmy",True Things (Adults Don't Want Kids to Know),,,2025-04,Banned
"Goya, Francisco",Goya,,,2025-04,Banned
"Grace, Adalyn",All the Stars and Teeth,,,,Banned Pending Investigation
"Grace, Adalyn",All the Tides of Fate,,,,Banned Pending Investigation
"Grace, Amanda",In Too Deep,,,2025-06,Banned By Restriction | Banned Pending Investigation
"Grace, Hannah",Icebreaker,,,,Banned Pending Investigation
"Grace, Hannah",Icebreaker (HG),,,,Banned Pending Investigation | Banned
"Gracia, Anna",Boys I Know,,,2025-05,Banned | Banned Pending Investigation
"Grahame-Smith, Seth",Abraham Lincoln: Vampire Hunter,,,,Banned Pending Investigation
"Grahame-Smith, Seth",Pride and Prejudice and Zombies: The Classic Regency Romance -- Now With Ultraviolent Zombie Mayhem,,,2025-06,Banned | Banned Pending Investigation
"Grande, Reyna",The Distance Between Us: A Memoir,,,,Banned
"Grant, Adam",Still the Greatest: Muhammad Ali,,,,Banned By Restriction
"Grant, Michael",Bzrk,,,2024-12,Banned
"Grant, Michael",BZRK Apocalypse,,,2024-12,Banned
"Grant, Michael",Front Lines,,,,Banned Pending Investigation
"Grant, Reg",Why Did Hiroshima Happen?,,,2025-02,Banned
"Grant, Vicki",Tell Me When You Feel Something,,,,Banned By Restriction
"Gratton, Tessa",Night Shine,Banned Pending Investigation,,2022-02,
"Gratton, Tessa",Strange Grace,,,2025-06,Banned | Banned Pending Investigation
"Gratz, Alan",Allies,,,,Banned By Restriction
"Gratz, Alan",Ban This Book,,,2025-06,Banned Pending Investigation | Banned | Banned By Restriction
"Gratz, Alan",Code of Honor,,,2022-10,Banned from Libraries
"Gratz, Alan",Ground Zero,,,2022-09,Banned Pending Investigation | Banned from Libraries and Classrooms
"Gratz, Alan",Projekt 1065: A Novel of World War II,,,,Banned
"Gratz, Alan",Refugee,Banned in Classrooms | Banned Pending Investigation,,2021-08,
"Gratz, Alan",Two Degrees,,,2023-01,Banned from Classrooms
"Gravel, Elise","Pink, Blue, and You! Questions for Kids about Gender Stereotypes",,,,Banned
"Graves, Keith",The Orphan of Awkward Falls,,,2025-03,Banned
"Graves, Kerry A.",The Spanish-American War,,,2025-02,Banned
"Gravett, Paul","1001 Comics You Must Read Before You Die: The Ultimate Guide to Comic Books, Graphic Novels, and Manga",,,2022-09,Banned Pending Investigation
"Gray, Ayana",Beasts of Prey,,,,Banned Pending Investigation
"Gray, Claudia",A Thousand Pieces of You,,,2025-06,Banned By Restriction
"Gray, Claudia",Defy the Stars,,,2025-06,Banned | Banned By Restriction
"Gray, Claudia",Stargazer,,,2024-12,Banned By Restriction
"Gray, Emma",A Girl's Guide to Joining the Resistance: A Feminist Handbook on Fighting for Good,,,,Banned
"Gray, Eva",Behind the Gates,,,,Banned Pending Investigation
"Gray, Eva",Run For Cover,,,,Banned Pending Investigation
"Gray, Eva",Set Me Free,,,,Banned Pending Investigation
"Gray, Eva",With the Enemy,,,,Banned Pending Investigation
"Gray, Laurie",Maybe I Will,,,,Banned
"Gray, Libba",Going Bovine,,,2024-11,Banned | Banned Pending Investigation
"Gray, Mila",Come Back to Me,,,2023-03,Banned from Libraries and Classrooms
"Gray, Mila",Run Away With Me,,,2023-03,Banned from Libraries and Classrooms | Banned By Restriction
"Gray, Mila",Stay with Me,,,2023-03,Banned from Libraries and Classrooms
"Grayson, Devin K.",User,,,2024-10,Banned
"Graziadei, A. L.",Icebreaker,,,,Banned Pending Investigation
"Green, Dan",Human Body: A Book with Guts!,,,2024-11,Banned
"Green, Hannah",I Never Promised You a Rose Garden,,,,Banned Pending Investigation | Banned
"Green, John",An Abundance of Katherines,,,2024-10,Banned | Banned By Restriction | Banned Pending Investigation
"Green, John",Bajo La Misma Estrella,,,2024-08,Banned
"Green, John",Ciudades de Papel,,,2024-08,Banned
"Green, John",El teorema Katherine,,,2024-09,Banned
"Green, John",Let it Snow: Three Holiday Romances,Banned in Libraries,"Johnson, Maureen; Myracle, Lauren",2021-12,Banned | Banned Pending Investigation | Banned By Restriction
"Green, John",Looking for Alaska,Banned in Libraries | Banned in Libraries and Classrooms | Banned Pending Investigation,,2021-10,Banned from Libraries and Classrooms | Banned Pending Investigation | Banned from Libraries | Banned | Banned By Restriction
"Green, John",Paper Towns,,,2024-10,Banned | Banned Pending Investigation | Banned By Restriction
"Green, John",The Fault in Our Stars,,,2024-08,Banned | Banned By Restriction | Banned Pending Investigation
"Green, John",Turtles All the Way Down,,,2022-10,Banned from Libraries | Banned | Banned Pending Investigation
"Green, John","Will Grayson, Will Grayson",Banned Pending Investigation,"Levithan, David",2021-11,Banned Pending Investigation | Banned | Banned By Restriction
"Green, Katie",Lighter than My Shadow,Banned in Libraries and Classrooms,,2021-10,Banned from Libraries and Classrooms | Banned from Libraries | Banned | Banned By Restriction | Banned Pending Investigation
"Green, Laci","Sex Plus: Learning, Loving, and Enjoying Your Body",Banned Pending Investigation,,2022-04,Banned from Libraries and Classrooms | Banned Pending Investigation | Banned By Restriction
"Green, Meghan",Racism in America: A Long History of Hate,,,,Banned
"Green, Robert",Vive La France The French Resistance W.W.2,,,2025-02,Banned
"Green, Sally",Half Bad,,,,Banned By Restriction | Banned Pending Investigation
"Green, Sally",Half Lost,,,,Banned Pending Investigation
"Green, Sally",Half Wild,,,2025-02,Banned | Banned Pending Investigation
"Green, Simon James",Having Young,,,,Banned Pending Investigation
"Green, Simon James",Heartbreak Boys,,,,Banned Pending Investigation
"Green, Simon Jane",Gay Club!,,,,Banned
"Green, Tim",Home Run,,,2022-11,Banned from Libraries
"Green, Tim",Left Out,,,2022-11,Banned from Libraries
"Green, Tim",Pinch Hit,,,2025-01,Banned
"Greenberg, Blu",King Solomon and the Queen of Sheba,,"Tarry, Linda",2023-06,Banned from Libraries and Classrooms
"Greenberg, Richard",Take Me Out: A Play,,,2024-08,Banned By Restriction
"Greenberger, Robert",Suicide Bombers,,,2025-02,Banned
"Greene, Graham",The Quiet American,,,,Banned By Restriction
"Greene, Rhonda Gowler",The Stable Where Jesus Was Born,,,2023-06,Banned from Libraries and Classrooms
"Greene, Stephanie",Sophie Hartley and the Facts of Life,,,,Banned
"Greenfield, Eloise",Rosa Parks,Banned Pending Investigation,,2021-09,
"Greenfield, Eloise",The Great Migration: Journey to the North,Banned Pending Investigation,,2022-01,
"Greenidge, Kaitlyn",Libertie,,,,Banned Pending Investigation
"Greenman, Catherine",Hooked,Banned Pending Investigation,,2022-01,Banned from Libraries and Classrooms | Banned | Banned Pending Investigation
"Greenough, Sarah",André Kertész,,"Gurbo, Robert; Kennel, Sarah",2022-09,Banned Pending Investigation
"Greenwald, Lisa",My Summer of Pink and Green,,,,Banned Pending Investigation
"Greenwald, Lisa",Sweet Treats and Secret Crushes,,,,Banned Pending Investigation
"Greenwald, Lisa","TBH, I Feel the Same",,,2024-08,Banned By Restriction
"Greenwald, Lisa","TBH, IDK What's Next",,,2024-08,Banned By Restriction
"Greenwald, Lisa","TBH, This is So Awkward",,,2024-08,Banned By Restriction
"Greenwald, Lisa","TBH, Too Much Drama",,,2024-08,Banned By Restriction
"Greenwald, Lisa","TBH, You Know What I Mean",,,2024-08,Banned By Restriction
"Greenway, Shirley",Art: An A-Z Guide,,,2025-04,Banned
"Gregorio, I. W.",None of the Above,Banned in Classrooms | Banned Pending Investigation,,2021-09,Banned Pending Investigation | Banned By Restriction | Banned
"Gregory, Philippa",Changeling,,,,Banned Pending Investigation
"Gregory, Philippa",The Boleyn Inheritance,,,2024-10,Banned
"Gregory, Philippa",The Constant Princess,,,,Banned
"Gregory, Philippa",The Other Boleyn Girl,,,2024-10,Banned | Banned By Restriction
"Gregory, Philippa",The Queen's Fool,,,,Banned
"Gregory, Philippa",The Virgin's Lover,,,,Banned
"Grehan, Meg",The Deepest Breath,Banned Pending Investigation,,2021-12,Banned By Restriction | Banned Pending Investigation | Banned
"Greitens, Eric",The Warrior's Heart : Becoming a Man of Compassion and Courage,,,2025-02,Banned
"Grennan, Conor",Little Princes: One Man's Promise to Bring Home the Lost Children of Nepal,,,,Banned Pending Investigation
"Grey, Melissa",The Girl at Midnight,,,,Banned Pending Investigation
"Grey, Melissa",Valiant Ladies,,,,Banned
"Griffey, Harriet",Secrets of the Mummies,,,2024-08,Banned By Restriction
"Griffin, Adele",All You Never Wanted,,,2025-06,Banned | Banned Pending Investigation
"Griffin, Adele",Loud Awake and Lost,,,,Banned Pending Investigation
"Griffin, Adele",The Julian Game,,,2025-06,Banned
"Griffin, Adele",The Unfinished Life of Addison Stone,,,,Banned Pending Investigation
"Griffin, Bethany",Handcuffs,,,,Banned Pending Investigation
"Griffin, John Howard",Black Like Me,,,2025-02,Banned | Banned Pending Investigation
"Griffin, Molly Beth",Silhouette of a Sparrow,,,,Banned Pending Investigation
"Griffin, Paul",Stay With Me (PG),,,2025-06,Banned | Banned Pending Investigation
"Grimes, Nikki",Dark Sons,,,,Banned
"Grimes, Nikki",Make Way for Dyamonde Daniel,Banned Pending Investigation,,2022-01,
"Grimes, Nikki",Ordinary Hazards,Banned Pending Investigation,,2021-12,Banned Pending Investigation | Banned
"Grimm, Gavin",If You're a Kid Like Gavin: The True Story of a Young Trans Activist,,"Lukoff, Kyle",,Banned Pending Investigation | Banned
"Grinapol, Corinne",Who Was Harvey Milk?,,,2025-05,Banned | Banned Pending Investigation
"Grisham, John",A Painted House,,,,Banned Pending Investigation | Banned
"Grisham, John",Kid Lawyer,,,2022-10,Banned from Libraries
"Grisham, John",Sycamore Row,,,,Banned Pending Investigation
"Grisham, John",The Abduction,,,2022-10,Banned from Libraries
"Grisham, John",The Accomplice,,,2022-10,Banned from Libraries
"Grisham, John",The Accused,,,2022-10,Banned from Libraries
"Grisham, John",The Activist,,,2022-10,Banned from Libraries
"Grisham, John",The Associate,,,,Banned Pending Investigation
"Grisham, John",The Brethren,,,,Banned Pending Investigation
"Grisham, John",The Firm,,,,Banned Pending Investigation | Banned By Restriction
"Grisham, John",The Fugitive,,,2022-10,Banned from Libraries
"Grisham, John",The King of Torts,,,,Banned Pending Investigation
"Grisham, John",The Last Juror,,,,Banned Pending Investigation
"Grisham, John",The Pelican Brief,,,,Banned Pending Investigation
"Grisham, John",The Runaway Jury,,,,Banned Pending Investigation
"Grisham, John",The Scandal,,,2022-10,Banned from Libraries
"Grisham, John",The Street Lawyer,,,,Banned Pending Investigation
"Grishman, John",A Time to Kill,,,2024-08,Banned By Restriction | Banned | Banned Pending Investigation
"Grissom, Kathleen",The Kitchen House,,,,Banned Pending Investigation
"Groff, Lauren",Fates and Furies,Banned Pending Investigation,,2022-04,Banned from Libraries and Classrooms
"Grogan, Shannon",From Where I Watch You,,,,Banned Pending Investigation
"Groom, Winston",Forrest Gump,,,,Banned | Banned Pending Investigation
"Grossman, Lev",The Magician King,,,2025-06,Banned Pending Investigation | Banned
"Grossman, Lev",The Magician's Land,,,,Banned
"Grossman, Lev",The Magicians,,,2025-06,Banned Pending Investigation | Banned
"Grove, Emma",The Third Person,,,,Banned
"Gruen, Sara",Water for Elephants,Banned Pending Investigation,,2021-11,Banned Pending Investigation | Banned from Libraries and Classrooms | Banned | Banned By Restriction
"Gruitrooy, Gerhard",Degas: Impressions of a Great Master,,,2022-09,Banned Pending Investigation
"Gruwell, Erin",The Freedom Writers Diary,,The Freedom Writers,2022-09,Banned Pending Investigation | Banned from Libraries | Banned from Libraries and Classrooms | Banned | Banned By Restriction
"Gudenkauf, Heather",Little Mercies,,,,Banned By Restriction
"Gudsnuk, Kristen",Back to the Drawing Board,,,,Banned Pending Investigation
"Gudsnuk, Kristen",Making Friends,,,,Banned Pending Investigation
"Gudsnuk, Kristen",Third Time's a Charm,,,,Banned Pending Investigation
"Guerra, Claudia R.",300 years of San Antonio and Bexar County,,,,Banned
"Guerrero, Tanya",Adrift,,,2024-08,Banned By Restriction
"Guidroz, Rukhsanna",Leila in Saffron,Banned in Classrooms,,2021-08,
"Guinness, Jack",The Queer Bible,,,2024-11,Banned By Restriction
"Gunderson, Jessica",Gothic Art,,,2024-11,Banned
"Gunderson, Jessica",Impressionism,,,2024-11,Banned
"Gunderson, Jessica",Realism,,,2025-02,Banned
"Gunderson, Jessica",Romanticism,,,2025-02,Banned
"Guo, Winona","Tell Me Who You Are: Sharing Our Stories of Race, Culture, and Identity",,"Vulchi, Priva",,Banned
"Gupta, Ruchira",I Kick and I Fly,,,2024-11,Banned
"Gurtler, Janet",You Too?: 25 Voices Share Their #MeToo Stories,,"Blount, Patty; Brown, Jennifer; Brownlee, Tiffany; Capelle, Jess; Clifford, Kenna; Darrows, Eva; Davis, Dana L.; Davis, Ronni; Deen, Natasha; DiDomizio, Nicolas; Forna, Namina; Glass, Jenna; Hall, Teri; Hopkins, Ellen; Lee, Mackenzi; Mitchell, Saundra; Novak, Ali; Porinchak, Eve; Rainfield, Cheryl; Revis, Beth; Rogers, Andrea L.; Seitz, Lulabel; Thrace, Mischa; Zhang, Amy",2023-06,Banned from Libraries and Classrooms | Banned | Banned Pending Investigation | Banned By Restriction
"Gustafson, Cassie",After the Ink Dries,,,,Banned
"Gustafson, Cassie",The Secrets We Keep (CG),,,2024-08,Banned By Restriction
"Guterson, David",Snow Falling on Cedars,,,2023-01,Banned from Libraries and Classrooms | Banned Pending Investigation | Banned By Restriction | Banned
"Gutting, Gary",What Philosophy Can Do,Banned Pending Investigation,,2021-12,
"Guy, Rosa",The Music of Summer,,,,Banned Pending Investigation
"Gwynne, Peter",Who Uses Drugs,,,2025-02,Banned
"Gyasi, Yaa",Homegoing,Banned Pending Investigation | Banned in Libraries,,2021-11,Banned from Libraries and Classrooms | Banned Pending Investigation | Banned from Libraries | Banned | Banned By Restriction
"Ha, Robin",Almost American Girl,,,2023-05,Banned from Classrooms
"Haack, Daniel",Maiden and Princess,,"Galupo, Isabel",2023-03,Banned Pending Investigation
"Haack, Daniel",Prince and Knight,Banned in Classrooms,,2021-08,Banned Pending Investigation | Banned
"Hacht, Anne Marie","Literary Newsmakers for Students, Vol. 1",,,,Banned Pending Investigation
"Haddix, Margaret Peterson",Among the Betrayed,,,2024-08,Banned
"Haddix, Margaret Peterson",Among the Hidden,,,2024-08,Banned
"Haddix, Margaret Peterson",Among the Imposters,,,2024-08,Banned
"Haddix, Margaret Peterson",Caught,,,,Banned
"Haddix, Margaret Peterson",Just Ella,,,2025-02,Banned
"Haddix, Margaret Peterson",Revealed (MPH),,,,Banned
"Haddix, Margaret Peterson",Sent,,,,Banned
"Haddix, Margaret Peterson",Torn,,,,Banned
"Haddix, Margaret Peterson",Uprising,,,,Banned
"Haddon, Mark",The Curious Incident of the Dog in the Night-Time,,,2025-06,Banned By Restriction
"Hagger-Holt, Sarah",Nothing Ever Happens Here,,,2024-08,Banned By Restriction | Banned
"Hahn, Mary",Wait Till Helen Comes,,,2024-10,Banned
"Hahn, Mary Downing",Mister Death's Blue-Eyed Girls,,,2025-06,Banned | Banned Pending Investigation
"Hahn, Mary Downing",The Wind Blows Backward,,,,Banned Pending Investigation
"Hale, Kathleen",No One Else Can Have You,,,2024-12,Banned
"Hale, Shannon",Enna Burning,,,,Banned Pending Investigation
"Hale, Shannon",Friends Forever,,,2022-10,Banned from Libraries | Banned from Libraries and Classrooms | Banned Pending Investigation | Banned | Banned By Restriction
"Hale, Shannon",Real Friends,,,2024-08,Banned By Restriction
"Hales, Dianne",Case Histories,,,2025-02,Banned
"Haley, Alex",Roots: The Saga of An American Family,,,,Banned
"Hall, Adam",The Quiller Memorandum,,,,Banned By Restriction
"Hall, Alexis",Boyfriend Material,,,,Banned Pending Investigation
"Hall, Alexis",Looking For Group,,,2024-08,Banned By Restriction | Banned
"Hall, Edith",Behind the Mask,,,2024-08,Banned By Restriction
"Hall, Jake",The Art of Drag,,,2025-04,Banned
"Hall, Maggie",The Conspiracy of Us,,,,Banned Pending Investigation
"Hall, Michael",Red: A Crayon's Story,,,2022-10,Banned from Classrooms | Banned Pending Investigation | Banned
"Hall, Shyima",Hidden Girl: The True Story of a Modern-Day Child Slave,,"Wysocky, Lisa",2024-11,Banned
"Hall, Teri",The Line,,,2022-11,Banned from Libraries
"Hallam, Elizabeth",Gods and Goddesses: A Treasury of Deities and Tales from World Mythology,,,,Banned Pending Investigation
"Halperin, Wendy Anderson",Love is...,,,2023-06,Banned from Libraries and Classrooms
"Halpern, Daniel",Art of the Story,,,2024-08,Banned By Restriction
"Halpin, Mikki","It's Your World - If You Don't Like It, Change It: Activism for Teenagers",,,2024-08,Banned
"Hamen, Susan E.",World War II,,,2025-02,Banned
"Hamid, Mohsin",Exit West,,,2024-08,Banned By Restriction
"Hamilton, Jane",A Map of the World,,,,Banned By Restriction
"Hamilton, John",Bradley Fighting Vehicles,,,2024-08,Banned
"Hamilton, John",Cougars,,,2024-09,Banned
"Hamilton, John",Humvees,,,2024-11,Banned
"Hamilton, John",Paladins,,,2025-01,Banned
"Hamilton, John",Strykers,,,2025-02,Banned
"Hamilton, Laurell K.",Guilty Pleasures,,,,Banned Pending Investigation
"Hammond, Zaretta",Culturally Responsive Teaching and The Brain: Promoting Authentic Engagement and Rigor Among Culturally and Linguistically Diverse Students,Banned in Classrooms,,2021-08,
"Han, Jenny","Always and Forever, Lara Jean",,,2022-10,Banned from Libraries | Banned | Banned Pending Investigation
"Han, Jenny",Ashes to Ashes,,"Vivian, Siobhan",2024-12,Banned | Banned Pending Investigation
"Han, Jenny",It's Not Summer Without You,,,2024-11,Banned | Banned Pending Investigation
"Han, Jenny",P. S. I Still Love You,,,2022-08,Banned from Libraries | Banned Pending Investigation
"Han, Jenny",The Summer I Turned Pretty,,,,Banned Pending Investigation | Banned
"Han, Jenny",To All the Boys I've Loved Before,Banned in Libraries,,2022-02,Banned | Banned By Restriction | Banned Pending Investigation
"Han, Jenny",We'll Always Have Summer,,,2022-11,Banned from Libraries | Banned | Banned Pending Investigation
"Hanagarne, Joshua",The World's Strongest Librarian: A Book Lover's Adventures,,,,Banned By Restriction
"Hanauer, Cathy",My Sister's Bones,,,,Banned
"Hancock, Justin","Can We Talk About Consent: A Book About Freedom, Choices and Agreement",,,,Banned
"Hancox, Lewis",Welcome to St. Hell: My Trans Teen Misadventure: A Graphic Novel,,,2024-08,Banned
"Hand, Cynthia",The Last Time We Say Goodbye,,,,Banned Pending Investigation
"Hand, John Oliver",National Gallery of Art: Master Paintings from the Collection,,,2025-04,Banned
"Handler, Daniel",Why We Broke Up,,,2023-02,Banned Pending Investigation | Banned
"Handyside, Christopher",Blues: A History of American Music,,,2022-09,Banned Pending Investigation
"Haney, Johannah",The Abortion Debate: Understanding the Issues (Issues in Focus Today),Banned in Libraries,,2021-12,
"Hanft, Joshua E.",King Arthur and the Knights of the Round Table,,,,Banned Pending Investigation
"Hannah, Kristin",Between Sisters,,,,Banned
"Hannah, Kristin",Distant Shores,,,,Banned
"Hannah, Kristin",Firefly Lane,,,2024-08,Banned By Restriction | Banned
"Hannah, Kristin",Fly Away,,,,Banned Pending Investigation | Banned
"Hannah, Kristin",Home Again,,,,Banned
"Hannah, Kristin",Night Road,,,,Banned Pending Investigation
"Hannah, Kristin",On Mystic Lake,,,,Banned
"Hannah, Kristin",Summer Island,,,,Banned
"Hannah, Kristin",The Four Winds,,,2024-10,Banned
"Hannah, Kristin",The Great Alone,,,2024-12,Banned
"Hannah, Kristin",The Nightingale,,,,Banned Pending Investigation
"Hannah-Jones, Nikole",The 1619 Project: A New Origin Story,,The New York Times Magazine,2022-09,Banned Pending Investigation
"Hannah-Jones, Nikole",The 1619 Project: Born on the Water,,"Watson, Renée",2022-07,Banned from Classrooms
"Hansberry, Lorraine",A Raisin in the Sun,Banned in Libraries and Classrooms,,2021-10,Banned
"Hansen, Grace",Goliath Beetles,,,2024-11,Banned
"Hansen, John T.",Netter's Anatomy Coloring Book,,,2025-04,Banned
"Hapgood, Harriet Rueter",The Square Root of Summer,,,2025-02,Banned
"Harbach, Chad",The Art of Fielding,Banned Pending Investigation,,2022-02,Banned By Restriction
"Hardstaff, Jane",The Executioner's Daughter,,,2025-03,Banned
"Hardy, Thomas",Jude the Obscure,,,,Banned By Restriction
"Hardy, Thomas",Tess of the D'Urbervilles,,,,Banned Pending Investigation
"Harkaway, Nick",Gnomon,,,,Banned Pending Investigation
"Harkins, Susan Sales",Perseus,,"Harkins, William H.",2025-04,Banned
"Harkness, Deborah",Discovery of Witches,,,2024-10,Banned
"Harkness, Deborah",Shadow of Night,,,,Banned By Restriction
"Harkness, Deborah",The Book of Life,,,,Banned By Restriction
"Harmon, Michael",The Last Exit to Normal,Banned in Libraries | Banned Pending Investigation,,2021-12,
"Harrington, Kim",Clarity,,,,Banned Pending Investigation
"Harris, Charlaine",A Touch of Dead,,,,Banned
"Harris, Charlaine",Club Dead,,,2025-06,Banned Pending Investigation | Banned
"Harris, Charlaine",Dead to the World,,,2025-06,Banned Pending Investigation | Banned
"Harris, Charlaine",Dead Until Dark,Banned Pending Investigation,,2022-04,Banned Pending Investigation | Banned from Libraries | Banned from Libraries and Classrooms | Banned
"Harris, Charlaine",Definitely Dead,,,2025-06,Banned Pending Investigation | Banned
"Harris, Charlaine",Living Dead in Dallas,,,2025-06,Banned
"Harris, Duchess",Being Transgender in America,,"Marciniak, Kristin",2024-08,Banned By Restriction
"Harris, Duchess",Growing Up LGBTQ,,"Rowell, Rebecca",2024-08,Banned By Restriction | Banned
"Harris, Duchess",LGBTQ Discrimination in America,,"Marciniak, Kristin",2024-08,Banned By Restriction | Banned
"Harris, Duchess",LGBTQ Rights and the Law,,"Lundin, Martha",2024-08,Banned By Restriction | Banned
"Harris, Duchess",LGBTQ Service in the Armed Forces,,"Wheeler, Jill C.",2024-08,Banned By Restriction | Banned
"Harris, Duchess",LGBTQ Social Movements in America,,,2024-08,Banned By Restriction | Banned
"Harris, Duchess",Male Privilege,,"Deal, Heidi",,Banned
"Harris, Duchess",Political Resistance in the Current Age,Banned Pending Investigation,"Turner, Myra Faye",2021-11,
"Harris, Duchess",Protesting Police Violence in Modern America,,,2022-07,Banned Pending Investigation
"Harris, Duchess",Race and Policing in Modern America,,"Van , R. L.",2022-08,Banned Pending Investigation
"Harris, Duchess",Russian Hacking in American Elections (Special Reports),,"Lusted, Marcia Amidon",,Banned Pending Investigation
"Harris, Joanne",Chocolat,,,,Banned By Restriction
"Harris, Joanne",The Girl with No Shadow (published in UK as The Lollipop Shoes),,,,Banned Pending Investigation
"Harris, Neil Patrick",The Magical Misfits,,,2024-08,Banned By Restriction
"Harris, Neil Patrick",The Magical Misfits: The Minor Third,,,2024-08,Banned By Restriction
"Harris, Neil Patrick",The Magical Misfits: The Second Story,,,2024-08,Banned By Restriction
"Harris, Robie H.","It's Not the Stork!: A Book About Girls, Boys, Babies, Bodies, Families and Friends",Banned Pending Investigation,,2021-12,Banned
"Harris, Robie H.","It's Perfectly Normal: Changing Bodies, Growing Up, Sex, and Sexual Health",Banned in Libraries and Classrooms | Banned Pending Investigation | Banned in Libraries,,2021-07,Banned Pending Investigation | Banned from Libraries and Classrooms | Banned
"Harris, Robie H.","It's So Amazing!: A Book about Eggs, Sperm, Birth, Babies, and Families",,,2025-06,Banned Pending Investigation | Banned
"Harris, Thomas",The Silence of the Lambs,,,,Banned Pending Investigation
"Harrison, A. S. A.",The Silent Wife,,,,Banned By Restriction
"Harrison, Harry",West of Eden,,,,Banned Pending Investigation
"Harrison, L.",The Pretty Committee Strikes Back,,,,Banned
"Harrison, Lisi",Clique,,,,Banned Pending Investigation
"Harrison, Vashti",Little Leaders: Bold Women in Black History,Banned in Classrooms,,2021-08,
"Harrison, Vashti",Little Legends: Exceptional Men in Black History,Banned in Classrooms,,2021-08,
"Harry, Debbie",Face It,,,2024-12,Banned - Professionally Weeded
"Hart, John",The King of Lies,,,,Banned | Banned Pending Investigation
"Hartinger, Brent",Geography Club,Banned Pending Investigation,,2021-12,Banned | Banned Pending Investigation
"Hartinger, Brent",Three Truths and a Lie,,,2024-10,Banned | Banned Pending Investigation
"Hartl, Sona",Have a Little Faith In Me,,,2024-10,Banned
"Hartman, Bob",The Morning of the World,,,2023-06,Banned from Libraries and Classrooms
"Hartman, Rachel",Tess of the Road,,,,Banned Pending Investigation
"Hartzler, Aaron",Rapture Practice: A True Story About Growing Up Gay in an Evangelical Family,Banned in Libraries and Classrooms,,2022-02,
"Hartzler, Aaron",What We Saw,Banned in Libraries and Classrooms,,2021-11,Banned from Libraries and Classrooms | Banned | Banned Pending Investigation
"Haruf, Kent",Plainsong,,,,Banned | Banned By Restriction
"Harusono, Shou",Sasaki and Miyano,,,,Banned Pending Investigation
"Harvey, Sarah N.",Three Little Words,,,,Banned Pending Investigation
"Harwood, Gwen",The Best 100 Poems of Gwen Harwood,,,,Banned By Restriction
"Harwood-Jones, Markus",Confessions of a Teenage Drag King,,,2024-08,Banned By Restriction
"Hasday, Judy L.",Columbine High School Shooting: Student Violence,,,2025-02,Banned
"Hashimi, Nadia",One Half from the East,Banned Pending Investigation,,2021-12,Banned
"Hashimoto, Kacho",Cagaster,,,2024-08,Banned
"Haskins, James",The Scottsboro Boys,Banned in Libraries and Classrooms,,2022-04,Banned
"Hasler, Nikol",Sex: An Uncensored Introduction,,,,Banned from Libraries and Classrooms | Banned Pending Investigation
"Hassan, Michael",Crash and Burn,,,2025-02,Banned
"Hassan, Ndaa",Ramadan Around The World,Banned in Classrooms,,2021-08,
"Hassman, Tupelo",Girlchild,,,,Banned Pending Investigation
"Hastings, Selina",The Children's Illustrated Bible,,,2023-06,Banned from Libraries and Classrooms
"Hastings, Selina",The Illustrated Jewish Bible for Children,,,2023-06,Banned from Libraries and Classrooms
"Hatke, Ben",Mighty Jack and the Goblin King,,,2022-09,Banned from Libraries
"Hatmaker, Jen",For the Love: Fighting for Grace in a World of Impossible Standards,,,,Banned By Restriction
"Hatori, Bisco",Ouran High School Host Club,,,,Banned
"Hattrup, Karen",Frannie and Tru,,,2024-08,Banned By Restriction
"Hattrup, Karen",Our Year in Love and Parties,,,,Banned Pending Investigation
"Hatzfeld, Jean",Machete Season: The Killers in Rwanda Speak,,,2025-02,Banned
"Hausam, Josephine",Welcome to Italy (JH),,,2025-02,Banned
"Hautman, Pete",Eden West,,,,Banned Pending Investigation
"Hautman, Pete",Godless,,,,Banned Pending Investigation
"Hawk, Jordan L.",Necropolis,,,,Banned Pending Investigation
"Hawkes, John",Second Skin,,,,Banned By Restriction
"Hawking, Stephen",Black Holes and Baby Universes and Other Essays,,,2022-10,Banned Pending Investigation
"Hawkins, Jim W.",Baton Twirling is for Me,,,2023-06,Banned from Libraries and Classrooms
"Hawkins, Paula",Into the Water,,,,Banned Pending Investigation
"Hawkins, Paula",The Girl on the Train,,,2024-10,Banned | Banned Pending Investigation | Banned By Restriction
"Hawkins, Rachel",Her Royal Highness,Banned Pending Investigation,,2021-12,Banned Pending Investigation | Banned By Restriction
"Hawthorne, Nathaniel",Classical Mythology: Myths and Legends of the Ancient World,,"Storr, F.; Turnbull, V.C.; Maskell, H.P.; Lloyd, Guy E.",2025-04,Banned
"Haycak, Cara",Living on Impulse,,,2025-02,Banned
"Hayden, Torey",One Child: The True Story of a Tormented Six Year Old and the Brilliant Teacher Who Reached Out,,,,Banned
"Haydu, Corey Ann",OCD Love Story,,,,Banned Pending Investigation
"Haygood, Wil",I Too Sing America: The Harlem Renaissance at 100,,Rizzoli Electa,2025-04,Banned
"Hayward, Linda",Baby Moses,,,2023-06,Banned from Libraries and Classrooms
"Hayward, Linda",Noah's Ark: A Story from the Bible,,,2023-06,Banned from Libraries and Classrooms
"Hazelwood, Ali",Check & Mate,,,2025-06,Banned By Restriction
"Hazelwood, Ali",The Love Hypothesis,,,2025-06,Banned Pending Investigation | Banned
"Hazlewood, Robin",An Introduction to Drawing: An Artist's Guide to Skills & Techniques,,,2022-09,Banned Pending Investigation
"Heaney, Katie",Girl Crushed,Banned Pending Investigation,,2021-12,
"Heaney, Katie",The Year I Stopped Trying,,,,Banned
"Heard, Wendy",Dead End Girls,,,2024-08,Banned By Restriction
"Heathfield, Lisa",Paper Butterflies,,,,Banned Pending Investigation
"Hecht, Tracey",The Ominous Eye,,,,Banned
"Hedgecoe, John",John Hedgecoe's New Book of Photography,,,2025-02,Banned
"Hegi, Ursula",Stones From the River,,,,Banned
"Heide, Florence Parry",The Day of Ahmed's Secret,Banned Pending Investigation,"Gilliland, Judith Heide",2022-01,
"Heilmeyer, Marina",The Language of Flowers: Symbols and Myths,,,2025-03,Banned
"Heine, Florian",13 Art Inventions Children Show Know,,,2023-06,Banned from Libraries and Classrooms
"Heinlein, Robert",Friday,,,,Banned Pending Investigation
"Heling, Kathryn",There's Only One You,,"Hembrook, Deborah",2024-08,Banned By Restriction
"Heller, Joseph",Catch-22,,,2025-03,Banned | Banned Pending Investigation | Banned By Restriction
"Hellman, Lillian",The Collected Plays,,,,Banned By Restriction
"Helms, Rhonda",Promposal,Banned Pending Investigation,,2021-12,
"Hemingway, Ernest",For Whom the Bell Tolls,,,,Banned | Banned Pending Investigation
"Hemingway, Ernest",In Our Time,,,,Banned
"Hemingway, Ernest",The Sun Also Rises,,,,Banned
"Henderson, Elisabeth","100 Questions You'd Never Ask Your Parents: Straight Answers to Teens' Questions About Sex, Sexuality, and Health",Banned Pending Investigation,"Armstrong, Nancy",2021-12,Banned
"Hendricks, Greer",An Anonymous Girl,,,,Banned
"Hendriks, Jenni",Unpregnant,Banned Pending Investigation,"Caplan, Ted",2021-12,Banned from Libraries and Classrooms | Banned By Restriction | Banned Pending Investigation
"Henkes, Kevin",Olive's Ocean,,,,Banned By Restriction
"Henneberg, Susan",Gender Politics,,,2024-08,Banned By Restriction | Banned
"Henneberg, Susan",LGBTQ Rights,,,2024-08,Banned By Restriction | Banned
"Hennessey, Jonathan",The Gettysburg Address: A Graphic Adaptation,,"McConnell, Aaron",2022-09,Banned Pending Investigation
"Hennessey, M. G.",The Other Boy,Banned Pending Investigation,,2021-12,Banned By Restriction | Banned | Banned Pending Investigation
"Hennessey, M.S.",Other Boy,,,,Banned
"Henriquez, Cristina",The Book of Unknown Americans,,,2024-10,Banned
"Henry, April",Eyes of the Forest,,,2022-10,Banned from Libraries
"Henry, Emily",A Million Junes,,,,Banned Pending Investigation
"Henry, Emily",Beach Read,,,2024-08,Banned Pending Investigation
"Henry, Emily",Book Lovers,,,,Banned
"Henry, Emily",Happy Place,,,,Banned
"Henry, Emily",People We Meet on Vacation,,,,Banned
"Henry, Emily",The Love that Split the World,,,,Banned
"Henry, Jessica S.",What Does it Mean to Defund the Police,,"Wing, Kelisa",,Banned
"Henry, Katie",Heretics Anonymous,,,2024-11,Banned
"Henstra, Sarah",We Contain Multitudes,,,2025-06,Banned Pending Investigation | Banned
"Heppermann, Christine",Ask Me How I Got Here,Banned Pending Investigation,,2021-12,Banned
"Herbach, Geoff",Hooper,,,,Banned
"Herbert, Brian","Dune: House Atreides, Vol. 1 (The Graphic Novel)",,"Anderson, Kevin J.",,Banned
"Herbert, Brian","Dune: House Atreides, Vol. 2 (The Graphic Novel)",,"Anderson, Kevin J.",,Banned
"Herbert, Brian","Dune: House Atreides, Vol. 3 (The Graphic Novel)",,"Anderson, Kevin J.",,Banned
"Herbert, Brian","Dune: House Atreides, Vol. 4 (The Graphic Novel)",,"Anderson, Kevin J.",,Banned
"Herbert, Brian",Dune: House Harkonnen,,"Anderson, Kevin J.",,Banned
"Herbert, Brian",Dune: The Butlerian Jihad,,"Anderson, Kevin J.",,Banned
"Herbert, Frank",Children of Dune,,,,Banned
"Herbert, Frank",Dune,,,,Banned
"Herbert, Frank",God Emperor of Dune,,,,Banned
"Herbert, Frank",Heretics of Dune,,,,Banned Pending Investigation
"Herman, Aimee",Everything Grows,,,2024-08,Banned By Restriction
"Herman, C.L.",The Drowning Summer,,,2024-08,Banned By Restriction
"Herman, Christine Lynn",El gris,,,2024-08,Banned By Restriction
"Herman, Christine Lynn",The Devouring Gray,Banned Pending Investigation,,2021-12,Banned By Restriction
"Herman, Gail",Who Is Derek Jeter?,Banned in Classrooms,,2021-08,
"Hernandez, Carlos",Sal and Gabi Break the Universe,Banned in Classrooms,,2022-05,
"Hernandez, Daniel",They Call Me a Hero: A Memoir of My Youth,,,2024-08,Banned By Restriction
"Hernandez, Jasmin",We Are Here: Visionaries of Color Transforming the Art World,,"Swizz, Beatz",,Banned
"Herrera, Juan Felipe",Calling the Doves: El canto de las palomas,,,2024-08,Banned
"Herriot, Lindsay",Growing Up Trans: In Our Own Words,,"Fry, Kate",,Banned
"Herter, Frankel Lovett",Photocraft,,,2025-02,Banned
"Herz, Rachel",That's Disgusting: Unraveling the Mysteries of Repulsion,,,2023-02,Banned Pending Investigation
"Hesse, Hermann",Demian: Die Geschichte von Emil Sinclairs Jugend,,,,Banned Pending Investigation
"Hesse, Hermann",Demian: The Story of Emil Sinclair's Youth,,,,Banned By Restriction
"Hesse, Hermann",Siddhartha,,,,Banned Pending Investigation
"Hesse, Hermann",Siddhartha (Dual-Language edition),,,,Banned Pending Investigation
"Hesse, Karen",Aleutian Sparrow,,,2022-10,Banned from Libraries
"Hesse, Monica",The War Outside,Banned Pending Investigation,,2022-01,
"Hesse, Monica",They Went Left,,,2024-10,Banned | Banned By Restriction
"Hiaasen, Carl",Flush,,,,Banned Pending Investigation
"Hiaasen, Carl",Hoot,,,,Banned Pending Investigation
"Hiaasen, Carl",Skin Tight,,,,Banned By Restriction
"Hiaasen, Carl",Skinny Dip,,,,Banned By Restriction
"Hickam Jr., Homer",October Sky/Rocket Boys,,,2024-08,Banned By Restriction
"Hickman, Jonathan",The Black Monday Murders,,,2022-09,Banned Pending Investigation
"Hicks, Faith Erin",Hockey Girl Loves Drama Boy,,,2024-08,Banned By Restriction
"Hicks, Faith Erin",Ride On,,,2024-08,Banned By Restriction
"Hicks, John",Dating Violence: True Stories of Hurt and Hope,,,,Banned Pending Investigation
"Hidier, Tanuja Desai",Born Confused,,,2025-02,Banned
"Higashimura, Akiko",Princess Jellyfish,,,2025-01,Banned
"Higginbotham, Anastasia",Not My Idea: A Book About Whiteness,Banned in Classrooms | Banned in Libraries and Classrooms | Banned Pending Investigation,,2021-08,Banned from Libraries and Classrooms | Banned
"Higgins, Carter",Everything You Need for a Treehouse,,,2024-08,Banned
"Higgins, Charlotte",Greek Myths: A New Retelling,,,2025-04,Banned
"Higgins, F. E.",The Black Book of Secrets,,,,Banned
"Higgins, Nadia Abushanab",Feminism: Reinventing the F-Word,,,,Banned
"Higgins, Ryan T.",Mother Bruce,,,2023-05,Banned from Classrooms
"Higgs, Liz Curtis",The Parable of the Lily,,,2023-06,Banned from Libraries and Classrooms
"Higgs, Liz Curtis",The Pine Tree Parable,,,2023-06,Banned from Libraries and Classrooms
"High, Linda Oatman",Otherwise,,,2024-08,Banned By Restriction
"Higuera, Donna Barba",The Last Cuentista,,,,Banned Pending Investigation
"Higuri, You","Cantarella, Vol. 1",,,2024-09,Banned
"Higuri, You","Cantarella, Vol. 2",,,2024-09,Banned
"Higuri, You","Cantarella, Vol. 3",,,2024-09,Banned
"Higuri, You","Cantarella, Vol. 4",,,2024-09,Banned
"Higuri, You","Cantarella, Vol. 5",,,2024-09,Banned
"Higuri, You","Cantarella, Vol. 6",,,2024-09,Banned
"Higuri, You","Cantarella, Vol. 7",,,2024-09,Banned
"Higuri, You","Cantarella, Vol. 8",,,2024-09,Banned
"Higuri, You","Cantarella, Vol. 9",,,2024-09,Banned
"Hilderbrand, Elin",The Island,,,,Banned By Restriction
"Hill, Douglas",Witches and Magic-Makers,,,2025-02,Banned
"Hill, Joe",Heart-Shaped Box,,,,Banned Pending Investigation
"Hill, Joe",Locke & Key,,,2025-04,Banned
"Hill, Joe",Locke and Key Vol. 1: Welcomeome To Lovecraft,,,2022-09,Banned Pending Investigation | Banned
"Hill, Joe","Locke and Key, Vol. 5: Clockworks",,,2022-09,Banned Pending Investigation | Banned
"Hill, Joe","Locke and Key, Vol. 6: Alpha and Omega",,,2022-09,Banned Pending Investigation | Banned
"Hill, Joe",Rain,,"Booher, David",2025-04,Banned
"Hill, Joe",The Cape,,"Ciaramella, Jason",2022-09,Banned Pending Investigation
"Hill, Joe",Wraith,,,2022-09,Banned Pending Investigation
"Hill, Katie Rain",Rethinking Normal: A Memoir in Transition,Banned Pending Investigation,,2021-12,Banned Pending Investigation | Banned By Restriction | Banned
"Hill, Laban Carrick",When the Beat Was Born: DJ Kool Herc and the Creation of Hip Hop,Banned in Classrooms,,2021-08,
"Hill, Melissa Sue","Novels for Students, Vol. 60",,"Lee, Michelle",,Banned Pending Investigation
"Hill, Melissa Sue","Novels for Students, Vol. 61",,"Lee, Michelle",,Banned Pending Investigation
"Hill, Sandra",Here Comes Santa Claus,,"Holmes, Kate; Jensen, Trish",,Banned By Restriction
"Hill, Will",After the Fire,,,2024-10,Banned | Banned Pending Investigation
"Hillenbrand, Lauren","Unbroken: A World War II Story of Survival, Resilience, and Redemption",,,2024-08,Banned By Restriction | Banned Pending Investigation
"Hillstrom, Laurie Collier",Black Lives Matter: From a Moment to a Movement,Banned in Libraries and Classrooms,,2021-11,
"Hinds, Gareth",Beowulf: A Graphic Novel (GH),,,2024-08,Banned By Restriction
"Hinds, Gareth",Macbeth: The Graphic Novel,,"Shakespeare, William",2022-09,Banned Pending Investigation
"Hinds, Gareth",The Iliad (A Graphic Novel),,Candlewick,2025-04,Banned
"Hinds, Gareth",The Odyssey (Graphic Novel),,Candlewick,2024-10,Banned
"Hinebaugh, Olivia","The Birds, the Bees, and You and Me",Banned Pending Investigation,,2021-12,Banned By Restriction
"Hing Wen, Abigail","Loveboat, Taipei",,,2024-12,Banned
"Hino, Matsuri",MeruPuri: Märchen Prince,,,2024-11,Banned
"Hino, Matsuri",Vampire Knight,,,2024-10,Banned
"Hino, Matsuri",Vampire Knight: Official Fanbook,,,,Banned
"Hinton, S. E.",The Outsiders,Banned in Libraries,,2021-10,Banned
"Hiranandani, Veera",The Night Diary,Banned Pending Investigation,,2022-01,
"Hirano, Toshiki",Shaolin Sisters,,,2025-02,Banned
"Hirschmann, Kris",Understanding Sexual Identity and Orientation,,,2024-08,Banned By Restriction
"Hirsh, Ananth",Lucky Penny,,,,Banned Pending Investigation
"Hirsh, Eric Donald",The Dictionary of Cultural Literacy,,"Kett, Joseph F.; Trefil, James",2023-06,Banned from Libraries and Classrooms
"Hirsh, Marilyn",The Tower of Babel,,,2023-06,Banned from Libraries and Classrooms
"Hirst, Jo",A House for Everyone: A Story to Help Children Learn About Gender Identity and Gender Expression,,,,Banned
"Hitchcock, Shannon",One True Way,Banned Pending Investigation,,2021-12,Banned | Banned Pending Investigation
"Ho, Minfong",Hush! A Thai Lullaby,Banned Pending Investigation,,2022-01,
"Hoban, Julia",Willow,,,2024-12,Banned
"Hobb, Robin",Royal Assassin,,,,Banned Pending Investigation
"Hoblin, Paul",Archenemy,Banned in Libraries,,2021-12,Banned Pending Investigation
"Hocking, Amanda",Crystal Kingdom,,,2023-03,Banned from Libraries | Banned Pending Investigation
"Hocking, Amanda",Ice Kissed,,,,Banned Pending Investigation
"Hocking, Amanda",Switched,,,,Banned By Restriction
"Hoddinott, Brenda",The Complete Idiot's Guide to Drawing People Illustrated,,,2022-09,Banned Pending Investigation
"Hodge, A.N.",The History of Art,,,2022-09,Banned Pending Investigation
"Hodge, Rosamund",Crimson Bound,,,,Banned Pending Investigation
"Hodge, Rosamund",Cruel Beauty,,,,Banned Pending Investigation
"Hodge, Susie",Medieval Europe,,,2025-02,Banned
"Hodkin, Michelle",The Becoming of Noah Shaw,,,2024-12,Banned | Banned Pending Investigation
"Hoena, B. A.",Athena (BAH),,"Bowman, Laurel",2025-04,Banned
"Hoena, B. A.",Everything Mythology,,,,Banned Pending Investigation
"Hoena, B. A.",Poseidon (BAH),,,2025-04,Banned
"Hoena, B. A.",Zeus (BAH),,"Bowman, Laurel",2025-04,Banned
"Hoena, Blake",Gross Gods,,,2023-03,Banned from Libraries and Classrooms
"Hoey, Peter",Animal Stories,,"Hoey, Maria",2022-09,Banned Pending Investigation
"Hoffman, Alice",Practical Magic,,,,Banned
"Hoffman, Eric",Best Best Colors: Los mejores colores,Banned in Libraries,,2021-12,
"Hoffman, Ian","Jacob's School Play: Starring He, She, and They",,"Hoffman, Sarah",2024-08,Banned
"Hoffman, Mary",Amazing Grace,Banned in Classrooms,,2021-08,
"Hoffman, Mary",Parables: Stories Jesus Told,,,2023-06,Banned from Libraries and Classrooms
"Hoffman, Mary",The Great Big Book of Families,,,2024-07,Banned By Restriction
"Hoffman, Mary",Troubadour,,,2025-02,Banned
"Hoffman, Sarah",Jacob's New Dress,Banned Pending Investigation,"Hoffman, Ian",2021-12,Banned from Libraries | Banned By Restriction | Banned Pending Investigation | Banned
"Hoffman, Sarah",Jacob's Room to Choose,Banned Pending Investigation,"Hoffman, Ian",2021-12,Banned
"Hoffmeister, Peter Brown",This is the Part Where You Laugh,,,,Banned Pending Investigation
"Hohenstatt, Peter",Leonardo da Vinci: 1452-1519,,,2025-04,Banned
"Hohn, Nadia L.",The Antiracist Kitchen: 21 Stories (And Recipes),,,,Banned
"Holder, Nancy",The Rules,,"Viguie, Debbie",,Banned
"Hollander, Barbara Gottfried",Marriage Rights and Gay Rights: Interpretating the Constitution,,,,Banned Pending Investigation
"Holleville, Elizabeth",Summer Spirit,,,,Banned
"Hollie, Sharroky","Culturally and Linguistically Responsive Teaching and Learning - Classroom Practices for Student Success, Grades K-12",Banned in Classrooms,,2021-08,
"Hollingsworth, Mary",International Children's Story Bible,,,2023-06,Banned from Libraries and Classrooms
"Holm, Jennifer",The Creek,,,2025-02,Banned
"Holman, Sheri",The Dress Lodger,,,,Banned By Restriction
"Holmes, George",Renaissance,,,2025-04,Banned
"Holmes, George",The Italian Renaissance,,,2025-04,Banned
"Holmes, Melisa","Hang-ups, Hook-ups, and Holding Out: Stuff You Need to Know about Your Body, Sex, and Dating",Banned in Libraries,"Hutchison, Trish",2021-12,
"Holmes, Melisa",You-ology: A Puberty Guide for Every Body,,"Hutchison, Trish; Lowe, Kathryn",,Banned
"Holmes, Ronald M.",Profiling Violent Crimes: An Investigative Tool,,,,Banned Pending Investigation
"Holt, A. J.",Watch Me,,,,Banned By Restriction
"Holt, K. A.",Ben Y and the Ghost in the Machine: The Kids Under the Stairs,,,,Banned
"Holt, K. A.",BenBee and the Teacher Griefer: The Kids Under the Stairs,,,,Banned
"Holt, K. A.",Redwood and Ponytail,Banned Pending Investigation,,2021-12,Banned | Banned By Restriction
Homer,All-Action Classics No. 3: The Odyssey,,"Mucci, Tim",2022-09,Banned Pending Investigation
"Homes, A. M.",Jack,Banned Pending Investigation,,2022-01,Banned
"Hong Nam, Yeoh",Greece,,,2025-02,Banned
"Hong, Jess",Lovely,Banned in Classrooms,,2021-08,
"Hooks, Bell",Teaching to Transgress: Education as the Practice of Freedom,Banned in Classrooms,,2021-08,
"Hooper, Mary",Amy,,,2025-02,Banned
"Hoose, Phillip M.",We Were There Too! Young People in US History,,,2025-02,Banned
"Hoover, Colleen",9-Nov,,,2022-10,Banned Pending Investigation | Banned from Libraries and Classrooms
"Hoover, Colleen",All Your Perfects,,,2023-06,Banned Pending Investigation | Banned | Banned from Libraries and Classrooms
"Hoover, Colleen",Confess,,,2022-10,Banned Pending Investigation | Banned
"Hoover, Colleen",Finding Cinderella,,,2022-12,Banned Pending Investigation | Banned
"Hoover, Colleen",Finding Perfect,,,,Banned
"Hoover, Colleen",Heart Bones,,,,Banned Pending Investigation | Banned
"Hoover, Colleen",Hopeless,,,2022-10,Banned Pending Investigation | Banned from Libraries and Classrooms | Banned By Restriction | Banned
"Hoover, Colleen",It Ends With Us,,,2022-10,Banned Pending Investigation | Banned from Libraries and Classrooms | Banned By Restriction | Banned
"Hoover, Colleen",It Starts With Us,,,2024-08,Banned | Banned from Libraries and Classrooms | Banned By Restriction | Banned Pending Investigation
"Hoover, Colleen",Layla,,,2022-10,Banned Pending Investigation | Banned | Banned By Restriction
"Hoover, Colleen",Losing Hope,,,2023-02,Banned from Libraries and Classrooms | Banned Pending Investigation | Banned
"Hoover, Colleen",Maybe Not,,,2022-10,Banned from Libraries and Classrooms | Banned Pending Investigation | Banned
"Hoover, Colleen",Maybe Now,,,2025-04,Banned | Banned Pending Investigation | Banned By Restriction
"Hoover, Colleen",Maybe Someday,,,,Banned Pending Investigation | Banned | Banned By Restriction
"Hoover, Colleen",Never Never,,,,Banned | Banned Pending Investigation
"Hoover, Colleen",November 9,,,,Banned | Banned Pending Investigation | Banned By Restriction
"Hoover, Colleen",Point of Retreat,,,,Banned | Banned Pending Investigation
"Hoover, Colleen",Regretting You,,,,Banned Pending Investigation | Banned from Libraries and Classrooms | Banned By Restriction | Banned
"Hoover, Colleen",Reminders of Him,,,,Banned from Libraries and Classrooms | Banned
"Hoover, Colleen",Slammed,,,,Banned | Banned Pending Investigation
"Hoover, Colleen",This Girl,,,,Banned
"Hoover, Colleen",Two More Days: An Anthology,,,,Banned Pending Investigation
"Hoover, Colleen",Ugly Love,,,2022-10,Banned from Libraries and Classrooms | Banned | Banned Pending Investigation
"Hoover, Colleen",Verity,,,2022-10,Banned from Libraries and Classrooms | Banned | Banned By Restriction
"Hoover, Colleen",Without Merit,,,2023-06,Banned Pending Investigation | Banned | Banned By Restriction
"Hopkins, Cathy","Mates, Dates, and Inflatable Bras",,,,Banned Pending Investigation
"Hopkins, Ellen",A Sin Such As This,,,2025-06,Banned Pending Investigation | Banned
"Hopkins, Ellen",Burned,Banned in Classrooms | Banned in Libraries and Classrooms,,2021-10,
"Hopkins, Ellen",Burned (EH),,,2022-10,Banned from Libraries and Classrooms | Banned Pending Investigation | Banned from Libraries | Banned By Restriction | Banned
"Hopkins, Ellen",Closer to Nowhere,,,,Banned Pending Investigation
"Hopkins, Ellen",Collateral,,,2022-10,Banned from Libraries and Classrooms | Banned Pending Investigation | Banned
"Hopkins, Ellen",Crank,Banned in Libraries | Banned in Classrooms | Banned Pending Investigation | Banned in Libraries and Classrooms,,2021-07,Banned from Libraries and Classrooms | Banned from Libraries | Banned Pending Investigation | Banned | Banned By Restriction
"Hopkins, Ellen",Fallout,Banned in Libraries and Classrooms | Banned Pending Investigation,,2022-03,Banned from Libraries and Classrooms | Banned Pending Investigation | Banned from Libraries | Banned | Banned By Restriction
"Hopkins, Ellen",Flirtin' With the Monster: Your Favorite Authors on Ellen Hopkins' Crank and Glass,,,2023-03,Banned from Libraries and Classrooms | Banned Pending Investigation | Banned | Banned By Restriction
"Hopkins, Ellen",Glass,Banned in Libraries and Classrooms,,2022-03,Banned from Libraries and Classrooms | Banned from Libraries | Banned Pending Investigation | Banned | Banned By Restriction
"Hopkins, Ellen",Identical,Banned in Libraries and Classrooms | Banned Pending Investigation,,2022-03,Banned Pending Investigation | Banned from Libraries and Classrooms | Banned from Libraries | Banned | Banned By Restriction
"Hopkins, Ellen",Impulse,Banned in Libraries and Classrooms | Banned Pending Investigation,,2022-03,Banned from Libraries | Banned Pending Investigation | Banned from Libraries and Classrooms | Banned | Banned By Restriction
"Hopkins, Ellen",Love Lies Beneath,,,2022-09,Banned from Libraries and Classrooms | Banned
"Hopkins, Ellen",People Kill People,Banned in Libraries and Classrooms | Banned Pending Investigation,,2022-03,Banned from Libraries and Classrooms | Banned Pending Investigation | Banned | Banned By Restriction
"Hopkins, Ellen",Perfect,Banned Pending Investigation | Banned in Libraries and Classrooms,,2021-11,Banned from Libraries and Classrooms | Banned Pending Investigation | Banned from Libraries
"Hopkins, Ellen",Perfect (EH),,,2024-08,Banned | Banned By Restriction | Banned Pending Investigation
"Hopkins, Ellen",Rumble,,,2022-09,Banned Pending Investigation | Banned from Libraries and Classrooms | Banned | Banned By Restriction
"Hopkins, Ellen",Smoke,Banned in Libraries and Classrooms,,2022-03,Banned Pending Investigation | Banned from Libraries and Classrooms | Banned | Banned By Restriction
"Hopkins, Ellen",The You I've Never Known,Banned Pending Investigation,,2021-12,Banned from Libraries and Classrooms | Banned Pending Investigation | Banned By Restriction | Banned
"Hopkins, Ellen",Tilt,Banned in Libraries and Classrooms | Banned Pending Investigation,,2022-03,Banned from Libraries and Classrooms | Banned Pending Investigation | Banned from Libraries
"Hopkins, Ellen",Tilt (EH),,,2024-08,Banned | Banned By Restriction | Banned Pending Investigation
"Hopkins, Ellen",Traffick,Banned in Libraries and Classrooms,,2021-11,Banned from Libraries and Classrooms | Banned Pending Investigation | Banned By Restriction | Banned
"Hopkins, Ellen",Triangles,Banned in Libraries and Classrooms | Banned Pending Investigation,,2021-11,Banned from Libraries and Classrooms | Banned from Libraries | Banned Pending Investigation | Banned
"Hopkins, Ellen",Tricks,Banned Pending Investigation | Banned in Libraries and Classrooms | Banned in Libraries,,2021-11,Banned from Libraries and Classrooms | Banned Pending Investigation | Banned from Libraries | Banned | Banned By Restriction
"Hopkins, Jerry",The Lizard King: The Essential Jim Morrison,,,,Banned Pending Investigation
"Hopkins, Suzy",What to Do When I'm Gone: A Mother's Wisdom to Her Daughter,,,2022-09,Banned Pending Investigation
"Hopkinson, Deborah",Carter Reads the Newspaper,Banned Pending Investigation,,2022-01,
"Hopkinson, Deborah",D-Day: The World War II Invasion that Changed History,,,2022-10,Banned from Libraries
"Hopkinson, Deborah",Michelle,Banned in Classrooms,,2021-08,
"Hopkinson, Deborah",The Deadliest Diseases Then and Now,,,2022-09,Banned Pending Investigation
"Hopkinson, Deborah",What Is the Women's Rights Movement?,Banned in Classrooms,,2021-08,
"Hopkinson, Nalo",Skin Folk: Stories,,,,Banned
"Hopkinson, Natalie","A Mouth is Always Muzzled: Six Dissidents, Five Continents, and the Art of Resistance",,,2024-08,Banned
"Hopper, Laura",I Never,,,2022-10,Banned Pending Investigation | Banned from Libraries and Classrooms | Banned
"Horan, Nancy",Loving Frank,,,2022-11,Banned from Libraries and Classrooms
"Horikoshi, Kōhei",My Hero Academia,,,2025-04,Banned
"Horikoshi, Kōhei","My Hero Academia, Vol. 14: Overhaul",,,,Banned Pending Investigation
"Horikoshi, Kōhei","My Hero Academia, Vol. 30: Dabi's Dance",,,,Banned Pending Investigation
"Horikoshi, Kōhei",My Hero Academia: Origin,,,,Banned
"Horikoshi, Kōhei","My Hero Academia: Origin, Vol. 5",,,2025-06,Banned Pending Investigation
"Horner, Emily",A Love Story Starring My Dead Best Friend,Banned Pending Investigation,,2021-12,
"Horowitz, Anthony",Ark Angel,,,2022-10,Banned from Libraries | Banned
"Horowitz, Anthony",Eagle Strike,,,2022-10,Banned from Libraries
"Horowitz, Anthony",Point Blank,,,2022-10,Banned from Libraries
"Horowitz, Anthony",Scorpia,,,2022-10,Banned from Libraries
"Horowitz, Anthony",Scorpia Rising,,,2022-10,Banned from Libraries
"Horowitz, Anthony",Skeleton Key,,,2022-10,Banned from Libraries
"Horowitz, Anthony",Snakehead,,,2022-10,Banned from Libraries
"Horowitz, Anthony",Stormbreaker,,,2022-10,Banned from Libraries
"Horowitz, Anthony",The Gadgets,,,2022-10,Banned from Libraries
"Horsley, Kate",The Changeling,,,,Banned Pending Investigation
"Hort, Lenny",How Many Stars in the Sky?,Banned in Classrooms,,2021-08,
"Horvath, Polly",My One Hundred Adventures,,,2023-06,Banned from Libraries and Classrooms
"Hoshino, Katsura",D. Gray-Man,,,2023-03,Banned from Libraries
"Hosie, Donna",The Devil's Intern,,,2022-10,Banned from Libraries
"Hosseini, Khaled",A Thousand Splendid Suns,,,2023-02,Banned Pending Investigation | Banned | Banned By Restriction
"Hosseini, Khaled",Cometas en el cielo,,,2024-08,Banned | Banned Pending Investigation
"Hosseini, Khaled",The Kite Runner,Banned Pending Investigation | Banned in Libraries and Classrooms | Banned in Libraries | Banned in Classrooms,,2021-10,Banned Pending Investigation | Banned from Libraries | Banned from Libraries and Classrooms | Banned | Banned By Restriction
"Hosseini, Khaled",The Kite Runner Graphic Novel,,,2024-07,Banned | Banned Pending Investigation
"Hot Mess, Lil Miss",If You're A Drag Queen and You Know It,,,,Banned
"Hot Mess, Lil Miss","The Hips on the Drag Queen Go Swish, Swish, Swish",,,2024-08,Banned
"Hotta, Yumi",Hikaru No Go,,,2024-11,Banned
"Houck, Colleen",Reawakened,,,,Banned Pending Investigation
"Houck, Colleen",Recreated,,,,Banned Pending Investigation
"Houck, Colleen",Reunited,,,,Banned Pending Investigation
"Houck, Colleen",Tiger's Destiny,,,2023-03,Banned from Libraries
"Houtman, Jacqueline","Troublemaker for Justice: The Story of Bayard Rustin, the Man Behind the March on Washington",,"Naegle, Walter; Long, Michael G.",2022-10,Banned from Libraries
"Howard, A. G.",Ensnared,,,2023-03,Banned from Libraries | Banned | Banned Pending Investigation
"Howard, A. G.",RoseBlood,,,,Banned Pending Investigation
"Howard, A. G.",Splintered,,,,Banned By Restriction
"Howard, A. G.",Unhinged,,,,Banned Pending Investigation
"Howard, A. G.",Untamed (AGH),,,2023-03,Banned from Libraries | Banned | Banned Pending Investigation
"Howard, Abby",The Last Halloween: Children,,,2022-09,Banned Pending Investigation | Banned
"Howard, Elizabeth Fitzgerald",Virgie Goes to School with Us Boys,Banned Pending Investigation,,2022-01,
"Howard, Greg","Middle School's a Drag, You Better Werk!",Banned Pending Investigation,,2021-12,Banned By Restriction | Banned Pending Investigation | Banned
"Howard, Greg",Social Intercourse,,,2024-10,Banned
"Howard, Greg",The Whispers,Banned Pending Investigation,,2021-12,Banned Pending Investigation
"Howatch, Susan",Cashelmara,,,,Banned Pending Investigation
"Howe, James","Big Bob, Little Bob",,,2022-07,Banned Pending Investigation
"Howe, James",The Misfits,,,,Banned Pending Investigation | Banned By Restriction
"Howe, James",Totally Joe,Banned in Libraries | Banned Pending Investigation,,2021-12,Banned | Banned Pending Investigation
"Howe, Katherine",Conversion,,,2024-08,Banned | Banned Pending Investigation
Howell. Izzi,Prejudice: A Young Activist's Guide,,,,Banned
"Howlett, John",James Dean: Rebel Life,,,,Banned Pending Investigation
"Howrey, Meg",The Cranes Dance,,,,Banned By Restriction
"Hoyle, McCall",Stella,,,,Banned Pending Investigation
"Hoyt, Elizabeth",Wicked Intentions,,,,Banned By Restriction
"Hubbard, Crystal",Catching the Moon: The Story of a Young Girl's Baseball Dream,Banned in Classrooms,,2021-08,
"Hubbard, Jenny",And We Stay,,,2025-03,Banned
"Hudson Jr., David L.",Teen Legal Rights,Banned Pending Investigation,,2021-12,
"Hudson, Cheryl Willis",My Friend Maya Loves to Dance,Banned in Classrooms,,2021-08,
"Hudson, Wade","The Talk: Conversations about Race, Love and Truth",,"Hudson, Cheryl Willis",2022-07,Banned from Libraries and Classrooms | Banned Pending Investigation | Banned
"Hudson, Wade","We Rise, We Resist, We Raise our Voices",,"Hudson, Cheryl Willis",,Banned Pending Investigation
"Huegel, Kelly",GLBTQ*: The Survival Guide for Queer and Questioning Teens,Banned in Libraries,,2021-12,Banned Pending Investigation | Banned By Restriction | Banned
"Huff, Tanya",The Enchantment Emporium,,,,Banned Pending Investigation
"Hughes, Langston",The Poetry of the Negro: 1746-1970,,"Bontemps, Arna",2025-02,Banned
"Hughes, Shirley",Hero on a Bicycle,,,2024-11,Banned
"Hughes, Susan","No Girls Allowed: Tales of Daring Women Dressed as Men for Love, Freedom and Adventure",Banned Pending Investigation,,2021-12,Banned
"Hugo, Victor",Les Misérables,,,,Banned Pending Investigation
"Humphries, Sam",Blackbird: Book 1 The Great Beast,,,2022-09,Banned Pending Investigation
"Hunter, C. C.",Born at Midnight,,,2025-06,Banned Pending Investigation | Banned
"Hunter, C. C.",Taken at Dusk,,,,Banned Pending Investigation
"Hunter, Erin",Fire in the Sky,,,2024-10,Banned
"Hunter, Erin",The Quest Begins,,,2025-04,Banned
"Hunter, Travis",On The Come Up (TH),,,,Banned By Restriction
"Huntoon, Caroline",Linus and Etta Could Use a Win,,,2024-08,Banned By Restriction | Banned
"Huntoon, Caroline",Skating on Mars,,,2024-08,Banned By Restriction | Banned
"Hur, June",The Forest of Stolen Girls,,,,Banned Pending Investigation
"Hurston, Zora Neale",Barracoon: Adapted for Young Readers,,"Kendi, Ibram X.",2024-08,Banned By Restriction
"Hurston, Zora Neale",Lies and Other Tall Tales,,"Myers, Christopher",,Banned By Restriction
"Hurston, Zora Neale",Their Eyes Were Watching God,Banned in Libraries and Classrooms,,2021-10,Banned By Restriction | Banned | Banned Pending Investigation
"Hurt, Avery Elizabeth",Confronting LGBTQ+ Discrimination,,,2024-08,Banned By Restriction | Banned
"Hurt, Avery Elizabeth",Coping with Hate and Intolerance,,,,Banned
"Hurwin, Davida Wills",Freaks and Revelations,Banned in Libraries,,2021-12,Banned Pending Investigation
"Hutchinson, Shaun David",A Complicated Love Story Set in Space,Banned Pending Investigation,,2022-02,Banned | Banned Pending Investigation
"Hutchinson, Shaun David",At the Edge of the Universe,Banned Pending Investigation,,2021-12,Banned | Banned Pending Investigation | Banned By Restriction
"Hutchinson, Shaun David",Brave Face: A Memoir,Banned in Classrooms | Banned in Libraries and Classrooms | Banned Pending Investigation,,2021-09,Banned Pending Investigation | Banned
"Hutchinson, Shaun David",Feral Youth,,"Young, Suzanne; Nijkamp, Marieke; Talley, Robin; Kuehn, Stephanie; Myers, E.C.; Floreen, Tim; Johnson, Alaya Dawn; Ireland, Justina; Colbert, Brandy",2024-09,Banned | Banned Pending Investigation
"Hutchinson, Shaun David",Howl,,,2025-06,Banned Pending Investigation | Banned
"Hutchinson, Shaun David",The Apocalypse of Elena Mendoza,,,2025-05,Banned | Banned Pending Investigation
"Hutchinson, Shaun David",The Five Stages of Andrew Brawley,Banned in Libraries,,2021-12,Banned
"Hutchinson, Shaun David",The Past and Other Things That Should Stay Buried,Banned Pending Investigation,,2021-12,Banned Pending Investigation | Banned
"Hutchinson, Shaun David",The State of Us,,,,Banned Pending Investigation | Banned
"Hutchinson, Shaun David",Violent Ends,,"Shusterman, Neil; Shusterman, Brendan; Revis, Beth; Leitich Smith, Cynthia; Summers, Courtney; Blake, Kendare; Dawson, Delilah S.; Brezenoff, Steve; Leveen, Tom; Moskowitz, Hannah; Woolston, Blythe; Doller, Trish; Scott, Mindi; Gelbwasser, Margie; Johnson, Christine; Kokie, E.M.; Nader, Elisa",2024-12,Banned
"Hutchinson, Shaun David",We Are the Ants,Banned Pending Investigation | Banned in Libraries and Classrooms | Banned in Libraries,,2021-10,Banned from Libraries and Classrooms | Banned Pending Investigation | Banned from Libraries | Banned | Banned By Restriction
"Hutchison, Dot",A Wounded Name,,,,Banned Pending Investigation
"Hutton, Warwick",Moses in the Bulrushes,,,2023-06,Banned from Libraries and Classrooms
"Huxley, Aldous",Brave New World,Banned in Libraries and Classrooms,,2021-10,Banned from Libraries | Banned Pending Investigation | Banned By Restriction | Banned
"Huxley, Aldous",Brave New World Revisited,,,,Banned By Restriction
"Huxley, Aldous",Brave New World: A Graphic Novel,,"Fordham, Fred",2025-03,Banned By Restriction | Banned
"Huyghe, Rene",Paul Gaugin,,,2025-04,Banned
"Hwa, Kim Dong",The Color of Heaven,,,2024-10,Banned
"Hwa, Kim Dong",The Color of Water,,,2024-10,Banned
"Hwang, David Henry",M Butterfly,,,,Banned By Restriction
"Hyde, Catherine Ryan",Becoming Chloe,,,,Banned By Restriction | Banned
"Hyde, Catherine Ryan",Jumpstart the World,Banned Pending Investigation,,2021-12,Banned By Restriction | Banned
"Hyde, Catherine Ryan",Pay It Forward (Young Readers Edition),,,2024-08,Banned By Restriction
"Hyde, Margaret O.",Safe Sex 101: An Overview for Teens,Banned in Libraries | Banned Pending Investigation,"Forsyth, Elizabeth H.",2021-12,
"Hyde, Margaret O.",Sexual Abuse: Let's Talk About It,,,,Banned
"Hyde, Natalie",Understanding Greek Myths,,,2025-04,Banned
"Hyman Rubio, Gwyn",Icy Sparks,,,,Banned By Restriction
"Hyman, Miles","Shirley Jackson's ""The Lottery"": The Authorized Graphic Adaptation",Banned in Classrooms,,2021-09,Banned Pending Investigation | Banned
"Hyman, Trina Schart",The Sleeping Beauty,,,2023-03,Banned from Libraries and Classrooms
"Ibbotson, Eva",Journey to the River Sea,,,,Banned Pending Investigation
"Ibbotson, Eva",The Ogre of Oglefort,,,,Banned By Restriction
"Ibrahim, Marawa",The Girl Guide: 50 Ways to Love Your Changing Body,,,,Banned
"Igarashi, Daisuke",Children of the Sea,,,2025-04,Banned
"Igarashi, Daisuke",Witches: The Complete Collection,,,2025-04,Banned
"Ignatow, Amy","At Last, Jedi: A Christina Starspeeder Story",,"Krosoczka, Jarrett J.",,Banned Pending Investigation
"Ignatow, Amy",Love and Other Fiascos with Lydia Goldblatt and Julie Graham-Chang,,,,Banned Pending Investigation
"Ignatow, Amy",Research for the Social Improvement and General Betterment of Lydia Goldblatt and Julie Graham-Chang,,,,Banned Pending Investigation
"Ignatow, Amy",The Awesomely Awful Melodies of Lydia Goldblatt and Julie Graham-Chang,,,,Banned Pending Investigation
"Ignatow, Amy",The Less-Than-Hidden Secrets and Final Revelations of Lydia Goldblatt and Julie Graham-Chang,,,,Banned Pending Investigation
"Ignatow, Amy",The Long-Distance Dispatch Between Lydia Goldblatt and Julie Graham-Chang,,,,Banned Pending Investigation
"Ignatow, Amy",The Rocky Road Trip of Lydia Goldblatt and Julie Graham-Chang,,,,Banned Pending Investigation
"Ignatow, Amy",Words of (Questionable) Wisdom from Lydia Goldblatt and Julie Graham-Chang,,,,Banned Pending Investigation
"Ikeda, Akihisa",Rosario and Vampire,,,2024-10,Banned
"Ikeyamada, Gō","So Cute It Hurts!!, Vol. 12",,,2025-04,Banned
"Ikeyamada, Gō","So Cute It Hurts!!, Vol. 13",,,2025-04,Banned
"Ikeyamada, Gō","So Cute It Hurts!!, Vol. 14",,,2025-04,Banned
"Ikeyamada, Gō","So Cute It Hurts!!, Vol. 15",,,2025-04,Banned
"Iles, Greg",Blood Memory,,,,Banned Pending Investigation
"Iloh, Candice",Every Body Looking,,,2024-09,Banned | Banned Pending Investigation
"Imani, Blair",Modern HERstory: Stories of Women and Nonbinary People Rewriting History,,,,Banned
In This Together Media,"Nevertheless, We Persisted: 48 Voices of Defiance, Strength, and Courage",,,2024-08,Banned
"Ingrande Mora, Maria",Fragile Remedy,Banned Pending Investigation,,2022-02,
"Innes, Brian",Crime and Detection: History and Methods of Torture,,,,Banned Pending Investigation
"Innes, Brian",Millennium Prophecies,,,2023-06,Banned from Libraries and Classrooms
"Irving, John",A Widow for One Year,,,,Banned By Restriction
"Irving, John",The Cider House Rules,Banned Pending Investigation,,2021-11,Banned Pending Investigation
"Irving, John",The World According to Garp,,,,Banned By Restriction
"Isayama, Hajime",Attack on Titan,,,2024-10,Banned
"Isayama, Hajime","Attack on Titan, Vol 2",,,2024-12,Banned
"Isayama, Hajime",Attack on Titan: Colossal Edition.,,,2024-08,Banned
"Ishida, Sui",Tokyo Ghoul,,,2024-10,Banned
"Ishiguro, Kazuo",Never Let Me Go,,,2022-10,Banned from Libraries | Banned Pending Investigation
"Issitt, Micah L.",Gender: Roles & Rights,,,2024-08,Banned By Restriction
"Ito, Junji","Gyo, Vol. 1: The Death-Stench Creeps",,,2023-02,Banned Pending Investigation
"Ito, Junji",The Art of Junji Ito: Twisted Visions,,,2023-06,Banned from Libraries and Classrooms
"Iturbe, Antonio",The Librarian of Auschwitz,,,,Banned Pending Investigation
"Iturbe, Antonio",The Librarian of Auschwitz: The Graphic Novel,,"Rubio, Salva",,Banned Pending Investigation
"Ivey, Eowyn",The Snow Child,,,,Banned Pending Investigation
"Iwaaki, Hitoshi",Parasyte,,,2024-10,Banned
"Iwashiro, Toshiaki",Psyren,,,2025-01,Banned
"Iweala, Uzodinma",Speak No Evil,Banned Pending Investigation,,2022-02,Banned By Restriction
"Izumi, Mitsu",Magus of the Library,,,,Banned
"Jackson, Dave",Hero Tales: A Family Treasury of True Stories from the Lives of Christian Heroes,,"Jackson, Neta",2023-06,Banned from Libraries and Classrooms
"Jackson, Holly",A Good Girl's Guide to Murder,,,,Banned By Restriction | Banned Pending Investigation
"Jackson, Holly",As Good as Dead,,,,Banned Pending Investigation
"Jackson, Holly","Good Girl, Bad Blood",Banned in Libraries,,2022-01,Banned Pending Investigation
"Jackson, Kosoko",Yesterday Is History,Banned Pending Investigation,,2022-02,
"Jackson, Tiffany D.",Allegedly,,,2022-09,Banned from Libraries and Classrooms | Banned Pending Investigation | Banned from Libraries | Banned | Banned By Restriction
"Jackson, Tiffany D.",Grown,,,2022-09,Banned Pending Investigation | Banned from Libraries and Classrooms | Banned By Restriction | Banned
"Jackson, Tiffany D.",Let Me Hear a Rhyme,Banned in Libraries,"Sharif, Malik ""Malik-16""",2022-04,Banned Pending Investigation
"Jackson, Tiffany D.",Monday's Not Coming,Banned Pending Investigation | Banned in Libraries,,2021-10,Banned from Libraries and Classrooms | Banned from Libraries | Banned Pending Investigation | Banned | Banned By Restriction
"Jackson, Tiffany D.",The Weight of Blood,,,2025-05,Banned | Banned By Restriction | Banned Pending Investigation
"Jacob, Mira",Good Talk: A Memoir in Conversations,,,2022-09,Banned Pending Investigation
"Jacobs, Donald Trent",Teaching Truly: A Curriculum to Indigenize Mainstream Education,Banned in Classrooms,,2021-08,
"Jacobs, Evan",Fathersonfather,,,2024-08,Banned By Restriction
"Jacobs, Evan",The Space Between,,,2024-08,Banned By Restriction
"Jacobs, Kate",The Friday Night Knitting Club,,,,Banned By Restriction
"Jacobson, Jennifer Richard",Stained,Banned in Libraries | Banned Pending Investigation,,2021-12,Banned from Libraries and Classrooms | Banned | Banned Pending Investigation
"Jacobson, Sid",Anne Frank: The Anne Frank House Authorized Graphic Biography,,"Colón, Ernie",,Banned Pending Investigation | Banned
"Jae, Ava",Beyond the Red,,,,Banned
"Jae, Ava",The Rising Gold,,,2024-10,Banned
"Jae-Jones, S.",Shadowsong,,,2022-10,Banned from Libraries
"Jae-Jones, S.",Wintersong,,,2022-10,Banned from Libraries | Banned | Banned Pending Investigation
"Jaeckel, Jenny",House of Rougeaux,,,,Banned
"Jager, Eric","The Last Duel: A True Story of Crime, Scandal and Trial by Combat",,,2024-10,Banned
"Jahren, Hope",Lab Girl,,,,Banned Pending Investigation
"Jaigirdar, Adiba",A Million to One,,,2024-08,Banned By Restriction
"Jaigirdar, Adiba",Hani and Ishu's Guide to Fake Dating,,,2024-08,Banned By Restriction | Banned Pending Investigation
"Jaigirdar, Adiba",The Henna Wars,Banned Pending Investigation,,2022-02,
"James, Alex",Bit of a Blur: the Autobiography,,,,Banned Pending Investigation
"James, E. L.",Fifty Shades of Grey,Banned Pending Investigation,,2022-04,Banned Pending Investigation
"James, E.L.",Fifty Shades Darker,,,,Banned Pending Investigation
"James, E.L.",Fifty Shades Freed,,,,Banned Pending Investigation
"James, LeBron",I Promise,Banned in Classrooms,,2021-08,
"James, Marlon","Black Leopard, Red Wolf",,,,Banned
"James, P. D.",The Murder Room,,,,Banned Pending Investigation
"James, R",Some Girls Bind,,,2024-08,Banned By Restriction | Banned
"Jamieson, Victoria",All's Faire in Middle School,,,,Banned By Restriction
"Jamieson, Victoria",Roller Girl,,,,Banned By Restriction
"Jamieson, Victoria",When Stars Are Scattered,Banned in Classrooms,"Mohamed, Omar",2021-08,Banned By Restriction | Banned Pending Investigation
"Jamiolkowski, Raymond",A Baby Doesn't Make the Man: Alternative Sources of Power and Manhood for Young Men,,,2022-10,Banned Pending Investigation
"Jansen, Dani",The Year Shakespeare Ruined My Life,Banned Pending Investigation,,2022-02,
"Janssen, Sarah","The World Almanac and Book of Facts, 2018",,,,Banned Pending Investigation
"Jardí, Enric","Dr. Buenavista, Look",,,2024-09,Banned
"Jaryn, Blue",Payden's Pronoun Party,,,,Banned
"Jasinska, Alicia",The Dark Tide,Banned Pending Investigation,,2022-02,Banned from Libraries | Banned By Restriction
"Javaherbin, Mina",Soccer Star,Banned Pending Investigation,,2022-01,
"Jefferson, Louise E.",The Decorative Arts of Africa,,,,Banned Pending Investigation
"Jemisin, N. K.",The City We Became: A Novel,,,2022-10,Banned Pending Investigation
"Jemisin, N. K.",The Hundred Thousand Kingdoms,,,2025-06,Banned Pending Investigation | Banned
"Jenkins, A.M.",Damage,,,,Banned
"Jenkins, Christine A.",Representing the Rainbow in Young Adult Literature: LGBTQ+ Content Since 1969,,"Cart, Michael",2024-08,Banned By Restriction
"Jenkins, Emily",Harry Versus the First 100 Days of School,,,,Banned Pending Investigation
"Jenkins, Emma Mae",Be Loved,,,,Banned
"Jennings, Jazz",Being Jazz: My Life as a (Transgender) Teen,Banned Pending Investigation | Banned in Libraries | Banned in Libraries and Classrooms,,2021-12,Banned Pending Investigation | Banned By Restriction | Banned from Libraries and Classrooms | Banned
"Jennings, Jazz",I Am Jazz,Banned Pending Investigation | Banned in Libraries | Banned in Libraries and Classrooms,"Herthel, Jessica",2022-01,Banned from Libraries and Classrooms | Banned from Libraries | Banned | Banned By Restriction | Banned Pending Investigation
"Jennings, Terry Catasus",Knight of the Cape: Definitely Dominguita,,,,Banned Pending Investigation
"Jensen, Jeff",Green River Killer: A True Detective Story,,,2022-09,Banned Pending Investigation
"Jensen, Kelly",(Don't) Call Me Crazy: 33 Voices Start the Conversation,,,,Banned Pending Investigation
"Jensen, Kelly",Body Talk: 37 Voices Explore Our Radical Anatomy,Banned Pending Investigation,,2022-02,Banned Pending Investigation | Banned from Libraries | Banned
"Jessop, Carolyn",Escape,,,,Banned Pending Investigation
"Jewell, Lisa",Invisible Girl: A Novel,Banned Pending Investigation,,2021-10,
"Jewell, Tiffany",Everything I Learned About Racism I Learned In School,,,,Banned
"Jewell, Tiffany","The Antiracist Kid: A Book About Identity, Justice, and Activism",,,,Banned
"Jewell, Tiffany","This Book Is Anti-Racist: 20 Lessons on How to Wake Up, Take Action, and Do the Work",Banned in Classrooms | Banned in Libraries | Banned Pending Investigation,,2021-08,Banned Pending Investigation | Banned
"Jiang, Ji-li","Red Kite, Blue Kite",Banned in Classrooms,,2021-08,
"Jiang, Jiehong",The Art of Contemporary China,,Thames & Hudson,2025-04,Banned
"Jimenez, Abby",Part of Your World,,,,Banned Pending Investigation
"Johansen, Iris",Fatal Tide,,,,Banned
"Johansen, Iris",No One to Trust,,,,Banned Pending Investigation | Banned
"Johnshon, Chelsea,",IntersectionAllies: We Make Room for All,Banned in Classrooms,"Council, LaToya; Choi, Carolyn",2021-08,Banned
"Johnson, Abigail",Even If I Fall,,,2022-10,Banned from Libraries
"Johnson, Abigail",If I Fix You,,,,Banned Pending Investigation
"Johnson, Alaya Dawn",Love is the Drug,,,,Banned By Restriction
"Johnson, Alaya Dawn",The Summer Prince,,,2025-04,Banned | Banned Pending Investigation
"Johnson, Angela",A Sweet Smell of Roses,Banned Pending Investigation,,2022-01,
"Johnson, Angela",The First Part Last,,,2024-10,Banned
"Johnson, Cathy G.",The Breakaways,Banned in Libraries and Classrooms | Banned in Libraries | Banned Pending Investigation,,2021-09,Banned Pending Investigation | Banned from Classrooms | Banned from Libraries | Banned from Libraries and Classrooms | Banned
"Johnson, George M.",All Boys Aren't Blue,Banned in Classrooms | Banned in Libraries | Banned Pending Investigation | Banned in Libraries and Classrooms,,2021-08,Banned from Libraries | Banned Pending Investigation | Banned from Libraries and Classrooms | Banned | Banned By Restriction
"Johnson, George M.",We Are Not Broken,Banned Pending Investigation,,2022-02,Banned By Restriction
"Johnson, James Weldon",The Creation,,,2023-06,Banned from Libraries and Classrooms
"Johnson, Kathleen Jeffrie",Target,Banned Pending Investigation,,2022-01,Banned
"Johnson, Kim",This Is My America,Banned in Classrooms | Banned in Libraries and Classrooms,,2021-08,Banned
"Johnson, Lana Wood",Speak for Yourself,Banned Pending Investigation,,2022-02,
"Johnson, Lana Wood","Technically, You Started It",,,,Banned Pending Investigation
"Johnson, Leah",Ellie Engle Saves Herself,,,,Banned Pending Investigation
"Johnson, Leah",Rise to the Sun,Banned Pending Investigation,,2022-02,Banned By Restriction | Banned Pending Investigation | Banned
"Johnson, Leah",You Should See Me in a Crown,Banned Pending Investigation,,2022-02,Banned
"Johnson, Lora Beth",Devil in the Device,,,,Banned
"Johnson, LouAnne",Muchacho,,,2024-11,Banned
"Johnson, Maureen",The Box in the Woods,,,,Banned Pending Investigation
"Johnson, Maureen",The hand on the wall,,,,Banned Pending Investigation
"Johnson, Maureen",The Name Of The Star,,,2025-05,Banned By Restriction
"Johnson, Maureen",The Vanishing Stair,,,,Banned Pending Investigation
"Johnson, Maureen",Truly Devious,,,,Banned Pending Investigation
"Johnson, R. Kikuo",The Shark King,Banned Pending Investigation,,2022-01,
"Johnson, Terry",The Graduate (The Play),,"Webb, Charles",,Banned By Restriction
"Johnson, Varian",My Life as a Rhombus,Banned in Libraries,,2021-12,
"Johnson, Varian",The Parker Inheritance,Banned in Classrooms,,2021-08,Banned Pending Investigation | Banned
"Johnson, Varian",What Were the Negro Leagues?,Banned in Classrooms,,2021-08,
"Johnson, Vicki",Molly's Tuxedo,,,,Banned
"Johnson,Christine",Grim,,"Hopkins, Ellen; Hocking, Amanda; Kagawa, Julie; Gray, Claudia; Hawkins, Rachel, Derting, Kimberly; McEntire, Myra; Lo, Malinda; Rees-Brennan, Sarah; Pearce, Jackson; Ready, Jeri Smith; Hutchinson, Shaun David; Mitchell, Saundra; Gensler, Sonia; Gratton, Tessa; Skrovron, Jon",2025-06,Banned
"Johnston, E. K",That Inevitable Victorian Thing,Banned Pending Investigation,,2022-02,Banned Pending Investigation | Banned
"Johnston, E. K",The Afterward,Banned Pending Investigation,,2022-02,
"Johnston, E. K.","Exit, Pursued by a Bear",Banned in Libraries and Classrooms,,2021-11,Banned | Banned Pending Investigation
"Johnston, Peter H.",Choice Words: How Our Language Affects Children's Learning,,,,Banned Pending Investigation
"Johnston, Tim",Never So Green,,,2025-02,Banned
"Johnston, Tony",Any Small Goodness: A Novel of the Barrio,Banned Pending Investigation,,2022-01,
"Johnston, Tony",Day of the Dead,Banned Pending Investigation,,2022-01,
"Jolley, Richard",Richard Jolley: Sculptor of Glass,,,2025-04,Banned
"Jonas, Ann","Aardvarks, Disembark!",,,2023-06,Banned from Libraries and Classrooms
"Jonell, Lynee",The Sign of the Cat,,,,Banned Pending Investigation
"Jones, Adam Garnet",Fire Song,Banned Pending Investigation,,2022-02,
"Jones, Carrie",Tips on Having a Gay (Ex) Boyfriend,Banned in Libraries,,2021-12,Banned Pending Investigation
"Jones, Carys",We Are All Liars,,,,Banned By Restriction
"Jones, Dan",50 Queers Who Changed the World: A Celebration of LGBTQ+ Icons,,,,Banned
"Jones, Daniel","Modern Love: Revised and Updated: True Stories of Love Loss, and Redemption",,"Rannells, Andrew; Waldman, Ayelet; Rosenthal, Amy Krouse; Chambers, Veronica; Copaken, Deborah; Korelitz, Jean Hanff; Ellis, Trey; Hood, Ann; Kahn, Howie; Hung, Mindy; Cheney, Terri; Leary, Ann; Smith, Larry",,Banned Pending Investigation
"Jones, Jaida",Master of One,Banned Pending Investigation,"Bennett, Danielle",2022-02,
"Jones, Jeffrey P.",School Violence,,,2025-02,Banned
"Jones, Kelly",Unusual Chickens for the Exceptional Poultry Farmer,Banned Pending Investigation,,2022-01,
"Jones, Patrick",Combat Zone,Banned Pending Investigation,,2021-12,Banned By Restriction
"Jones, Richard",Manga Dinosaurs,,,2024-11,Banned
"Jones, Richard",Manga Dragons,,,2024-11,Banned
"Jones, Richard",Manga Martial Arts Figures,,,2024-11,Banned
"Jones, Richard",Manga Superheroes,,,2024-11,Banned
"Jones, Ripley",Missing Clarissa,,,2024-08,Banned By Restriction
"Jonsberg, Barry",A Song Only I Can Hear,,,2024-08,Banned By Restriction | Banned | Banned Pending Investigation
"Joon Ho, Bong",Parasite: A Graphic Novel in Storyboards,,,,Banned By Restriction
"Joosten, Michael",My Two Dads and Me,Banned Pending Investigation,,2022-01,
"Joosten, Michael",My Two Moms and Me,Banned Pending Investigation,,2022-01,
"Jordan, Robert",The Path of Daggers,,,,Banned Pending Investigation
"Jordan, Robert",Winter's Heart,,,,Banned Pending Investigation
"Jordan, Sophie",Kissing Lessons,,,2024-10,Banned
"Jordan-Fenton, Christy",Fatty Legs: A True Story,Banned Pending Investigation,"Pokiak-Fenton, Margaret",2022-01,
"Joseph, Frederick",The Black Friend: On Being a Better White Person,Banned in Libraries and Classrooms | Banned in Libraries,,2021-11,Banned from Libraries | Banned | Banned Pending Investigation
"Joseph, Lynn",The Color of My Words,Banned Pending Investigation,,2022-01,
Joseph. Frederick,Better Than We Found It: Conversations to Help Save the World,,Joseph. Porsche,2024-08,Banned
"Josephson, Kalyn",This Dark Descent,,,2024-08,Banned By Restriction
"Joy, Amanda",A River of Royal Blood,,,,Banned Pending Investigation
"Joy, Angela",Black is a Rainbow Color,,,2022-10,Banned Pending Investigation
"Joyce, James",A Portrait of the Artist as a Young Man,,,,Banned Pending Investigation
"Joyce, James",Dubliners and A Portrait of the Artist as a Young Man and Other Works,,,,Banned Pending Investigation
"Joyce, James",Ulysses,,,2024-08,Banned | Banned Pending Investigation
"Juby, Susan",Another Kind of Cowboy,Banned in Libraries | Banned Pending Investigation,,2021-12,
"Juby, Susan","The Fashion Committee: A Novel of Art, Crime, and Applied Design",,,,Banned Pending Investigation
"Judge, Lita","Mary's Monster: Love, Madness, and How Mary Shelley Created Frankenstein",,,2022-09,Banned Pending Investigation
"Juettner, Bonnie",Abortion,Banned in Libraries,,2021-12,
"Jukes, Mavis","The Guy Book: An Owner's Manual for Teens: Maintenance, Safety, and Operating Instructions",,,2025-02,Banned
"Jules, Jacqueline",Abuela's Birthday,Banned in Classrooms,,2021-08,
"Jules, Jacqueline",Abuela's Special Letters,Banned in Classrooms,,2021-08,
"Jules, Jacqueline",Every Day Is Exciting,Banned in Classrooms,,2021-08,
"Jules, Jacqueline",Hector's Hiccups,Banned in Classrooms,,2021-08,
"Jules, Jacqueline",Lights Out,Banned in Classrooms,,2021-08,
"Jules, Jacqueline",My Family Adventure,Banned in Classrooms,,2021-08,
"Jules, Jacqueline",My Fantástica Family,Banned in Classrooms,,2021-08,
"Jules, Jacqueline",My Vida Loca,Banned in Classrooms,,2021-08,
"Jules, Jacqueline",Never Say a Mean Word Again: A Tale from Medieval Spain,Banned Pending Investigation,,2022-01,
"Jules, Jacqueline",Picture Perfect,Banned in Classrooms,,2021-08,Banned from Libraries and Classrooms
"Jules, Jacqueline",Shopping Trip Trouble,Banned in Classrooms,,2021-08,
"Jules, Jacqueline",Singing Superstar,Banned in Classrooms,,2021-08,
"Jules, Jacqueline",Sofia's Party Shoes,Banned in Classrooms,,2021-08,
"Jules, Jacqueline",The Beach Trip,Banned in Classrooms,,2021-08,
"Jules, Jacqueline",The Marigold Mess,Banned in Classrooms,,2021-08,
"Jules, Jacqueline",The Missing Mouse,Banned in Classrooms,,2021-08,
"Jules, Jacqueline",The Secret Recipe,Banned in Classrooms,,2021-08,
"June, Jason",Jay's Gay Agenda,Banned Pending Investigation,,2022-02,Banned from Libraries and Classrooms | Banned
"June, Jason",Out of the Blue (JJ),,,2025-01,Banned
"Jussim, Daniel",AIDS and HIV: Risky Business (Teen Issues),,,,Banned Pending Investigation
"Kabei, Yukako",Kieli,,,2024-11,Banned
"Kadohata, Cynthia",A Million Shades of Gray,,,2022-10,Banned from Libraries
"Kadohata, Cynthia",Outside Beauty,,,2025-01,Banned
"Kagami, Takaya",Seraph of the End: Vampire Reign,,"Furuya, Daisuke",2025-02,Banned
"Kagawa, Julie",The Iron Queen,,,,Banned By Restriction
"Kahan, Sabina",Zara Hossin is Here,,,2024-08,Banned By Restriction | Banned
"Kahn, Ben",Elle Campbell Wins Their Weekend,,,2024-08,Banned By Restriction | Banned
"Kahn, Hena",Amina's Voice,Banned Pending Investigation,,2022-01,
"Kaiser, Lisbeth",Maya Angelou,Banned in Classrooms,,2021-08,
Kaito,"Blue Flag, Vol. 1",Banned Pending Investigation,,2022-02,
Kaito,"Blue Flag, Vol. 2",Banned Pending Investigation,,2022-02,
Kaito,"Blue Flag, Vol. 3",Banned Pending Investigation,,2022-02,
Kaito,"Blue Flag, Vol. 4",Banned Pending Investigation,,2022-02,
Kaito,"Blue Flag, Vol. 5",Banned Pending Investigation,,2022-02,
Kaito,"Blue Flag, Vol. 6",Banned Pending Investigation,,2022-02,
Kaito,"Blue Flag, Vol. 7",Banned Pending Investigation,,2022-02,
Kalidasa,The Recognition of Sakuntala: A Play In Seven Acts,,,,Banned By Restriction
"Kallen, Stuart",Witches,,,2025-02,Banned
"Kallen, Stuart A.",Does Equality Exist in America?,,,,Banned
"Kallen, Stuart A.",Renaissance Art,,,2025-02,Banned
"Kallen, Stuart A.",The Art of Comics,,,2022-09,Banned Pending Investigation
"Kama, Adrienne",Luna Bay,,,,Banned By Restriction
"Kamara, Mariatu",The Bite of the Mango,,"McClelland, Susan",,Banned Pending Investigation
"Kaminski, Marion","Tiziano Vecaellio, known as Titian",,,2025-04,Banned
"Kamkwamba, William",The Boy Who Harnessed The Wind,,,2025-03,Banned By Restriction
"Kane, Andrea",Scent of Danger,,,,Banned Pending Investigation
"Kang, Lydia",Quackery: A Brief History of the Worst Ways to Cure Everything,,"Pedersen, Nate",2022-11,Banned from Libraries
"Kann, Claire",Let's Talk About Love,Banned Pending Investigation,,2021-12,Banned By Restriction | Banned
"Kann, Claire",The Marvelous,Banned Pending Investigation,,2022-02,
"Kann, Victoria",Emeraldalicious: A Springtime Book For Kids,,,2024-09,Banned
"Kann, Victoria",Pinkalicious,,"Kann, Elizabeth",2024-08,Banned
"Kantor, Melissa",Confessions of a Not It Girl,,,,Banned Pending Investigation
"Kapit, Sarah","Get a Grip, Vivy Cohen",,,,Banned Pending Investigation
"Kaplan, Leslie C.",Home Life in Ancient Egypt,,,2025-02,Banned
"Kaplan, Maxine",The Accidential Bad Girl,,,2024-10,Banned
"Kaplan, Rebecca",Double Challenge: Being LGBTQ and a Minority,,"Kaplan, Avery",2024-08,Banned By Restriction
"Karbo, Karen",Minerva Clark Gets a Clue,,,2024-08,Banned By Restriction
"Karcz, Lauren",The Gallery of Unfinished Girls,Banned Pending Investigation,,2021-12,
"Karlin, Wayne",Prisoners,,,,Banned
"Karlsson, Adria",My Sister Daisy,,,2025-06,Banned By Restriction | Banned
"Karolides, Nicholas J.",120 Banned Books: Censorship Histories of World Literature,,"Bald, Margaret; Sova, Dawn B.; Soloway, Jeff",,Banned Pending Investigation
"Karp, Jesse",Those That Wake,,,2022-10,Banned from Libraries
"Karre, Elizabeth",The Fight,Banned in Libraries,,2021-12,Banned By Restriction
"Karson, Damon",Human Rights in Focus: The LGBT Community,,,2024-08,Banned By Restriction
"Kasai, Kirsten Imani",Ice Song,,,2024-08,Banned By Restriction
"Kasfir, Sidney Littlefield",Contemporary African Art,,,2025-04,Banned
"Kassirer, Sue",Joseph and His Coat of Many Colors,,,2023-06,Banned from Libraries and Classrooms
"Katcher, Brian",Almost Perfect,Banned Pending Investigation | Banned in Libraries | Banned in Libraries and Classrooms,,2021-12,Banned Pending Investigation | Banned from Libraries | Banned from Libraries and Classrooms | Banned By Restriction | Banned
"Kate, Lauren",One True Wish,,,,Banned
"Kate, Lauren",Teardrop,,,,Banned Pending Investigation
"Kate, Lauren",Torment,,,,Banned By Restriction
"Kato, Kazue",Blue Exorcist,,,2024-10,Banned
"Katsoulis, Gregory Scott",All Rights Reserved,,,,Banned Pending Investigation
"Katz, Karen",Los colores de nuestra piel/The Colors of Us (Spanish Version),Banned in Classrooms,,2021-08,
"Katz, Karen",The Colors of Us/Los colores de nuestra piel,Banned in Classrooms,,2021-08,
"Kauffman, Donna",The Big Bad Wolf Tells All,,,,Banned By Restriction
"Kaufman, Amie",Gemina,,,,Banned Pending Investigation
"Kaufman, Amie",Ice Wolves,,,2025-04,Banned By Restriction
"Kaufman, Amie",Illuminae,,,,Banned Pending Investigation
"Kaur, Rupi",El Sol Y Sus Flores,,,,Banned Pending Investigation
"Kaur, Rupi",Home Body,,,2022-09,Banned Pending Investigation | Banned | Banned from Libraries and Classrooms
"Kaur, Rupi",Milk and Honey,Banned in Libraries and Classrooms | Banned Pending Investigation,,2022-04,Banned from Libraries and Classrooms | Banned Pending Investigation | Banned from Libraries | Banned | Banned By Restriction
"Kaur, Rupi",The Sun and Her Flowers,,,2022-08,Banned from Libraries and Classrooms | Banned from Libraries | Banned Pending Investigation | Banned | Banned By Restriction
"Kawa, Katie",What's Gender Identity?,,,,Banned Pending Investigation | Banned
"Kawashima, Tadashi",Alive 4: The Final Evolution,,,2024-08,Banned
"Kay, Matthew R.","Not Light, but Fire: How to Lead Meaningful Race Conversations in the Classroom",Banned in Classrooms,,2021-08,Banned
"Kaye, Julia",Super Late Bloomer: My Early Days In Transition,,,2024-08,Banned By Restriction | Banned
"Keats, Ezra Jack",La silla de Pedro,,,2024-11,Banned
"Keen, Martin",The How and Why Wonder Book of The Human Body,,,2025-02,Banned
"Kehoe, Rachel",Living with Gender Dysphoria,,,,Banned
"Kehoe, Stasia Ward",The Sound of Letting Go,,,,Banned Pending Investigation
"Keil, Melissa",Life in Outer Space,Banned Pending Investigation,,2021-12,
"Keil, Melissa",The Incredible Adventures of Cinnamon Girl,,,,Banned Pending Investigation
"Keil, Michelle Ruiz",Summer in the City of Roses,Banned Pending Investigation,,2022-02,Banned By Restriction
"Kelleher, Michael D.",When Good Kids Kill,,,,Banned
"Keller, Tae",When You Trap A Tiger,,,,Banned By Restriction | Banned Pending Investigation | Banned
"Kellerman, Faye",Street Dreams,,,,Banned By Restriction
"Kellerman, Jonathan",A Measure of Darkness,,"Kellerman, Jesse",,Banned By Restriction
"Kellerman, Jonathan",Capital Crimes,,"Kellerman, Faye",,Banned By Restriction
"Kellerman, Jonathan",Compulsion,,,,Banned By Restriction
"Kellerman, Jonathan",Heartbreak Hotel,,,,Banned By Restriction
"Kellerman, Jonathan",The Murderer's Daughter,,,,Banned By Restriction
"Kelley, Kitty",The Royals: With the Latest on the Royal Family,,,,Banned Pending Investigation
"Kelley, True",Who Is Dolly Parton?,,,,Banned By Restriction
"Kelly, Erin Entrada",Hello Universe,,,,Banned Pending Investigation
"Kelly, Joe",I Kill Giants,,,2024-10,Banned
"Kelly, Martha Hall",Lilac Girls,,,,Banned Pending Investigation
"Kelman, Judith",After the Fall,,,,Banned
"Kemmerer, Brigid",A Curse So Dark and Lonely,,,2024-08,Banned | Banned Pending Investigation
"Kemmerer, Brigid",A Heart So Fierce and Broken,,,2024-08,Banned | Banned By Restriction
"Kemmerer, Brigid",A Vow So Bold and Deadly,,,2023-01,Banned from Libraries | Banned
"Kemmerer, Brigid",Defy the Night,,,2022-10,Banned from Libraries
"Kemmerer, Brigid",More Than We Can Tell,Banned Pending Investigation,,2021-10,
"Kemp, Martin",Leonardo: Revised Edition,,,2022-09,Banned Pending Investigation
"Kendall, Gillian",Mr. Ding's Chicken Feet: On a Slow Boat from Shanghai to Texas,,,,Banned By Restriction
"Kendi, Ibram X.",Antiracist Baby,,,2022-07,Banned from Libraries and Classrooms | Banned Pending Investigation
"Kendi, Ibram X.",How to Be a (Young) Antiracist,,"Stone, Nic",,Banned
"Kendi, Ibram X.",How to Be an Antiracist,Banned in Classrooms | Banned Pending Investigation,,2021-08,Banned from Libraries | Banned Pending Investigation
"Kendi, Ibram X.",Stamped from the Beginning: The Definitive History of Racist Ideas in America,Banned in Classrooms | Banned Pending Investigation,,2021-08,Banned Pending Investigation | Banned
"Keneally, Thomas",Schindler's List,,,,Banned Pending Investigation | Banned
"Kenneally, Miranda",Defending Taylor,,,2023-03,Banned from Libraries | Banned
"Kenneally, Miranda",Stealing Parker,,,,Banned Pending Investigation
"Kenneally, Miranda",Things I Can't Forget,,,2025-04,Banned By Restriction
"Kennedy, Caroline",A Family of Poems: My Favorite Poetry for Children,,,2023-06,Banned from Libraries and Classrooms
"Kennedy, Elle",Him,,"Bowen, Sarina",2023-01,Banned Pending Investigation
"Kent, Deborah","The American Revolution: ""Give Me Liberty or Give Me Death!""",,,2025-02,Banned
"Kent, Deborah","Washington, D.C",,,2025-05,Banned By Restriction
"Keplinger, Kody",Lying Out Loud: A Companion to The DUFF,,,2024-08,Banned By Restriction
"Keplinger, Kody",Shut Out,,,2025-06,Banned Pending Investigation | Banned
"Keplinger, Kody",That's Not What Happened,,,,Banned By Restriction | Banned Pending Investigation
"Keplinger, Kody",The DUFF: Designated Ugly Fat Friend,,,2022-10,Banned Pending Investigation | Banned | Banned By Restriction | Banned from Libraries and Classrooms
"Kepnes, Caroline",You: A Novel of Dark Obsession,Banned Pending Investigation,,2022-05,Banned | Banned By Restriction
"Kercheval, Jesse Lee",Space: a memoir,,,,Banned Pending Investigation
"Kergil, Skylar",Before I Had The Words: On Being a Transgender Young Adult,,,2024-08,Banned By Restriction
"Kerman, Piper",Orange Is The New Black: My Year In A Women's Prison,,,,Banned By Restriction
"Kern, Peggy",Little Peach,,,2024-10,Banned | Banned Pending Investigation
"Kern, Peggy",The Test,Banned Pending Investigation,,2021-12,Banned Pending Investigation | Banned
"Kerouac, Jack",On the Road,,,,Banned By Restriction | Banned Pending Investigation | Banned
"Kerouac, Jack",The Dharma Bums,,,,Banned Pending Investigation
"Kerr, M. E.","Hello, I Lied",Banned in Libraries,,2021-12,
"Kerr, M.E.",Night Kites,,,,Banned
"Kerr, Trace",The Names We Take,,,,Banned Pending Investigation
"Kerrod, Robin",21st-Century Science Medicine,,,2025-02,Banned
"Kesey, Ken",One Flew Over the Cuckoo's Nest,,,,Banned | Banned Pending Investigation
"Kesey, Ken",Sometimes a Great Notion,,,,Banned
"Kessler, Brad",Moses in Egypt,,,2023-06,Banned from Libraries and Classrooms
"Kessler, Liz",Emily Windsnap and the Pirate Prince,,,,Banned Pending Investigation
"Kessler, Liz",Read Me Like a Book,,,2024-08,Banned By Restriction
"Ketner, Joseph D., II",Andy Warhol,,,2024-08,Banned
"Kettenmann, Andrea","Frida Kahlo, 1907-1954: Pain and Passion",,,2025-04,Banned
"Key, Janet",Twelfth,,,2024-08,Banned By Restriction | Banned
"Keyes, Daniel",Flowers for Algernon,,,2025-06,Banned Pending Investigation | Banned | Banned By Restriction
"Keyser, Amber J.",No More Excuses: Dismantling Rape Culture,,,,Banned
"Keyser, Amber J.","Pointe, Claw",,,,Banned Pending Investigation
"Keyser, Amber J.",Underneath It All: A History of Women's Underwear,Banned Pending Investigation,,2021-12,
"Khabra, Bal",Collide,,,2025-04,Banned
"Khalil, Aya",The Arabic Quilt: An Immigrant Story,Banned in Classrooms,,2021-08,
"Khan, Brooke",Home of the Brave: 15 Immigrants Who Shaped U.S. History,Banned in Classrooms,,2021-08,
"Khan, Hena",Like the Moon Loves the Sky,Banned in Classrooms,,2021-08,
"Khan, Hena",Under My Hijab,Banned in Classrooms,,2021-08,
"Khan, Hena",We Are Big Time,,,2024-08,Banned By Restriction
"Khan, Rukhsana",Big Red Lollipop,Banned Pending Investigation,,2022-01,
"Khan, Sabina",The Love and Lies of Rukhsana Ali,Banned Pending Investigation,,2021-12,Banned | Banned Pending Investigation
"Khan-Cullors, Patrisse",When They Call You a Terrorist (Young Adult Edition): A Story of Black Lives Matter and the Power to Change the World,Banned Pending Investigation,"Bandele, Asha",2022-02,Banned
"Khan-Cullors, Patrisse",When They Call You a Terrorist: A Black Lives Matter Memoir,,"Bandele, Asha",,Banned
"Khanani, Intisar",Thorn,,,2024-10,Banned
"Khorana, Aditi",Mirror in the Sky,,,,Banned By Restriction
"Khorram, Adib",Darius the Great Deserves Better,Banned Pending Investigation,,2021-12,Banned Pending Investigation | Banned from Libraries | Banned | Banned By Restriction
"Khorram, Adib",Darius the Great Is Not Okay,Banned Pending Investigation,,2022-02,Banned | Banned Pending Investigation
"Khorram, Adib",Kiss and Tell,,,2024-08,Banned | Banned By Restriction | Banned Pending Investigation
"Khoury, Jessica",The Forbidden Wish,,,2025-03,Banned
"Khoury, Jessica",The Ruby Code,,,2024-08,Banned By Restriction
"Kidd, Jess",Things in Jars,,,,Banned Pending Investigation
"Kidd, Ronald",The Year of the Bomb,,,,Banned
"Kidd, Sue Monk",The Book of Longings,,,,Banned Pending Investigation
"Kidd, Sue Monk",The Invention of Wings,,,2024-12,Banned | Banned Pending Investigation
"Kidd, Sue Monk",The Mermaid Chair,,,,Banned
"Kidd, Sue Monk",The Secret Life of Bees,,,2024-08,Banned By Restriction
"Kiely, Brendan",The Other Talk: Reckoning with Our White Privilege,Banned Pending Investigation,,2022-03,Banned Pending Investigation | Banned
"Kiely, Brendan",Tradition,,,2025-04,Banned | Banned Pending Investigation
"Kiem, Elizabeth","Hider, Seeker, Secret Keeper",,,2024-11,Banned
"Kiesbye, Stefan",Sexting Tips for Women: 100 Tips to Turn Him On,,,,Banned Pending Investigation | Banned By Restriction
"Kilbourne, Christina",They Called Me Red,Banned in Libraries and Classrooms,,2021-11,
"Killoran, Tosca","Eloise and the Strange Museum Visit: Learning to Make Reasoned, Ethical Decisions",,"Hoffart, Jeff; Zietsoff, Riva",2024-08,Banned By Restriction
"Kilodavis, Cheryl",My Princess Boy,Banned in Libraries and Classrooms,,2022-06,Banned Pending Investigation | Banned
"Kim, Angie",Miracle Creek,,,,Banned Pending Investigation
"Kim, Dong Hwa",The Color of Earth,,,2024-10,Banned | Banned Pending Investigation
"Kim, On-su",The Plotters,,,,Banned Pending Investigation
"Kimmel, Haven",A Girl Named Zippy,,,,Banned Pending Investigation
"Kincaid, S. J.",Vortex: An Insignia Novel,,,,Banned Pending Investigation
"King Jr., Martin Luther",Letter from Birmingham Jail,,,2022-07,Banned Pending Investigation
"King, A. S.",Ask the Passengers,Banned Pending Investigation,,2021-12,Banned Pending Investigation | Banned from Libraries | Banned from Libraries and Classrooms | Banned | Banned By Restriction
"King, A. S.",Dig,,,2024-09,Banned | Banned Pending Investigation
"King, A. S.",Everybody Sees the Ants,Banned in Classrooms | Banned in Libraries,,2021-09,Banned | Banned Pending Investigation
"King, A. S.",Glory O'Brien's History of the Future,,,,Banned Pending Investigation
"King, A. S.",I Crawl Through It,,,,Banned Pending Investigation
"King, A. S.",Please Ignore Vera Dietz,,,2023-02,Banned Pending Investigation
"King, A. S.",Reality Boy,,,2024-10,Banned | Banned Pending Investigation
"King, A. S.",Still Life with Tornado,,,2024-10,Banned | Banned Pending Investigation | Banned By Restriction
"King, Dedie",I See the Sun in Afghanistan,Banned Pending Investigation,,2022-01,
"King, Ross",Leonardo and The Last Supper,,,2022-09,Banned Pending Investigation
"King, Sarah E.",Maya Angelou: Greeting the Morning,,,,Banned Pending Investigation
"King, Stephen",11/22/63: A Novel,,,2023-01,Banned from Libraries and Classrooms | Banned | Banned Pending Investigation
"King, Stephen",1922,,,2025-06,Banned Pending Investigation | Banned
"King, Stephen",Apt Pupil,,,2025-06,Banned Pending Investigation | Banned
"King, Stephen",Bag of Bones,,,2024-08,Banned | Banned Pending Investigation
"King, Stephen",Billy Summers,,,2024-08,Banned | Banned Pending Investigation
"King, Stephen",Black House,,"Straub, Peter",2025-06,Banned Pending Investigation | Banned
"King, Stephen",Blaze,,,2025-06,Banned Pending Investigation | Banned
"King, Stephen",Blockade Billy,,,2024-08,Banned Pending Investigation | Banned
"King, Stephen",Carrie,,,2024-08,Banned | Banned Pending Investigation
"King, Stephen",Cell,,,2025-06,Banned Pending Investigation | Banned
"King, Stephen",Christine,,,2024-08,Banned | Banned Pending Investigation
"King, Stephen",Cujo,,,2024-09,Banned | Banned Pending Investigation
"King, Stephen",Danse Macabre,,,2025-06,Banned Pending Investigation | Banned
"King, Stephen",Delores Claiborne,,,2023-02,Banned Pending Investigation | Banned | Banned By Restriction
"King, Stephen",Desperation,,,2024-09,Banned
"King, Stephen",Different Seasons: Four Novellas,,,2023-02,Banned Pending Investigation | Banned
"King, Stephen",Doctor Sleep,,,2024-09,Banned | Banned Pending Investigation
"King, Stephen",Dreamcatcher,,,2025-06,Banned Pending Investigation | Banned
"King, Stephen",Duma Key,,,,Banned Pending Investigation
"King, Stephen",Elevation,Banned Pending Investigation,,2022-02,Banned Pending Investigation
"King, Stephen",End of Watch,,,2024-09,Banned | Banned Pending Investigation
"King, Stephen",Everything's Eventual: 14 Dark Tales,,,2024-09,Banned | Banned Pending Investigation
"King, Stephen",Finders Keepers,,,2025-06,Banned Pending Investigation | Banned
"King, Stephen",Firestarter (SK),,,2024-10,Banned | Banned Pending Investigation
"King, Stephen",Four Past Midnight,,,2025-06,Banned Pending Investigation | Banned | Banned By Restriction
"King, Stephen",From a Buick 8,,,2025-06,Banned Pending Investigation | Banned
"King, Stephen","Full Dark, No Stars",,,2024-10,Banned | Banned Pending Investigation
"King, Stephen",Gerald's Game,,,2024-11,Banned By Restriction | Banned
"King, Stephen",Gwendy's Button Box,,"Chizmar, Richard",2025-06,Banned Pending Investigation | Banned
"King, Stephen",Gwendy's Final Task,,"Chizmar, Richard",2025-06,Banned Pending Investigation | Banned
"King, Stephen",Hearts in Atlantis,,,2024-11,Banned | Banned Pending Investigation
"King, Stephen",If It Bleeds,,,2025-06,Banned Pending Investigation | Banned
"King, Stephen",Insomnia,,,2025-06,Banned Pending Investigation | Banned
"King, Stephen",It,,,2023-01,Banned from Libraries and Classrooms | Banned Pending Investigation | Banned | Banned By Restriction
"King, Stephen",Joyland,,,2025-06,Banned Pending Investigation | Banned
"King, Stephen",Just After Sunset,,,2025-06,Banned Pending Investigation | Banned
"King, Stephen",Later,,,,Banned Pending Investigation
"King, Stephen",Lisey's Story,,,2024-11,Banned | Banned Pending Investigation | Banned By Restriction
"King, Stephen",Misery,,,2025-06,Banned Pending Investigation | Banned
"King, Stephen",Mr. Mercedes,,,2024-11,Banned | Banned Pending Investigation
"King, Stephen",Needful Things,,,2025-01,Banned | Banned Pending Investigation
"King, Stephen",Night Shift,,,,Banned Pending Investigation
"King, Stephen",Nightmares and Dreamscapes,,,2025-01,Banned | Banned Pending Investigation
"King, Stephen",On Writing: A Memoir of the Craft,,,2025-06,Banned Pending Investigation | Banned
"King, Stephen",Pet Sematary,,,2023-02,Banned Pending Investigation | Banned
"King, Stephen",Revival,,,2023-02,Banned Pending Investigation | Banned
"King, Stephen",Rose Madder,,,2024-10,Banned | Banned Pending Investigation
"King, Stephen",Salem's Lot,,,2025-06,Banned Pending Investigation | Banned
"King, Stephen",Skeleton Crew,,,2024-10,Banned | Banned Pending Investigation
"King, Stephen",Sleeping Beauties,,"King, Owen",2024-10,Banned | Banned Pending Investigation
"King, Stephen",Song of Susannah,,,2025-02,Banned | Banned Pending Investigation
"King, Stephen",Storm of the Century: An Original Screenplay,,,,Banned Pending Investigation
"King, Stephen",The Bachman Books,,,2025-06,Banned Pending Investigation | Banned
"King, Stephen",The Bazaar of Bad Dreams,,,2025-06,Banned Pending Investigation | Banned
"King, Stephen",The Dark Half,,,2025-06,Banned Pending Investigation | Banned
"King, Stephen",The Dark Tower,,,2023-02,Banned Pending Investigation | Banned
"King, Stephen",The Dead Zone,,,2025-03,Banned | Banned Pending Investigation
"King, Stephen",The Drawing of the Three,,,2025-03,Banned | Banned Pending Investigation | Banned By Restriction
"King, Stephen",The Girl Who Loved Tom Gordon,,,2025-03,Banned | Banned Pending Investigation
"King, Stephen",The Green Mile,,,2023-02,Banned Pending Investigation | Banned
"King, Stephen",The Gunslinger,,,2025-06,Banned Pending Investigation | Banned
"King, Stephen",The Institute,,,2025-06,Banned Pending Investigation | Banned
"King, Stephen",The Long Walk,,,2025-06,Banned Pending Investigation | Banned
"King, Stephen",The Mist,,,2023-02,Banned Pending Investigation | Banned
"King, Stephen",The Outsider,,,2025-03,Banned | Banned Pending Investigation
"King, Stephen",The Regulators,,,2025-06,Banned Pending Investigation | Banned
"King, Stephen",The Running Man,,,,Banned Pending Investigation | Banned
"King, Stephen",The Shining,,,2025-04,Banned | Banned Pending Investigation
"King, Stephen",The Stand,,,2024-11,Banned | Banned Pending Investigation
"King, Stephen",The Talisman,,,2025-06,Banned Pending Investigation | Banned
"King, Stephen",The Tommyknockers,,,2025-04,Banned | Banned Pending Investigation
"King, Stephen",The Waste Lands,,,2025-04,Banned | Banned Pending Investigation
"King, Stephen",Thinner,,,2025-06,Banned Pending Investigation | Banned
"King, Stephen",Under the Dome,,,2023-02,Banned Pending Investigation | Banned | Banned By Restriction
"King, Stephen",Wizard and Glass,,,2025-05,Banned | Banned Pending Investigation
"King, Stephen",Wolves of the Calla,,,2025-05,Banned | Banned Pending Investigation
"Kingsolver, Barbara",Pigs In Heaven,,,,Banned
"Kingsolver, Barbara",Prodigal Summer,,,,Banned By Restriction
"Kingsolver, Barbara",The Bean Trees,,,,Banned Pending Investigation
"Kingsolver, Barbara",The Poisonwood Bible,,,,Banned Pending Investigation
"Kinsella, Sophie",Confessions of a Shopaholic,,,,Banned Pending Investigation
"Kinsella, Sophie",Shopaholic and Baby,,,,Banned Pending Investigation
"Kinsella, Warren",Recipe for Hate,,,2024-10,Banned
"Kipling, Rudyard",The Jungle Book,,,2025-03,Banned
"Kirkman, Robert",The Walking Dead,,,2024-10,Banned
"Kirkman, Robert","The Walking Dead, Vol. 11: Fear the Hunters",,,2022-09,Banned from Libraries | Banned By Restriction
"Kirkman, Robert","The Walking Dead, Vol. 2: Miles Behind Us",,,,Banned By Restriction
"Kirkman, Robert","The Walking Dead, Vol. 4: The Heart's Desire",,,2022-09,Banned from Libraries
"Kirkman, Robert","The Walking Dead, Vol. 7: The Calm Before",,,2022-09,Banned from Libraries
"Kirkman, Robert","The Walking Dead, Vol. 8: Made to Suffer",,,2022-09,Banned from Libraries
"Kirkman, Robert","The Walking Dead: A Continuing Story of Survival Horror, Book 1",,,2022-09,Banned Pending Investigation
"Kirkman, Robert","The Walking Dead: A Continuing Story of Survival Horror, Book 10",,,2022-09,Banned Pending Investigation | Banned
"Kirkman, Robert","The Walking Dead: A Continuing Story of Survival Horror, Book 13",,,2022-09,Banned Pending Investigation
"Kirkman, Robert","The Walking Dead: A Continuing Story of Survival Horror, Book 15",,,2022-09,Banned Pending Investigation
"Kirkman, Robert","The Walking Dead: A Continuing Story of Survival Horror, Book 16",,,2022-09,Banned Pending Investigation
"Kirkman, Robert","The Walking Dead: A Continuing Story of Survival Horror, Book 2",,,2022-09,Banned Pending Investigation
"Kirkman, Robert","The Walking Dead: A Continuing Story of Survival Horror, Book 3",,,2022-09,Banned Pending Investigation
"Kirkman, Robert","The Walking Dead: A Continuing Story of Survival Horror, Book 4",,,2022-09,Banned Pending Investigation
"Kirkman, Robert","The Walking Dead: A Continuing Story of Survival Horror, Book 6",,,2022-09,Banned Pending Investigation
"Kirkman, Robert","The Walking Dead: A Continuing Story of Survival Horror, Book 7",,,2022-09,Banned Pending Investigation
"Kirkman, Robert","The Walking Dead: A Continuing Story of Survival Horror, Book 8",,,2022-09,Banned Pending Investigation
"Kirkman, Robert","The Walking Dead: A Continuing Story of Survival Horror, Book 9",,,2022-09,Banned Pending Investigation
"Kirsch, Vincent X.",From Archie to Zach: A Picture Book,,,2024-10,Banned
"Kishimoto, Masashi",Naruto,,,2024-12,Banned
"Kishimoto, Masashi","Naruto, Vol 1: Uzumaki Naruto",,,2025-05,Banned | Banned from Libraries
"Kishimoto, Masashi","Naruto, Vol. 11: Impassioned efforts",,,,Banned Pending Investigation
"Kishimoto, Masashi","Naruto, Vol. 28: Homecoming",,,,Banned Pending Investigation
"Kishimoto, Masashi","Naruto, Vol. 2: Test of a Ninja",,,,Banned Pending Investigation
"Kishimoto, Masashi","Naruto, Vol. 38: Practice Makes Perfect",,,,Banned Pending Investigation
"Kishimoto, Masashi","Naruto, Vol. 52: Cell Seven Reunion",,,,Banned Pending Investigation
"Kissel, Ben",The Last Book on the Left: Stories of Murder and Mayhem From History's Most Notorious Serial Killers,,"Parks, Marcus; Zebrowski, Henry",2025-04,Banned
"Kissinger, Katie",All the Colors We Are: Todos los colores de nuestra piel/The Story of How We Get Our Skin Color (Spanish Version),Banned in Classrooms,,2021-08,
"Kittleson, Mark J.",The Truth About Sexual Behavior and Unplanned Pregnancy,,"Kane, William; Howard-Barr, Elissa; Rennegarbe, Richelle",2023-02,Banned Pending Investigation | Banned
"Kizer, Amber",Gert Garibaldi's Rants and Raves: One Butt Cheek at a Time,,,,Banned Pending Investigation
"Klass, David",Firestorm,,,,Banned By Restriction
"Klass, David",You Don't Know Me,,,,Banned Pending Investigation
"Klavan, Andrew",Don't Say a Word,,,,Banned By Restriction
"Klehr, Dawn",The Cutting Room Floor,Banned Pending Investigation,,2021-12,Banned By Restriction
"Klein, Joe",Primary Colors: A Novel of Politics,,,,Banned By Restriction
"Klein, Rebecca T.",Rape and Sexual Assault: Healing and Recovery,,,,Banned Pending Investigation
"Klein, Rebecca T.",Transgender Rights and Protections,Banned Pending Investigation,,2021-11,Banned By Restriction
"Klimt, Gustav",Gustav Klimt: Drawings & Paintings,,,2025-04,Banned
"Kline, Christina Baker",Orphan Train,,,2024-12,Banned By Restriction | Banned | Banned Pending Investigation
"Klise, James",I'll Take Everything You Have,,,2024-08,Banned By Restriction
"Klise, James",Love Drugged,Banned Pending Investigation,,2021-12,
"Klosterman, Chuck","Sex, Drugs, and Cocoa Puffs: A Low Culture Manifesto",,,,Banned By Restriction
"Kluger, Steve","My Most Excellent Year: A Novel of Love, Mary Poppins, and Fenway Park",Banned Pending Investigation,,2021-12,
"Klune, T. J.",The Extraordinaries,Banned Pending Investigation,,2022-02,
"Knight, Michelle","Finding Me: A Decade of Darkness, A Life Reclaimed: A Memoir",,"Burford, Michelle",,Banned By Restriction | Banned
"Knight, Traci M.","RIPPED-APART Understanding, Coping and Living with Gender Dysphoria",Banned Pending Investigation,,2022-02,
"Knisley, Lucy",An Age of License: A Travelogue,,,,Banned Pending Investigation
"Knisley, Lucy",Relish: My Life in the Kitchen,,,2023-05,Banned Pending Investigation | Banned from Libraries and Classrooms | Banned from Libraries | Banned | Banned By Restriction
"Knodell, Kevin",The Stan,,"Axe, David",2024-10,Banned
"Knoll, Jessica",Luckiest Girl Alive,,,,Banned Pending Investigation
"Knowles, Jo",Jumping Off Swings,Banned Pending Investigation,,2022-03,
"Knowles, Jo",Lessons from a Dead Girl,,,2022-09,Banned Pending Investigation | Banned
"Knowles, Jo",Pearl,Banned Pending Investigation,,2021-12,
"Knowles, Jo",See You at Harry's,Banned Pending Investigation,,2021-12,Banned Pending Investigation | Banned
"Knowles, John",A Separate Peace,,,2024-09,Banned | Banned Pending Investigation
"Knowlton, Laurie",The Nativity: Mary Remembers,,"Kubiak, Kasi",2023-06,Banned from Libraries and Classrooms
"Knox, Jean McBee","Drinking, Driving and Drugs",,,2025-02,Banned
"Kobabe, Maia",Gender Queer: A Memoir,Banned Pending Investigation | Banned in Libraries | Banned in Libraries and Classrooms,,2021-09,Banned Pending Investigation | Banned from Libraries and Classrooms | Banned from Libraries | Banned | Banned By Restriction
"Kodachi, Ukyo",Boruto: Naruto Next Generations,,"Kishimoto, Masashi",2024-08,Banned
"Kodama, Yuuki","Blood Lad, Vol. 1",,,2025-05,Banned
"Koertge, Ron",Boy Girl Boy,Banned Pending Investigation,,2021-12,Banned Pending Investigation | Banned from Libraries and Classrooms | Banned | Banned By Restriction
"Koertge, Ron","Lies, Knives, and Girls in Red Dresses",,,2024-10,Banned
"Koertge, Ronald",Margaux with an X,,,2025-02,Banned
"Koertge, Ronald",Strays,,,,Banned Pending Investigation
"Kogawa, Joy",Obasan,,,,Banned Pending Investigation
"Kolpin, Molly",A Tour of Your Digestive System,,,2024-08,Banned
"Komaroff, Anthony",The Harvard Medical School Family Health Guide,,Harvard Medical School,2025-02,Banned
"Konayama, Kata","Love Me For Who I Am, Vol. 2",,,,Banned
"Konig, Eberhard","Michelangelo Merisi da Caravaggio, 1571-1610",,,2024-11,Banned
"Konigsberg, Bill",Honestly Ben,Banned Pending Investigation,,2021-12,Banned Pending Investigation
"Konigsberg, Bill",Openly Straight,Banned Pending Investigation,,2021-12,Banned Pending Investigation | Banned
"Konigsberg, Bill",The Bridge,Banned Pending Investigation,,2021-12,Banned Pending Investigation
"Konigsberg, Bill",The Music of What Happens,Banned in Libraries and Classrooms | Banned Pending Investigation,,2021-11,Banned Pending Investigation | Banned
"Konigsberg, Bill",The Porcupine of Truth,Banned Pending Investigation,,2022-02,Banned | Banned Pending Investigation
"Konigsburg, E.L.",Silent to the Bone,,,2024-12,Banned By Restriction | Banned
"Konstam, Angus",Ancient World Commanders: From the Trojan War to the Fall of Rome,,,,Banned Pending Investigation
"Koontz, Dean R.",City of Night,,,,Banned By Restriction
"Koontz, Dean R.",Dark Rivers of the Heart,,,,Banned Pending Investigation
"Koontz, Dean R.",False Memory,,,,Banned Pending Investigation
"Koontz, Dean R.",Innocence,,,,Banned
"Koontz, Dean R.",Intensity,,,2025-06,Banned Pending Investigation | Banned
"Koontz, Dean R.",Phantoms,,,,Banned Pending Investigation
"Koontz, Dean R.",Saint Odd,,,,Banned Pending Investigation
"Koontz, Dean R.",Seize the Night,,,2025-06,Banned Pending Investigation | Banned
"Koontz, Dean R.",The Taking,,,2024-07,Banned By Restriction
"Koontz, Dean R.",The Voice of the Night,,,2025-05,Banned | Banned Pending Investigation
"Koontz, Dean R.",Twilight Eyes,,,,Banned Pending Investigation
"Koontz, Dean R.",Watchers,,,,Banned Pending Investigation
"Koontz, Dean R.",Whispers,,,2025-06,Banned | Banned Pending Investigation
"Koopmans, Andy",The History of the Blues,,,2022-09,Banned Pending Investigation
"Korman, Gordon",Losing Joe's Place,,,2024-08,Banned By Restriction
"Korman, Gordon",Schooled,,,2022-10,Banned from Libraries
"Korman, Susan J.",Bad Deal,,,2024-08,Banned
"Korman, Susan J.",Overexposed,,,2025-01,Banned
"Korn, Irene",Great Masterpieces of the World,,,2022-09,Banned Pending Investigation
"Kosinski, Jerzy N.",The Painted Bird,,,,Banned
"Kostakis, William",The Sidekicks,,,,Banned Pending Investigation
"Kostecki-Shaw, Jenny Sue","Iguales, pero diferentes (Same, Same But Different)",Banned in Classrooms,,2021-08,
"Kostecki-Shaw, Jenny Sue","Same, Same But Different",Banned in Classrooms,,2021-08,
"Köster, Thomas",50 Artists You Should Know,,"Röper, Lars",2022-09,Banned Pending Investigation
"Kotzwinkle, William",The Bear Went Over the Mountain,,,,Banned Pending Investigation
"Kovic, Ron",Born on the Fourth of July,,,,Banned By Restriction
"Kozol, Jonathan",Savage Inequalities: Children in America's Schools,,,2025-06,Banned Pending Investigation | Banned from Libraries and Classrooms
"Kraft, Vickie",The Influential Woman,,,,Banned Pending Investigation
"Krakauer, Jon",Into the Wild,,,,Banned By Restriction
"Kranz, Rachel",Gay Rights (RK),,"Cusick, Tim",,Banned Pending Investigation
"Kraus, Daniel",Bent Heavens,,,,Banned Pending Investigation
"Krause, Fran",Deep Dark Fears,,,2022-09,Banned Pending Investigation
"Krause, Fran",The Creeps: A Deep Dark Fears Collection,,,2022-09,Banned Pending Investigation
"Kreicbergs, Toms",The Cat King of Havana,,,,Banned Pending Investigation
"Krensky, Stephen",Leonardo da Vinci,,,,Banned Pending Investigation
"Krentz, Jayne Ann",The Pirate,,,,Banned Pending Investigation
"Kress, Emma",Dangerous Play,,,,Banned Pending Investigation
"Krischer, Hayley",Something Happened to Ali Greenleaf,,,,Banned
"Kroll, Steven",Nina in That Makes Me Mad,,"Knight, Hilary",2025-01,Banned
"Krosoczka, Jarrett J.","Hey, Kiddo: How I Lost My Mother, Found My Father, and Dealt with Family Addiction",,,2024-12,Banned Pending Investigation | Banned By Restriction | Banned
"Krull, Kathleen",Harvesting Hope: The Story of Cesar Chavez,Banned in Classrooms,,2021-08,
"Krull, Kathleen",Sonia Sotomayor,Banned Pending Investigation,,2022-01,
"Krull, Kathleen",Starstruck: The Cosmic Journey of Neil Degrasse Tyson,Banned in Classrooms,"Brewer, Paul",2021-08,
"Krull, Kathleen",What Was the March on Washington?,Banned in Classrooms,,2021-08,
"Krys, Michelle",Hexed,,,,Banned
"Krystof, Doris",Amedeo Modigliani 1884-1920: The Poetry of Seeing,,,2025-04,Banned
"Kuang, R. F.",The Burning God,,,,Banned Pending Investigation
"Kuang, R. F.",The Dragon Republic,,,,Banned Pending Investigation
"Kuang, R. F.",The Poppy War,,,,Banned By Restriction
"Kubo, Tite",Bleach,,,,Banned
"Kubo, Tite","Bleach, Vol. 21",,,2022-11,Banned from Libraries
"Kubo, Tite","Bleach, Vol. 23",,,2024-10,Banned
"Kubo, Tite","Bleach, Vol. 34",,,2024-10,Banned
"Kubo, Tite","Bleach, Vol. 42",,,2024-10,Banned
"Kubo, Tite","Bleach, Vol. 60",,,2024-10,Banned
"Kubo, Tite","Bleach, Vol. 8",,,2024-10,Banned
"Kuehn, Stephanie",The Smaller Evil,,,,Banned Pending Investigation
"Kuehn, Stephanie",When I Am Through with You,,,,Banned Pending Investigation
"Kuehnert, Stephanie",Pieces of a Girl,,,,Banned
"Kühl, Isabel",50 Sculptures You Should Know,,"Reichold, Klaus",2022-09,Banned Pending Investigation
"Kuhlman, Evan",Hank's Big Day: The Story of a Bug,Banned in Classrooms,,2021-08,
"Kuhn, Betsy","Gay Power! The Stonewall Riots and the Gay Rights Movememnt, 1969",,,2024-08,Banned Pending Investigation
"Kuklin, Susan",Beyond Magenta: Transgender Teens Speak Out,Banned Pending Investigation | Banned in Libraries and Classrooms,,2021-10,Banned Pending Investigation | Banned from Libraries and Classrooms | Banned from Libraries | Banned By Restriction | Banned
"Kuklin, Susan","No Choirboy: Murder, Violence, and Teenagers on Death Row",,,2025-02,Banned | Banned By Restriction
"Kuklin, Susan",We Are Here to Stay: Voices of Undocumented Young Adults,,,,Banned Pending Investigation
"Kundera, Milan",The Unbearable Lightness of Being,,,,Banned
"Kuntz, Doug",Lost and Found Cat : The True Story of Kunkush's Incredible Journey,Banned Pending Investigation,"Shrodes, Amy",2022-01,
"Kusaka, Hidenori",Pokémon: Sun & Moon,,,2025-01,Banned
"Kusama, Yayoi",Yayoi Kusama,,,2025-04,Banned
"Kushner, Elisabeth",The Purim Superhero,Banned Pending Investigation,,2022-04,Banned Pending Investigation
"Kushner, Rachel",The Mars Room,,,,Banned Pending Investigation
"Kustanowitz, Ester",The Hidden Children of the Holocaust: Teens Who Hid from the Nazis,,,2025-02,Banned
"Kwan, Kevin",Crazy Rich Asians,,,2024-10,Banned
"Kwok, Jean",Girl in Translation,,,2025-03,Banned By Restriction | Banned Pending Investigation | Banned
Kyi. Tanya Lloyd,This is Your Brain on Stereotypes: How Science is Tackling Unconscious Bias,,,,Banned
"L'Engle, Madeline",Many Waters,,,2025-05,Banned By Restriction | Banned
"La Bella, Laura",Living in a Violent Household,,,,Banned
"la Grange, Zelda","Good Morning, Mr. Mandela",,,,Banned By Restriction
"La Grotteria, Coni",El color de la piel,Banned in Classrooms,,2021-08,
"La Sala, Ryan",Be Dazzled,Banned Pending Investigation,,2022-02,
"La Sala, Ryan",Reverie,Banned Pending Investigation,,2021-12,Banned | Banned Pending Investigation
"La Sala, Ryan",The Honeys,,,2024-08,Banned By Restriction | Banned
"Labelle, Sophie",Ciel in All Directions,,,,Banned
"Labelle, Sophie",My Dad Thinks I'm a Boy?!: A Trans Positive Children's Book,,,,Banned
"Labrecque, Ellen",Who Was Maya Angelou?,Banned in Classrooms,,2021-08,Banned Pending Investigation
"Lacaze, Katherine",When You're Ready: Coming Out,,,2024-08,Banned By Restriction
"LaCour, Nina",Everything Leads to You,Banned Pending Investigation,,2021-12,Banned
"LaCour, Nina",Hold Still,,,2023-02,Banned Pending Investigation | Banned
"LaCour, Nina",Watch Over Me,,,2022-10,Banned from Libraries | Banned
"LaCour, Nina",We Are Okay,Banned Pending Investigation,,2022-02,Banned from Libraries and Classrooms | Banned Pending Investigation
"LaCour, Nina",You Know Me Well,Banned Pending Investigation,"Levithan, David",2021-12,
"Ladson-Billings, Gloria",The Dreamkeepers: Successful Teachers of African American Children,Banned in Classrooms,,2021-08,
"Ladwig, Tim",Psalm Twenty-Three,,,2023-06,Banned from Libraries and Classrooms
"LaFevers, Robin",Courting Darkness,,,,Banned Pending Investigation
"LaFevers, Robin",Dark Triumph,,,2025-06,Banned By Restriction | Banned Pending Investigation | Banned
"LaFevers, Robin",Grave Mercy,,,,Banned By Restriction | Banned Pending Investigation
"LaFevers, Robin",Mortal Heart,,,,Banned Pending Investigation
"Lahiri, Jhumpa",The Namesake,,,,Banned Pending Investigation
"Lainez, Rene Colato",¡Vámonos! Let's Go!,Banned in Classrooms,,2021-08,
"Lainoff, Lillie",One For All,,,2024-10,Banned By Restriction
"Laird, Elizabeth",A Little Piece of Ground,Banned Pending Investigation,"Nimr, Sonia",2022-01,Banned Pending Investigation
"Laird, Elizabeth",The Road to Bethlehem: An Ethiopian Nativity,,,2023-06,Banned from Libraries and Classrooms
"Lake, Nick",In Darkness,,,2025-02,Banned | Banned Pending Investigation
"Lake, Nick",Lily and the Night Creatures,,,,Banned Pending Investigation
"Lake, Nick",Whisper to Me,,,,Banned Pending Investigation
"Lamb, Wally",I Know This Much Is True,,,,Banned Pending Investigation | Banned By Restriction
"Lamb, Wally",She's Come Undone,,,,Banned | Banned By Restriction
"Lanagan, Margo",Red Spikes,,,,Banned Pending Investigation
"Landau, Elaine",Date Violence,,,2025-02,Banned
"Landau, Elaine",Date Violence (Life Balance),Banned Pending Investigation,,2022-03,
"Lane, Leena",Stories of Jesus,,"Bishop, Roma",2023-06,Banned from Libraries and Classrooms
"Lang, Suzanne","Families, Families, Families!",,"Lang, Max",2023-06,Banned from Libraries | Banned Pending Investigation | Banned By Restriction
"Langan, Paul",Search for Safety,,,,Banned Pending Investigation
"Langan, Paul",Summer of Secrets,,,2024-08,Banned By Restriction
"Langan, Paul",Survivor,,,,Banned By Restriction
"Langdon, Helen",Holbein,,"Malpas, James",2025-04,Banned
"Lange, Donna",Taking Responsibility: A Teen's Guide to Contraception and Pregnancy,Banned in Libraries,,2021-12,
"Langford, Jo",The Pride Guide: A Guide to Sexual and Social Health for LGBTQ Youth,Banned in Libraries and Classrooms,,2022-02,Banned from Libraries and Classrooms | Banned By Restriction | Banned Pending Investigation | Banned
"Langley, Andrew",Medieval Life,,,2025-02,Banned
"Langley, Myrtle",Religion,,,2025-04,Banned
"Langston-George, Rebecca",For the Right to Learn: Malala Yousafzai's Story,,,,Banned Pending Investigation
"Langwith, Jacqueline",Discrimination (JL),,,,Banned
"LaNier, Carlotta Walls",A Mighty Long Way: My Journey to Justice at Little Rock Central High School,,"Page, Lisa Frazier",2024-08,Banned By Restriction
"LaPensée, Elizabeth",Rabbit Chase,,,2024-08,Banned
"Lapinski, L.D.",Strangeworlds Travel Agency,,,,Banned Pending Investigation
"Larbalestier, Justine",Liar,,,,Banned Pending Investigation
"Larbalestier, Justine",My Sister Rosa,,,2025-06,Banned Pending Investigation | Banned | Banned By Restriction
"Larbalestier, Justine",Zombies vs. Unicorns,,"Black, Holly",2024-10,Banned
"Larimore, Walter",The Ultimate Guys' Body Book: Not-So-Stupid Questions About Your Body,Banned Pending Investigation,"Francis, Guy",2021-12,
"Larson, Erik","The Devil in the White City: Murder, Magic, and Madness at the Fair that Changed America",,,,Banned Pending Investigation | Banned By Restriction
"Larson, Erik","The Splendid and the Vile: A Saga of Churchill, Family, and Defiance During the Blitz",,,,Banned By Restriction
"Larson, Gary",There's a Hair In My Dirt: A Worm's Story,,,,Banned By Restriction
"Larson, Hope",All Summer Long,,,,Banned By Restriction
"Larson, Kirby",Dash,Banned Pending Investigation,,2022-01,
"Larson, Kirby",The Fences Between Us: The Diary of Piper Davis,,,2025-03,Banned
"Larsson, Stieg",The Girl Who Kicked the Hornet's Nest,,,2024-10,Banned | Banned Pending Investigation | Banned By Restriction
"Larsson, Stieg",The Girl Who Played with Fire,,,2024-10,Banned | Banned By Restriction
"Larsson, Stieg",The Girl with the Dragon Tattoo,,,2024-08,Banned By Restriction | Banned | Banned Pending Investigation
"Lassieur, Allison",25 Women Who Dared to Go,Banned in Classrooms,,2021-08,
"Latham, Irene","Can I Touch Your Hair? Poems of Race, Mistakes, and Friendship",Banned in Classrooms,"Waters, Charles",2021-08,Banned Pending Investigation
"Latimer, E.",Witches of Ash & Ruin,,,2024-08,Banned By Restriction
"Latos, Alexandra",Under Shifting Stars,,,2024-08,Banned By Restriction | Banned
"Laughlin, Kara L.",The Racial Justice Movement,,,,Banned
Lauren Shippen,A Neon Darkness,,,,Banned Pending Investigation
"Lauren, Christina",Autoboyography,Banned Pending Investigation,,2021-12,Banned Pending Investigation | Banned By Restriction | Banned
"Lauren, Christina",Beautiful Bastard,Banned Pending Investigation,,2022-04,
"Lauren, Christina",Love and Other Words,,,2025-04,Banned
"Lauture, Denize",Running the Road to ABC,Banned Pending Investigation,,2022-01,
"Lawlor, Laurie",Daniel Boone,,,,Banned Pending Investigation
"Lawrence, L. S.",Escape By Sea,,,,Banned
"Lawrence, Lisa J.",Trail of Crumbs,Banned in Libraries and Classrooms,,2021-11,
"Lawson, Don",An Album of the Vietnam War,,,2025-02,Banned
"Lawson, Jamie","Rainbow Revolutions: Power, Pride and Protest in the Fight for Queer Rights",Banned Pending Investigation,,2021-12,
"Lawson, Richard",All We Can Do Is Wait,Banned Pending Investigation,,2021-12,
"Laybourne, Emmy",Monument 14,,,2024-10,Banned | Banned Pending Investigation
"Laybourne, Emmy",Monument 14: Savage Drift,,,2024-10,Banned | Banned Pending Investigation
"Laybourne, Emmy",Monument 14: Sky On Fire,,,2024-10,Banned | Banned Pending Investigation
"Layman, John",Chew,,,,Banned Pending Investigation
"Layman, John",The Complete Idiot's Guide to Drawing Manga: Illustrated,,"Hutchinson, David",2022-09,Banned Pending Investigation
"Laymon, Kiese",Heavy: An American Memoir,Banned Pending Investigation,,2021-10,
"Layne, Aliza",Beetle and the Hollowbones,,,2023-04,Banned Pending Investigation
"LaZebnik, Claire",Wrong About the Guy,,,,Banned By Restriction
"Le, Minh",Drawn Together,Banned in Classrooms,,2021-08,
"Leaver, Trisha",The Secrets We Keep (TL),,,2025-04,Banned
"Leavitt, Martine",My Book of Life by Angel,Banned in Libraries,,2021-11,Banned Pending Investigation | Banned
"Leavitt, Martine",The Dollmage,,,,Banned
"Leavy, Jane",The Last Boy: Mickey Mantle and the End of America's Childhood,,,,Banned Pending Investigation
"Lebert, Benjamin",Crazy,,,,Banned
"Lecesne, Celeste",Absolute Brightness,Banned in Libraries,,2021-12,
"Lecesne, James",Trevor: A Novella,,,2024-08,Banned By Restriction
"Lee, C. B.",A Clash of Steel: A Treasure Island Remix,,,2023-03,Banned from Libraries | Banned | Banned By Restriction
"Lee, Darrien",Grown in 60 Seconds,,,2022-10,Banned Pending Investigation
"Lee, Emery",Meet Cute Diary,,,2024-08,Banned By Restriction | Banned
"Lee, Harper",Go Set a Watchman,,,2023-02,Banned Pending Investigation
"Lee, Harper",To Kill a Mockingbird,Banned in Libraries and Classrooms | Banned in Classrooms,,2021-10,Banned Pending Investigation | Banned
"Lee, Joe",Greek Mythology for Beginners,,,2024-11,Banned
"Lee, Lyla",Flip the Script,,,2024-08,Banned By Restriction
"Lee, Lyla",I'll Be the One,Banned in Libraries and Classrooms | Banned Pending Investigation,,2021-11,
"Lee, Lyla",Mindy Kim and the Big Pizza Challenge,Banned in Classrooms,,2021-08,
"Lee, Lyla",Mindy Kim and the Birthday Puppy,Banned in Classrooms,,2021-08,
"Lee, Lyla",Mindy Kim and the Fairy-Tale Wedding,Banned in Classrooms,,2021-08,
"Lee, Lyla",Mindy Kim and the Lunar New Year Parade,Banned in Classrooms,,2021-08,
"Lee, Lyla",Mindy Kim and the Trip to Korea,Banned in Classrooms,,2021-08,
"Lee, Lyla",Mindy Kim and the Yummy Seaweed Business,Banned in Classrooms,,2021-08,
"Lee, Lyla","Mindy Kim, Class President",Banned in Classrooms,,2021-08,
"Lee, Mackenzi",The Gentleman's Guide to Getting Lucky,,,2024-08,Banned By Restriction
"Lee, Mackenzi",The Gentleman's Guide to Vice and Virtue,Banned Pending Investigation,,2022-02,Banned By Restriction | Banned | Banned Pending Investigation
"Lee, Mackenzi",The Lady's Guide to Petticoats and Piracy,Banned Pending Investigation,,2022-02,Banned | Banned Pending Investigation
"Lee, Mackenzi",The Nobleman's Guide to Scandal and Shipwrecks,,,2025-04,Banned
"Lee, Sandra",Recipe Box,,,,Banned Pending Investigation
"Lee, Stacey",Kill Her Twice,,,2024-08,Banned By Restriction
"Lee, Stacey",The Downstairs Girl,Banned Pending Investigation,,2021-12,Banned
"Lee, Stan",Amazing Fantastic Incredible: A Marvelous Memoir,,"David, Peter; Doran, Colleen",2024-08,Banned
"Lee, Stan",Excelsior!: The Amazing Life of Stan Lee,,,,Banned Pending Investigation
"Lee, Stan",Heroman,,Bones,2024-11,Banned
"Lee, Stan","Karakuridoji Ultimo, Vol. 1",,,2023-02,Banned Pending Investigation
"Lee, Stan",Spider-Man in Face-to-Face with the Lizard,,"Ditko, Steve; Quantz, Daniel",,Banned Pending Investigation
"Lee, Uk-Bae",When Spring Comes to the DMZ,Banned Pending Investigation,,2022-01,
"Lee, Victoria",A Lesson in Vengeance,Banned Pending Investigation,,2022-02,Banned Pending Investigation | Banned
"Lee, Victoria",The Electric Heir,Banned Pending Investigation,,2022-02,
"Lee, Victoria",The Fever King,Banned Pending Investigation,,2022-02,Banned | Banned Pending Investigation
"Lee, Yoon Ha",Tiger Honor,,,2024-08,Banned | Banned Pending Investigation
"Lee, Youngran","Click, Vol. 1",,,,Banned
"Lee, Youngran","Click, Vol. 2",,,,Banned
"Lee, Youngran","Click, Vol. 3",,,,Banned
"Lee, Youngran","Click, Vol. 5",,,,Banned
"Lee, Youngran","Click, Vol. 6",,,,Banned
"Lee, Youngran","Click, Vol. 7",,,,Banned
"Lee, Youngran","Click, Vol. 8",,,,Banned
"Leech, Caroline",In Another Time,,,,Banned Pending Investigation
"Leeming, David Adams",Stephen Spender: A Life in Modernism,,,,Banned Pending Investigation
"Leeming, David Adams",The Children's Dictionary of Mythology,,,2025-04,Banned
"Leeming, David Adams",The Handy Mythology Answer Book,,Visible Ink Press,2025-04,Banned
"Leff, Carrie",Celebrate Your Body 2: The Ultimate Puberty Book for Preteen and Teen Girls,Banned Pending Investigation,"Klein, Lisa",2022-04,
"Legrand, Claire",Furyborn,,,2023-01,Banned Pending Investigation | Banned | Banned from Libraries and Classrooms
"Legrand, Claire",Kingsbane,,,2024-10,Banned | Banned Pending Investigation | Banned from Libraries and Classrooms
"Legrand, Claire",Lightbringer,,,2024-11,Banned | Banned Pending Investigation | Banned from Libraries and Classrooms
"Legrand, Claire",Sawkill Girls,,,2025-02,Banned | Banned Pending Investigation
"Lehane, Dennis",Mystic River,,,,Banned By Restriction
"Lehmann, Courtney","Shakespeare Remains: Theater to Film, Early Modern to Postmodern",,,2025-02,Banned
"Leibovitz, Annie",Annie Leibovitz at Work,,,2022-10,Banned from Libraries and Classrooms | Banned
"Leibovitz, Annie",Women,,"Sontag, Susan",2022-10,Banned from Libraries and Classrooms
"Leitner, Isabella",The Big Lie: A True Story of the Holocaust,,,2024-08,Banned By Restriction
"Lemire, Jeff",Descender,,,2024-10,Banned
"Lemire, Jeff",Secret Origins,,,2022-09,Banned Pending Investigation
"Lemire, Jeff",The Event,,,2022-09,Banned Pending Investigation
"Lemm, Trinity",Home (TL),,,2023-03,Banned from Libraries and Classrooms
"Lemonnier, Camille",L'Hystérique,,,,Banned By Restriction
"Leno, Katrina",Summer of Salt,,,,Banned Pending Investigation
"Leno, Katrina",You Must Not Miss,,,,Banned Pending Investigation
"Lenoir, Axelle",What If We Were...,,,,Banned Pending Investigation
"Leone, Bruno",Human Sexuality: Opposing Viewpoints,,"Stalcup, Brenda; Swisher, Karin L.",2023-02,Banned Pending Investigation
"Leone, Bruno",Male/Female Roles (BL),,,,Banned
"Leone, Bruno",Rape On Campus,Banned Pending Investigation,,2021-11,
"Leone, Bruno",Rape On Campus (BL),,,,Banned
"Leong, Sloane",A Map to the Sun,,,2022-09,Banned Pending Investigation
"Lepucki, Edan",California,,,2024-08,Banned By Restriction
"Lerner, K. Lee",Gender Issues and Sexuality: Essential Primary Sources,Banned Pending Investigation,"Lerner, Brenda Wilmoth; Lerner, Adrienne Wilmoth",2022-02,
"Les Becquets, Diane","Love, Cajun Style",,,,Banned Pending Investigation
"Lessing, Doris",The Grass Is Singing,,,,Banned By Restriction
"Lester, Julius",Guardian (JL),,,,Banned Pending Investigation
"Lester, Julius",Pharaoh's Daughter: A Novel of Ancient Egypt,,,2023-06,Banned from Libraries and Classrooms
"Lester, Julius",To Be a Slave,,,2024-08,Banned By Restriction
"Lester, Julius","When the Beginning Began: Stories about God, the Creatures, and Us",,Silver Whistle,2025-04,Banned
"Leveen, Tom",Party,,,,Banned By Restriction
"Levenseller, Tricia",Daughter of the Pirate King,,,2025-03,Banned By Restriction
"Levenseller, Tricia",Daughter of the Siren Queen,,,2025-03,Banned By Restriction
"Levin, Jenifer",Water Dancer,,,,Banned Pending Investigation
"Levine, Ellen",Henry's Freedom Box: A True Story from the Underground Railroad,Banned in Classrooms,,2021-08,
"Levithan, David",19 Love Songs,Banned Pending Investigation,,2022-02,Banned | Banned Pending Investigation
"Levithan, David",21 Proms,,"Anderson, Jodi Lynn; Black, Holly; Bray, Libba; Cohn, Rachel; Craft, Elizabeth; de la Cruz, Melissa; Ehrenhoft, Daniel; Friedman, Aimee; Green, John; Hartinger, Brent; Leitch, Will; Lockhart, E.; Margolis, Leslie; Merrell, Billy; Mlynowski, Sarah; Sandell, Lisa Ann; Vizzini, Ned; von Ziegesar, Cecily; Vrettas, Adrienne Maria; Woodson, Jacqueline",2025-06,Banned Pending Investigation | Banned
"Levithan, David",Another Day,Banned in Libraries,,2022-02,Banned | Banned By Restriction | Banned Pending Investigation
"Levithan, David",Answers in the Pages,,,2024-08,Banned By Restriction
"Levithan, David",Boy Meets Boy,,,,Banned Pending Investigation | Banned By Restriction
"Levithan, David",Every Day,Banned in Libraries,,2021-12,Banned | Banned Pending Investigation
"Levithan, David",Hold Me Closer: The Tiny Cooper Story,Banned Pending Investigation,,2021-10,Banned By Restriction | Banned Pending Investigation | Banned from Libraries and Classrooms
"Levithan, David","How They Met, and Other Stories",,,,Banned Pending Investigation
"Levithan, David",Love Is the Higher Law,Banned in Libraries,,2021-12,
"Levithan, David",Ryan and Avery,,,,Banned
"Levithan, David",Someday,,,2022-11,Banned Pending Investigation | Banned
"Levithan, David",Take Me With You When You Go,,"Niven, Jennifer",,Banned Pending Investigation
"Levithan, David","The Full Spectrum: A New Generation of Writing About Gay, Lesbian, Bisexual, Transgender, Questioning, and Other Identities",,"Merrell, Billy",2024-08,Banned By Restriction | Banned
"Levithan, David",The Lover's Dictionary,,,2025-06,Banned Pending Investigation | Banned
"Levithan, David",The Mysterious Disappearance of Aidan S. (As Told To His Brother),,,,Banned Pending Investigation
"Levithan, David",The Realm of Possibility,Banned Pending Investigation,,2022-05,Banned Pending Investigation
"Levithan, David",Two Boys Kissing,Banned in Libraries and Classrooms | Banned Pending Investigation | Banned in Libraries,,2021-12,Banned Pending Investigation | Banned from Libraries | Banned | Banned from Libraries and Classrooms
"Levithan, David",Wide Awake,Banned Pending Investigation,,2021-12,
"Levy, Dana Alison",The Family Fletcher Takes Rock Island,Banned in Libraries and Classrooms | Banned Pending Investigation | Banned in Libraries,,2022-04,Banned Pending Investigation
"Levy, Dana Alison",The Misadventures of the Family Fletcher,Banned Pending Investigation,,2022-01,
"Levy, Dana Alison",This Would Make a Good Story Someday,,,2023-05,Banned Pending Investigation | Banned By Restriction
"Levy, Joanne",Crushing It,,,,Banned Pending Investigation
"Levy, Michelle",Not After Everything,,,2024-12,Banned
"Levy, Pat",The Holocaust: Survival and Resistance,,,2025-02,Banned
"Lewis, Bernard",The Crisis of Islam: Holy War and Unholy Terror,,,2025-02,Banned
"Lewis, Beverly",The Covenant,,,2025-02,Banned
"Lewis, C. S.",That Hideous Strength: A Modern Fairy-Tale for Grown-Ups,,,,Banned Pending Investigation
"Lewis, Erika",Kelcie Murphy and the Academy for the Unbreakable Arts,,,2024-08,Banned By Restriction
"Lewis, Richard",The Killing Sea,,,2025-02,Banned
"Lewis, Sean","Coyotes, Vol. 1",,,2022-09,Banned Pending Investigation
"Lewis, Sean","Coyotes, Vol. 2",,,2022-09,Banned Pending Investigation
"Lewis, Sinclair",Babbitt,,,,Banned Pending Investigation
"Leyh, Kat",Lumberjanes: Parents' Day,,"Watters, Shannon; Stevenson, ND; Allen, Gus; Ellis, Grace",,Banned
"Leyh, Kat",Parents' Day,,"Watters, Shannon; Stevenson, N.D.; Allen, Gus; Ellis, Grace",,Banned Pending Investigation
"Leyh, Kat",Snapdragon,,,2025-06,Banned Pending Investigation | Banned
"Lhote, Henri",Vanished Civilizations of the Ancient World,,McGraw-Hill Book Company,2025-04,Banned
"Lia Block, Francesca",Love in the Time of Global Warming,,,2025-06,Banned | Banned Pending Investigation
"Liang, Bridget",What Makes You Beautiful,,,,Banned
"Libbrecht, Kenneth George",The Little Book of Snowflakes,,,,Banned
"Libbrecht, Kenneth George",The Snowflake: Winter's Secret Beauty,,,,Banned
"Libenson, Terri",Remarkably Ruby,,,,Banned By Restriction
"Lieberman, Leanne",Gravity,Banned Pending Investigation,,2022-01,
"Lieberman, Leanne",Gravity (LL),,,2025-03,Banned By Restriction
"Liggett, Kim",The Grace Year,,,,Banned By Restriction | Banned | Banned Pending Investigation
"Light, Char",Gender Identity,,,2024-08,Banned By Restriction
"Light, Kate",Gender Identity: The Search for Self,Banned Pending Investigation,,2021-12,Banned By Restriction | Banned
"Lim, Elizabeth",Reflection: A Twisted Tale,,,,Banned Pending Investigation
"Lim, Elizabeth",Unravel the Dusk,,,,Banned Pending Investigation
"Limb, Sue","Girl, (Nearly) 16: Absolute Torture",Banned in Libraries | Banned Pending Investigation,,2021-12,Banned Pending Investigation
"Lin, Grace",A Big Mooncake for Little Star,Banned in Classrooms,,2021-08,
"Lin, Grace",Dim Sum for Everyone!,Banned Pending Investigation,,2022-01,
"Lin, Grace",Starry River of the Sky,Banned Pending Investigation,,2022-01,
"Lindsay, Jeff",Dexter Is Delicious,,,,Banned By Restriction
"Linn, Laurent",Draw the Line,Banned Pending Investigation,,2021-12,
"Liparulo, Robert",House of Dark Shadows,,,2022-10,Banned Pending Investigation
"Liparulo, Robert",Timescape,,,2022-10,Banned Pending Investigation
"Lippincott, Rachael",She Gets the Girl,,"Derrick, Alyson",2024-08,Banned | Banned By Restriction
"Lippincott, Rachael",The Lucky List,Banned Pending Investigation,,2022-02,Banned Pending Investigation | Banned
"Lipsyte, Robert",Raiders Night,,,2025-01,Banned
"Lisle, Janet Taylor",Black Duck,,,2024-08,Banned By Restriction
"Lisovskis,Majorie","Boy v. Girl?: How Gender Shapes Who We Are, What We Want, and How We Get Along",,"Abrahams, George; Ahlbrand, Sheila",2025-02,Banned
"Litin, Scott",Mayo Clinic Family Health Book (Unknown Edition),,,2025-02,Banned
"Little Badger, Darcie",Elatsoe,,,,Banned Pending Investigation
"Little, Emily",David and the Giant,,,2023-06,Banned from Libraries and Classrooms
"Littman, Sarah Darer",Anything But Okay,,,2023-03,Banned from Libraries
"Littman, Sarah Darer",Purge,,,,Banned Pending Investigation
"Littman, Sarah Darer",Some Kind of Hate,,,2024-08,Banned By Restriction
"Litvinoff, Sarah",The Illustrated Guide to the Supernatural,,,,Banned Pending Investigation
"Liu, Ken",Mono No Aware (Short Story),,,2024-08,Banned By Restriction
"Liu, Marjorie",Monstress,,"Takeda, Sana",2022-10,Banned from Libraries | Banned
"Liu, Marjorie","Monstress, Vol. 1: Awakening",,,2022-10,Banned from Libraries and Classrooms | Banned
"Liu, Marjorie","Monstress, Vol. 2: The Blood",,,2022-10,Banned from Libraries and Classrooms | Banned
"Liu, Marjorie","Monstress, Vol. 3: Haven",,,2022-10,Banned from Libraries and Classrooms | Banned
"Liu, Marjorie","Monstress, Vol. 4: The Chosen",,,2022-10,Banned from Libraries and Classrooms | Banned Pending Investigation | Banned
"Livingston, Lesley",The Valiant,,,,Banned Pending Investigation
"Livingston, Myra Cohn",Thanksgiving Poems,,,2023-06,Banned from Libraries and Classrooms
"Llewellyn, Richard",How Green Was My Valley,,,,Banned Pending Investigation
lloh. Candice,Salt the Water,,,,Banned
"Llywelyn, Morgan",Pride of Lions,,,,Banned Pending Investigation
"Lo Bosco, Maryellen",Confronting Racism,,,,Banned
"Lo, Malinda",A Line in the Dark,Banned Pending Investigation,,2021-12,
"Lo, Malinda",A Scatter of Light,,,2024-10,Banned | Banned Pending Investigation
"Lo, Malinda",Ash,Banned Pending Investigation,,2021-12,Banned Pending Investigation
"Lo, Malinda",Last Night at the Telegraph Club,Banned Pending Investigation,,2022-02,Banned Pending Investigation | Banned from Libraries and Classrooms | Banned from Libraries | Banned | Banned By Restriction
"Lobdell, Scott,",The Hardy Boys Graphic Novels: Undercover Brothers,,,2025-03,Banned
"Locke, Katherine","Gender Rebels: 30 Trans, Nonbinary, and Gender Expansive Heroes Past and Present",,,2024-08,Banned By Restriction | Banned
"Locke, Katherine",The Spy with the Red Balloon,,,2024-08,Banned By Restriction
"Locke, Katherine","This is Our Rainbow: 16 Stories of Her, Him, Them, and Us",,"Melleby, Nicole",2024-08,Banned By Restriction | Banned
"Locke, Katherine",What Are Your Words: A Book About Pronouns,,,2024-08,Banned By Restriction | Banned
"Lockhart, E",Family of Liars: The Prequel to We Were Liars,,,,Banned Pending Investigation
"Lockhart, E.",Again Again,,,,Banned Pending Investigation
"Lockhart, E.",Dramarama,,,,Banned Pending Investigation
"Lockhart, E.",Fly on the Wall: How One Girl Saw Everything,Banned Pending Investigation | Banned in Libraries and Classrooms,,2021-11,Banned Pending Investigation | Banned
"Lockhart, E.",Genuine Fraud,,,,Banned Pending Investigation | Banned By Restriction
"Lockhart, E.","Real Live Boyfriends: Yes. Boyfriends, Plural. If My Life Weren't Complicated, I Wouldn't Be Ruby Oliver",Banned Pending Investigation | Banned in Libraries | Banned in Libraries and Classrooms,,2021-11,Banned Pending Investigation | Banned from Libraries and Classrooms | Banned | Banned By Restriction
"Lockhart, E.","The Treasure Map of Boys: Noel, Jackson, Finn, Hutch, Gideon -- and Me, Ruby Oliver",,,,Banned Pending Investigation
"Lockhart, E.",We Were Liars,,,2023-02,Banned Pending Investigation | Banned By Restriction | Banned
"Lockington, Mariama J.",For Black Girls Like Me,Banned in Classrooms | Banned Pending Investigation,,2021-08,
"Lockington, Mariama J.",Forever is Now,,,2024-08,Banned By Restriction
"Lockington, Mariama J.",In the Key of Us,,,,Banned Pending Investigation
"Loh-Hagan, Virginia",LGBTQ+ Rights,,,2024-08,Banned By Restriction | Banned
"Loh-Hagan, Virginia",Racial Justice,,,,Banned
"Lombardo, Jennifer",Inside the LGBTQ+ Movement,,,,Banned
"London, Alex",Black Wings Beating,Banned Pending Investigation,,2022-02,
"London, Alex",City of Secrets,,,,Banned
"London, Alex",City of Speed,,,,Banned
"London, Alex",City of Thieves (AL),,,,Banned
"London, Alex",Gold Wings Rising,Banned Pending Investigation,,2022-02,
"London, Alex",Guardian,Banned Pending Investigation,,2021-12,
"London, Alex",Proxy,Banned Pending Investigation,,2021-12,
"London, Alexander",Dog Tags,,,2025-02,Banned
"Lonesborough, Gary",Ready When You Are,,,2024-08,Banned By Restriction | Banned Pending Investigation
"Lookadoo, Justin",Dateable: Are You? Are They?,,"DiMarco, Hayley",2022-10,Banned Pending Investigation
"Lookadoo, Justin",The Dateable Rules: A Guide to the Sexes,Banned Pending Investigation,"DiMarco, Hayley",2022-01,
"Lookadoo, Justin",The Dirt on Sex,,,,Banned By Restriction
"Lord, Cynthia",A Handful of Stars,Banned Pending Investigation,,2022-01,
"Lord, Cynthia",Half a Chance,,,,Banned Pending Investigation
"Lord, Cynthia",Rules (CL),,,,Banned Pending Investigation
"Lord, Cynthia",Touch Blue,,,,Banned Pending Investigation
"Lord, Emery",When We Collided,,,,Banned Pending Investigation
"Lord, Emma",Tweet Cute,,,,Banned Pending Investigation
"Lorde, Audre",Sister Outsider: Essays and Speeches,Banned Pending Investigation,,2022-02,
"Lore, Pittacus",I am Number Four,,,2025-06,Banned By Restriction | Banned Pending Investigation
"Lore, Pittacus",The Fall of Five,,,,Banned Pending Investigation
"Lore, Pittacus",The Fate of Ten,,,,Banned Pending Investigation
"Lore, Pittacus",The Power of Six,,,,Banned Pending Investigation
"Lore, Pittacus",The Revenge of Seven,,,,Banned Pending Investigation
"Lore, Pittacus",The Rise of Nine,,,,Banned Pending Investigation
"Lore, Pittacus",United As One,,,,Banned Pending Investigation
"Lorenz, Richard",Imogen Cunningham: Ideas Without End,,,,Banned Pending Investigation
"Lorenz-Coryell, Sarah",Polyamorous,,,2024-08,Banned By Restriction
"Lorenzi, Natalie Dias",A Long Pitch Home,Banned Pending Investigation,,2022-01,
"Lorenzi, Natalie Dias",Flying the Dragon,Banned Pending Investigation,,2022-01,
"Losure, Mary","Isaac the Alchemist: Secrets of Isaac Newton, Reveal'd",,,2022-10,Banned from Libraries
"Losure, Mary",Wild Boy: The Real Life of the Savage of Aveyron,,Candlewick,2025-04,Banned
"Lourie, Richard","Hunting the Devil: The Pursuit, Capture and Confession of the Most Savage Serial Killer in History",,,2023-02,Banned Pending Investigation
"Loutzenhiser, Katy",If You're Out There,,,2024-10,Banned
"Love, Bettina L.",We Want to Do More Than Survive: Abolitionist Teaching and the Pursuit of Educational Freedom,Banned in Classrooms,,2021-08,
"Love, Jessica",Julián at the Wedding,Banned Pending Investigation,,2021-12,Banned Pending Investigation | Banned
"Love, Jessica",Julián Is a Mermaid,Banned in Classrooms | Banned Pending Investigation,,2021-08,Banned from Libraries and Classrooms | Banned from Libraries | Banned By Restriction | Banned Pending Investigation | Banned
"Lovelace, Amanda",Unlock Your Storybook Heart,,,,Banned Pending Investigation
"Loveless, Gina",Puberty is Gross but Also Really Awesome,,,2022-09,Banned Pending Investigation | Banned
"Lowis, Kristina",50 Paintings You Should Know,,"Pickeral, Tamsin",2022-09,Banned Pending Investigation
"Lowry, Beverly",Who Killed These Girls?: The Unsolved Murders That Rocked a Texas Town,,,,Banned Pending Investigation
"Lowry, Lois",Messenger,,,2022-10,Banned from Libraries
"Lowry, Lois",The Giver,,,2022-10,Banned from Libraries | Banned
"Lowry, Lois",The Giver: Graphic Novel,,,2022-09,Banned Pending Investigation
"Lozhkina, Alisa",The Art of Ukraine,,,2025-04,Banned
"Lu, Marie",Champion,,,,Banned Pending Investigation
"Lu, Marie",Prodigy,,,,Banned Pending Investigation | Banned By Restriction
"Lu, Marie",Rebel,,,,Banned Pending Investigation
"Lu, Marie",The Midnight Star,,,,Banned By Restriction
"Lu, Marie",The Rose Society,,,,Banned By Restriction
"Lu, Marie",The Young Elites,,,,Banned By Restriction
"Lu, Marie",Warcross,,,,Banned Pending Investigation
"Lu, Marie",Wildcard,,,,Banned Pending Investigation
"Lubar, David","Character, Driven",,,,Banned Pending Investigation
"Lubbock, Jules",Storytelling in Christian Art from Biotto to Donatello,,,2022-09,Banned Pending Investigation
"Luby, Brittany",Encounter,Banned Pending Investigation,,2022-01,
"Lucas, Chad","Thanks a Lot, Universe",Banned in Libraries and Classrooms,,2021-11,Banned Pending Investigation
"Ludlum, Robert",The Bourne Identity,,,,Banned Pending Investigation | Banned
"Ludlum, Robert",The Bourne Supremacy,,,,Banned Pending Investigation | Banned
"Ludlum, Robert",The Bourne Ultimatum,,,,Banned Pending Investigation | Banned
"Ludwig, Trudy",The Invisible Boy,,,,Banned Pending Investigation
"Ludwig, Trudy",The Power of One: Every Act of Kindness Counts,Banned in Classrooms,,2021-08,
"Lukavics, Amy",Daughters Unto Devils,Banned Pending Investigation,,2021-12,Banned from Libraries | Banned | Banned By Restriction
"Lukavics, Amy",Nightingale,,,2025-06,Banned Pending Investigation
"Lukens, F. T.",In Deeper Waters,Banned Pending Investigation,,2022-02,Banned Pending Investigation | Banned
"Lukens, F. T.",Monster of the Week,,,2024-08,Banned By Restriction
"Lukens, F. T.",The Rules and Regulations for Mediating Myths & Magic,,,2024-08,Banned By Restriction
"Lukens, F.T.",Otherworldly,,,,Banned
"Lukens, FT",So This is Ever After,,,,Banned Pending Investigation
"Lukoff, Kyle",Call Me Max,Banned in Libraries and Classrooms,,2021-07,Banned By Restriction
"Lukoff, Kyle",Different Kinds of Fruit,,,2022-10,Banned from Libraries | Banned By Restriction | Banned
"Lukoff, Kyle",Too Bright to See,,,2022-07,Banned from Libraries | Banned Pending Investigation | Banned By Restriction | Banned
"Lukoff, Kyle",When Aidan Became a Brother,Banned in Libraries and Classrooms | Banned Pending Investigation,,2022-01,Banned from Libraries and Classrooms | Banned from Libraries | Banned Pending Investigation | Banned By Restriction | Banned
"Lumbard, Rabiah York",The Gift of Ramadan,Banned Pending Investigation,,2022-01,
"Lumiansky, R. M.",The Canterbury Tales of Geoffrey Chaucer: A New Modern English Prose Translation,,,2025-06,Banned
"Lumumba, Chokwe","Reparations, Yes!: The Legal And Political Reasons Why New Afrikans, Black People In North America, Should Be Paid Now For The Enslavement Of Our Ancestors",Banned in Classrooms,"Obadele, Imari Abubakari; Taifa, Nkechi",2021-08,
"Luna, Louisa",Brave New Girl,,,,Banned Pending Investigation
"Lund, Cameron",The Best Laid Plans,Banned Pending Investigation,,2022-05,Banned | Banned Pending Investigation
"Lund, Gerald N.",The Alliance,,,2025-02,Banned | Banned By Restriction
"Lund, Natalie",We Speak in Storms,,,,Banned Pending Investigation
"Lundin, Britta",Like Other Girls,,,2024-08,Banned By Restriction | Banned Pending Investigation
"Lundin, Britta",Ship It,Banned Pending Investigation,,2021-12,Banned Pending Investigation | Banned
"Lundin, Martha",Challenges for LGBTQ Teens,,,,Banned
"Lundin, Martha",Dealing with Gender Dysphoria,,,2024-08,Banned By Restriction
"Lundquist-Arora, Stephanie",Coping with Gender Fluidity,,,2024-08,Banned By Restriction | Banned
"Lupica, Mike",Bump and Run,,,,Banned By Restriction
"Lupica, Mike",Hero,,,2023-01,Banned from Libraries | Banned By Restriction
"Lurie, April",The Less-dead,Banned Pending Investigation,,2021-12,
"Luttrell, Marcus",Lone Survivor: The Eyewitness Account of Operation Redwing and the Lost Heroes of SEAL Team 10,,"Robinson, Patrick",,Banned Pending Investigation
"Lutz, Lisa",The Spellman Files,,,,Banned By Restriction
"Lutz, Lisa",The Swallows,,,2025-06,Banned Pending Investigation | Banned
Lyga Barry,Goth Girl Rising,,,2025-06,Banned Pending Investigation
"Lyga, Barry",Blood of my Blood,,,2024-10,Banned | Banned Pending Investigation
"Lyga, Barry",Boy Toy,,,2022-07,Banned from Libraries and Classrooms | Banned Pending Investigation | Banned By Restriction | Banned
"Lyga, Barry",Game,,,2024-10,Banned | Banned Pending Investigation
"Lyga, Barry",I Hunt Killers,,,2024-10,Banned | Banned Pending Investigation
"Lyga, Barry",Mangaman,,,2023-02,Banned Pending Investigation | Banned | Banned By Restriction
"Lyga, Barry",The Astonishing Adventures of Fanboy and Goth Girl,,,,Banned Pending Investigation
"Lyiscott, Jamila","Black Appetite. White Food.: Issues of Race, Voice, and Justice Within and Beyond the Classroom",Banned in Classrooms,,2021-08,
"Lynch, Chris",Iceman,,,,Banned
"Lynch, Chris",Inexcusable,,,,Banned Pending Investigation
"Lynch, Chris",Irreversible,,,2024-11,Banned By Restriction | Banned
"Lynch, Chris",Killing Time in Crystal City,,,,Banned Pending Investigation
"Lynch, Chris",The Right Fight,,,2025-02,Banned
"Lynch, Janet Nichols",Messed Up,,,,Banned Pending Investigation
"Lynch, Katherine",OMG Queer: Short Stories by Queer Youth,,Radclyffe,,Banned
"Lynn, Tracy",Rx,,,2025-02,Banned
"Lyon, George Ella",Dreamplace,,,,Banned Pending Investigation
"Lyon, George Ella",Sonny's House of Spies,Banned in Libraries | Banned Pending Investigation,,2021-12,Banned Pending Investigation | Banned
"Lyons, Kelly Starling",Going Down Home with Daddy,Banned Pending Investigation,,2022-01,
"Lyons, Kelly Starling","Sing a Song: How ""Lift Every Voice and Sing"" Inspired Generations",Banned in Classrooms | Banned Pending Investigation,,2021-08,
"Lyons, Mary E.",Sorrow's Kitchen: The Life and Folklore of Zora Neale Hurston,,,,Banned By Restriction
"Lyons, Mary E.",Stitching the Stars: The Story Quilts of Harriet Powers,,,2023-06,Banned from Libraries and Classrooms
M,"Death Note: L, Change the WorLd",,,2024-09,Banned
"Ma, Diana",Heiress Apparently,Banned Pending Investigation,,2022-02,
"Maas, Sarah J.",A Court of Frost and Starlight,Banned in Classrooms | Banned in Libraries | Banned Pending Investigation,,2021-10,Banned from Libraries and Classrooms | Banned Pending Investigation | Banned from Libraries | Banned | Banned By Restriction
"Maas, Sarah J.",A Court of Mist and Fury,Banned in Libraries | Banned in Libraries and Classrooms | Banned Pending Investigation,,2021-11,Banned from Libraries and Classrooms | Banned Pending Investigation | Banned from Libraries | Banned | Banned By Restriction
"Maas, Sarah J.",A Court of Silver Flames,Banned in Libraries and Classrooms | Banned Pending Investigation,,2021-11,Banned from Libraries and Classrooms | Banned Pending Investigation | Banned from Libraries | Banned | Banned By Restriction
"Maas, Sarah J.",A Court of Thorns and Roses,Banned in Libraries | Banned Pending Investigation,,2021-10,Banned from Libraries and Classrooms | Banned Pending Investigation | Banned from Libraries | Banned | Banned By Restriction
"Maas, Sarah J.",A Court of Wings and Ruin,Banned Pending Investigation,,2022-05,Banned from Libraries and Classrooms | Banned Pending Investigation | Banned from Libraries | Banned | Banned By Restriction
"Maas, Sarah J.",Catwoman: Soulstealer,,,2022-10,Banned from Libraries | Banned | Banned By Restriction
"Maas, Sarah J.",Corona de Medianoche,,,,Banned Pending Investigation
"Maas, Sarah J.",Crown of Midnight,,,2024-10,Banned | Banned Pending Investigation | Banned By Restriction
"Maas, Sarah J.",Empire of Storms,Banned Pending Investigation,,2022-05,Banned Pending Investigation | Banned from Libraries and Classrooms | Banned from Libraries | Banned | Banned By Restriction
"Maas, Sarah J.",Heir of Fire,,,2023-02,Banned Pending Investigation | Banned from Libraries | Banned | Banned By Restriction
"Maas, Sarah J.",House of Earth and Blood,Banned Pending Investigation,,2022-05,Banned Pending Investigation | Banned from Libraries and Classrooms | Banned | Banned By Restriction
"Maas, Sarah J.",House of Sky and Breath,Banned Pending Investigation,,2022-05,Banned from Libraries and Classrooms | Banned | Banned Pending Investigation
"Maas, Sarah J.",Imperio de Tormentas,,,,Banned Pending Investigation
"Maas, Sarah J.",Kingdom of Ash,,,2022-10,Banned Pending Investigation | Banned from Libraries and Classrooms | Banned | Banned By Restriction
"Maas, Sarah J.",Queen of Shadows,,,2022-11,Banned from Libraries | Banned Pending Investigation | Banned | Banned By Restriction
"Maas, Sarah J.",Reino de Cenizas,,,,Banned Pending Investigation
"Maas, Sarah J.",The Assassin's Blade,,,2023-02,Banned Pending Investigation | Banned | Banned By Restriction
"Maas, Sarah J.",Throne of Glass,,,2023-02,Banned Pending Investigation | Banned from Libraries | Banned | Banned By Restriction
"Maas, Sarah J.",Torre del Alba,,,,Banned Pending Investigation
"Maas, Sarah J.",Tower of Dawn,,,2022-09,Banned Pending Investigation | Banned from Libraries and Classrooms | Banned | Banned By Restriction
"Maas, Sarah J.",Trono de cristal,,,2025-04,Banned
"Maberry, Jonathan",Rot & Ruin: Warrior Smart,,"Vargas, Tony",2025-04,Banned
"Maberry, Jonathan",The Dragon Factory,,,,Banned Pending Investigation
"Mabry, Samantha","Tigers, Not Daughters",,,,Banned Pending Investigation
"Mac, Carrie",10 Things I Can See from Here,Banned Pending Investigation,,2021-12,Banned Pending Investigation
"Mac, Carrie",Charmed,Banned Pending Investigation,,2021-11,
"Mac, Carrie",Crush,Banned Pending Investigation,,2021-12,
"Mac, Carrie",Crush (CM),,,2025-04,Banned
"Mac, Carrie",The Way Back,Banned in Libraries,,2021-12,
"Macaulay, David",The Way We Work: Getting to Know the Amazing Human Body,,,2024-12,Banned | Banned Pending Investigation
"Macauley, David",Mosque,,,2025-02,Banned
"Maccarone, Grace",A Child Was Born: A Christmas Story,,,2023-06,Banned from Libraries and Classrooms
"MacColl, Michaela",The Revelation of Louisa May,,,2025-04,Banned
"MacCullough, Carolyn",Falling Through Darkness,,,2024-09,Banned
"MacDonald, Ann-Marie",Fall on Your Knees,,,,Banned Pending Investigation
"MacDonald, Anne Louise",Seeing Red,,,2025-02,Banned
"MacDonald, Charles Brown",Company Commander: The Classic Infantry Memoir of World War II,,,,Banned By Restriction
"Macdonald, Fiona",A Medieval Cathedral,,,2023-06,Banned from Libraries and Classrooms
"Macdonald, Fiona",First Facts about the Ancient Greeks,,"Salariya, David",2025-02,Banned
"Macdonald, Fiona",First Facts about the Ancient Romans,,,2025-02,Banned
"Macdonald, Fiona",Gods & Goddesses in the Daily Life of the Ancient Greeks,,,2025-04,Banned
"Macdonald, Fiona",You Wouldn't Want to be a Slave in Greece!: A Life You'd Rather Not Have,,"Salariya, David",2025-02,Banned
"MacDonald, Michael Patrick",Easter Rising: A Memoir of Roots and Rebellion,,,,Banned Pending Investigation
"MacFarlane, Rachael","Harrison Dwight, Ballerina and Knight",,,,Banned Pending Investigation
"MacGill-Callahan, Sheila",And Still the Turtle Watched,Banned Pending Investigation,,2022-01,
"MacGregor, Maya",The Many Half-Lived Lives of Sam Sylvester,,,2024-08,Banned By Restriction | Banned
"Machado, Carmen Maria",In the Dream House,Banned in Classrooms | Banned in Libraries,,2021-09,
"Machado, Carmen Maria","The Low, Low Woods",,,2022-09,Banned Pending Investigation | Banned
"Machias, Jules",Both Can Be True,,,2022-07,Banned from Libraries | Banned By Restriction | Banned | Banned Pending Investigation
"Macias, Maryann Jacob",Téo's Tutu,,,2024-08,Banned
"Mackay, Jenny",The Columbine School Shootings,,,2025-02,Banned
"Mackel, Kathy",Boost,,,,Banned By Restriction
"Mackler, Carolyn",Guyaholic,,,2022-09,Banned Pending Investigation | Banned from Libraries and Classrooms | Banned
"Mackler, Carolyn",Tangled,,,,Banned Pending Investigation
"Mackler, Carolyn","The Earth, My Butt, and Other Big Round Things",,,,Banned
"Mackler, Carolyn","Vegan, Virgin, Valentine",,,2025-06,Banned Pending Investigation | Banned
"Maclear, Kyo",It Began with a Page: How Gyo Fujikawa Drew the Way,Banned Pending Investigation,,2022-01,
"Maclear, Kyo",Operatic,,,,Banned
"Macmillan, Gilly",The Perfect Girl,,,,Banned By Restriction
"Macomber, Debbie",92 Pacific Boulevard,,,,Banned By Restriction
"Macomber, Debbie",Orchard Valley Grooms,,,,Banned By Restriction
"MacTire, Norwyn",The Ghost Runner,,,,Banned Pending Investigation
"Madaras, Lynda","Ready, Set, Grow!: A ""What's Happening to My Body?"" Book for Younger Girls",,"Davick, Linda",2025-04,Banned
"Madaras, Lynda",The What's Happening to My Body? Book for Girls: A Growing-up Guide for Parents and Daughters,,Newmarket Press,2025-04,Banned
"Madison, Bennett",September Girls,,,,Banned Pending Investigation | Banned
"Madison, Cheri C.",Nevada's Red Rock Canyon : The Story Behind the Scenery,,,,Banned By Restriction
"Madison, Megan",Our Skin: A First Conversation About Race,Banned in Libraries,"Ralli, Jessica",2021-09,Banned
"Madison, Megan",Yes! No! A First Conversation about Consent,,"Ralli, Jessica",2024-08,Banned
"Madrone, Kelly Huegel","LGBTQ: The Survival Guide for Lesbian, Gay, Bisexual, Transgender, and Questioning Teens",,,2024-08,Banned By Restriction
"Mafi, Tahereh",All This Twisted Glory,,,,Banned Pending Investigation
"Mafi, Tahereh",Believe Me,,,2025-04,Banned
"Mafi, Tahereh",Defy Me,,,2023-01,Banned from Libraries and Classrooms | Banned | Banned Pending Investigation
"Mafi, Tahereh",Destroy Me,,,2025-04,Banned | Banned Pending Investigation
"Mafi, Tahereh",Find Me,,,2025-04,Banned | Banned Pending Investigation
"Mafi, Tahereh",Ignite Me,,,2023-01,Banned from Libraries and Classrooms | Banned | Banned Pending Investigation
"Mafi, Tahereh",Imagine Me,,,2023-01,Banned from Libraries and Classrooms | Banned | Banned Pending Investigation
"Mafi, Tahereh",Restore Me,,,2023-01,Banned from Libraries and Classrooms | Banned | Banned Pending Investigation
"Mafi, Tahereh",Shatter Me,,,2023-01,Banned from Libraries and Classrooms | Banned | Banned Pending Investigation | Banned By Restriction
"Mafi, Tahereh",Unite Me,,,2025-04,Banned | Banned Pending Investigation
"Mafi, Tahereh",Unravel Me,Banned Pending Investigation,,2022-04,Banned Pending Investigation | Banned from Libraries and Classrooms | Banned from Libraries | Banned | Banned By Restriction
"Magary, Drew",The Hike,,,,Banned By Restriction
"Magoon, Kekla",37 Things I Love (in no particular order),,,2025-06,Banned Pending Investigation | Banned
"Magoon, Kekla",How It Went Down,,,,Banned Pending Investigation
"Magoon, Kekla",Light It Up,,,2022-08,Banned from Libraries | Banned Pending Investigation | Banned By Restriction
"Magoon, Kekla",The Season of Styx Malone,,,,Banned Pending Investigation
"Maguire, Gregory",Cress Watercress,,,,Banned By Restriction
"Maguire, Gregory","Mirror, Mirror",,,2025-02,Banned
"Maguire, Gregory",Son of a Witch,,,,Banned Pending Investigation
"Maguire, Gregory",Wicked: Memorias de una bruja mala,,,,Banned Pending Investigation
"Maguire, Gregory",Wicked: The Life and Times of the Wicked Witch of the West,,,2022-12,Banned Pending Investigation | Banned from Libraries and Classrooms | Banned | Banned By Restriction
"Mahin, Michael James",When Angels Sing: The Story of Rock Legend Carlos Santana,Banned Pending Investigation,,2022-01,
"Mahoney, Meagan",Meranda and the Legend of the Lake,,,2024-11,Banned
"Mahurin, Shelby",Blood and Honey,,,2024-08,Banned | Banned Pending Investigation
"Mahurin, Shelby",Gods and Monsters,,,,Banned
"Mahurin, Shelby",Serpent and Dove,,,,Banned
"Mailer, Norman",The Executioner's Song,,,,Banned
"Maillard, Kevin Noble",Fry Bread: A Native American Family Story,Banned in Classrooms | Banned Pending Investigation,,2021-08,
"Mair, George",Oprah Winfrey: The Real Story,,,,Banned Pending Investigation
"Maison, Corey",Identity: A Story of Transitioning,Banned Pending Investigation,"Anthony, Zuiker",2021-12,Banned By Restriction | Banned
"Majumdar, Megha",A Burning,,,,Banned
"Makino, Aoi",Not Your Idol,,,2025-01,Banned
"Malam, John",Giants,,,,Banned Pending Investigation
"Malam, John",Gods and Goddesses,,,2025-04,Banned
"Malamud, Bernard",The Fixer,,,,Banned
"Malamud, Bernard",The Fixer (BM),,,2024-10,Banned | Banned By Restriction | Banned Pending Investigation
"Malamud, Bernard",The Natural,,,,Banned By Restriction
"Maldonado, Crystal","Fat Chance, Charlie Vega",,,,Banned By Restriction
"Maldonado, Crystal",The Fall of Whit Rivera,,,2025-03,Banned
"Malerman, Josh",Bird Box,,,2022-10,Banned Pending Investigation
"Malik, Kenan",Strange Fruit: Why Both Sides Are Wrong in the Race Debate,Banned Pending Investigation,,2021-11,
"Malle, Mirion",The League of Super Feminists,,,2022-09,Banned Pending Investigation | Banned
"Mallegg, Kristin","Novels for Students, Vol. 55",,,,Banned Pending Investigation
"Malory, Sir Thomas",King Arthur and the Knights of the Round Table (STM),,,,Banned By Restriction
"Malti-Douglas, Fedwa",Encyclopedia of Sex & Gender: 4 Volume Set,Banned Pending Investigation,,2022-02,
"Mamet, David",Glengarry Glen Ross,,,,Banned By Restriction
"Man, Chella",Continuum,,,,Banned
"Manchego, Chelo",The Want Monsters: And How They Stopped Ruling My World,,,,Banned By Restriction
"Mancusi, Mari",The Once And Future Geek,,,,Banned By Restriction
"Mandanna, Sangu",Color Outside the Lines: Stories About Love,,"Ahmed, Samira; Chapman, Elsie; Gibaldi, Lauren; Kang, Lydia; Keil, Michelle Ruiz; Lee, Lori M.; McKinney, L.L.; McLemore, Anna-Marie; Paige, Danielle; Riazi, Karuna; Richmond, Caroline Tung; Silvera, Adam; Sim, Tara; Smith, Eric; Zekas, Kelly; Shanker, Tarun",,Banned Pending Investigation
"Mandel, Emily St. John",Station Eleven,,,2024-10,Banned | Banned By Restriction
"Manetta, Lara Stewart",Bisexual and Pansexual,,,2024-08,Banned By Restriction
"Maniscalco, Kerri",Kingdom of the Cursed,,,2024-10,Banned | Banned By Restriction | Banned Pending Investigation
"Maniscalco, Kerri",Kingdom of the Feared,,,2024-10,Banned | Banned By Restriction
"Maniscalco, Kerri",Kingdom of the Wicked (KM),,NOT THE ONE ALREADY IN INDEX,2024-10,Banned
"Mann, Jennifer Ann / Mann, J. Albert",The Degenerates,,,2024-10,Banned
"Manta, Karina",On Top of Glass: My Stories as a Queer Girl in Figure Skating,,,2024-08,Banned By Restriction
"Manushkin, Fran",Miriam's Cup: A Passover Story,,,2023-06,Banned from Libraries and Classrooms
"Manushkin, Fran",Plenty of Hugs,,,,Banned By Restriction
"Manzer, Jenny",My Life as a Diamond,Banned Pending Investigation,,2021-12,Banned By Restriction | Banned | Banned Pending Investigation
"Mapua, Jeff",Lana Wachowski,,,2024-08,Banned By Restriction | Banned
"Mar, Jonathan",The Body Book for Boys,,"Norwich, Grace; Paley, Rebecca",2025-04,Banned
"Maracho, Cristina",Good Idea,,,,Banned Pending Investigation
"Marchant, Kerena",Krishna and Hindusm,,,2025-02,Banned
"Marchant, Kerena",Muhanmmad and Islam,,,2025-02,Banned
"Marchant, Kerena",The Buddha and Buddhism,,,2025-02,Banned
"Marcovitz, Hal",Surrealism,,,2025-02,Banned
"Marcovitz, Hal",Teens & LGBT Issues,,,,Banned
"Marcovitz, Hal",Teens & Sex,Banned in Libraries,,2021-12,
"Marcovitz, Hal",Violence Against the LGBTQ Community,,,2024-08,Banned By Restriction
"Marcus, Eric",Is It A Choice? Answers to the Most Frequently Asked Questions About Gay and Lesbian People,,,2024-08,Banned Pending Investigation
"Marcus, Eric",What If Someone I Know is Gay? Answers to Questions About What It Means to be Gay and Lesbian?,,,2024-08,Banned Pending Investigation
"Mardell, Ashley",The ABC's of LGBT+,Banned in Libraries and Classrooms,,2022-02,Banned By Restriction | Banned
"Marillier, Juliet",Daughter of the Forest,,,,Banned Pending Investigation
"Marin, Cheech",Chicano Visions: American Painters on the Verge,,,2025-04,Banned
MariNaomi,Losing the Girl: Book 1 (Life on Earth),Banned in Libraries and Classrooms,,2021-11,
"Marino, Andy",Autonomous,,,2024-11,Banned | Banned Pending Investigation
"Marino, Andy",Escape from Chernobyl,,,,Banned By Restriction
"Mark, Jan",God's Story,,,2023-06,Banned from Libraries and Classrooms
"Markandaya, Kamala",Nectar in a Sieve,,,,Banned By Restriction
"Markham, Wendy",Slightly Single,,,,Banned Pending Investigation
"Markotic, Nicole",Rough Patch,,,2024-08,Banned By Restriction
"Markovics, Joyce",Deserted Prisons,,,2023-02,Banned from Libraries
"Marks, Darcy",Grounded for All Eternity,,,2024-11,Banned
"Marks, Janae",From the Desk of Zoe Washington,,,,Banned Pending Investigation
"Marley, Bob","Get Up, Stand Up",Banned in Classrooms,"Marley Booker, Cedella",2021-08,
"Maroh, Julie",Blue Is the Warmest Color,Banned in Libraries and Classrooms,,2022-04,Banned | Banned Pending Investigation
"Marr, Melissa",Fragile Eternity,,,,Banned Pending Investigation
"Marr, Melissa",Ink Exchange,,,2025-05,Banned Pending Investigation | Banned
"Marr, Melissa",Wicked Lovely,,,,Banned By Restriction
"Marrin, Albert",A Volcano Beneath the Snow: John Brown's War Against Slavery,,,,Banned Pending Investigation
"Marrin, Albert",Thomas Paine: Crusader for Liberty,,,,Banned Pending Investigation
"Marsalis, Wynton","Squeak, Rumble, Whomp! Whomp! Whomp!: A Sonic Adventure",Banned in Classrooms,,2021-08,
"Marsden, Carolyn",The Gold-Threaded Dress,Banned Pending Investigation,,2022-01,
"Marsden, John",A Killing Frost,,,,Banned Pending Investigation
"Marsden, John",Burning for Revenge,,,,Banned Pending Investigation
"Marsden, John","Darkness, Be My Friend",,,,Banned Pending Investigation
"Marsden, John",The Dead of Night,,,,Banned Pending Investigation
"Marsden, John",The Night Is For Hunting,,,,Banned Pending Investigation
"Marsden, John",The Other Side of Dawn,,,,Banned Pending Investigation
"Marsden, John","Tomorrow, When the War Began",,,2024-12,Banned | Banned Pending Investigation
"Marsh, Ngaio",Black As He's Painted,,,2024-08,Banned By Restriction
"Marsh, Nicola",The Boy Toy,,,2023-04,Banned Pending Investigation
"Marsh, Sarah Glenn",Reign of the Fallen,,,2024-08,Banned By Restriction
"Marsh, Sarah Glenn",Song of the Dead,,,2024-08,Banned By Restriction
"Marsh, Sarah Glenn",The Girls Are Never Gone,Banned Pending Investigation,,2022-02,Banned By Restriction
"Marshall, David",Explorers,,,2025-02,Banned
"Martel, Yann",Life of Pi,,,2025-06,Banned | Banned Pending Investigation
"Martell, Hazel Mary",Myths and Civilization of the Ancient Greeks,,Studio Stalio,2025-02,Banned
"Martin Jr., Bill",Knots on a Counting Rope,Banned Pending Investigation,"Archambault, John",2022-01,
"Martin, Ann M.",Boy-Crazy Stacey,Banned in Libraries,,2022-05,
"Martin, George R. R.",A Clash of Kings,,,2022-09,Banned from Libraries and Classrooms | Banned Pending Investigation | Banned | Banned By Restriction
"Martin, George R. R.",A Dance with Dragons,,,2022-09,Banned from Libraries and Classrooms | Banned | Banned Pending Investigation | Banned By Restriction
"Martin, George R. R.",A Feast for Crows,,,2022-09,Banned from Libraries and Classrooms | Banned Pending Investigation | Banned | Banned By Restriction
"Martin, George R. R.",A Game of Thrones,,,2022-09,Banned from Libraries and Classrooms | Banned | Banned Pending Investigation | Banned By Restriction
"Martin, George R. R.","A Game of Thrones: The Graphic Novel, Vol. 1",,"Abraham, Daniel",2022-09,Banned from Libraries | Banned
"Martin, George R. R.","A Game of Thrones: The Graphic Novel, Vol. 2",,"Abraham, Daniel",2022-09,Banned from Libraries | Banned
"Martin, George R. R.","A Game of Thrones: The Graphic Novel, Vol. 3",,"Abraham, Daniel",2022-09,Banned from Libraries | Banned
"Martin, George R. R.","A Game of Thrones: The Graphic Novel, Vol. 4",,"Abraham, Daniel",2022-09,Banned from Libraries | Banned
"Martin, George R. R.",A Knight of the Seven Kingdoms,,,,Banned
"Martin, George R. R.",A Storm of Swords,,,2022-10,Banned from Libraries and Classrooms | Banned Pending Investigation | Banned | Banned By Restriction
"Martin, George R. R.",Choque de Reyes,,"Martin, George R. R.",2025-06,Banned
"Martin, George R. R.",The Mystery Knight,,"Avery, Ben",,Banned By Restriction
"Martin, George R. R.",The Official a Game of Thrones Coloring Book: An Adult Coloring Book,,,,Banned By Restriction
"Martin, Jo",Drug Use & the Family,,"Clendenon, Kelly",2025-02,Banned
"Martin, Michael",Near-Death Experiences,,,2025-01,Banned
"Martin, Rafe",The Rough-Face Girl,Banned Pending Investigation,,2022-01,
"Martin, Steve",Shopgirl,,,,Banned
"Martinez-Neal, Juana",Alma and How She Got Her Name,Banned in Classrooms | Banned Pending Investigation,,2021-08,
"Martins, Vitor",Here the Whole Time,Banned Pending Investigation,,2022-02,
"Martling, Jackie","Jackie ""The Joke Man"" Martling's Disgustingly Dirty Joke Book",,,,Banned Pending Investigation
"Marx, David F.",Thanksgiving,,,2025-02,Banned
"Marzilli, Alan",Physician-Assisted Suicide,,,2025-02,Banned
"Marzollo, Jean",Ruth and Naomi: A Bible Story,,,2023-06,Banned from Libraries and Classrooms
"Mashima, Hiro",Fairy Tail,,,2024-09,Banned
"Mashima, Hiro","Fairy Tail, Vol. 1",,,2025-06,Banned Pending Investigation | Banned
"Mashima, Hiro","Fairy Tail, Vol. 2",,,2025-06,Banned Pending Investigation | Banned
"Mashima, Hiro","Fairy Tail, Vol. 5",,,2025-06,Banned Pending Investigation | Banned
"Maskame, Estelle",Did I Mention I Need You?,Banned in Libraries and Classrooms,,2021-11,
"Mason, Antony",A History of Western Art: From Prehistory to the 20th Century,,"Spike, John T.",2024-08,Banned
"Mason, Jane B.",Without Annette,,,2025-06,Banned Pending Investigation | Banned
"Mass, Wendy",Discovering Mythology - Gods and Goddesses,,,2022-09,Banned Pending Investigation
"Massenet, Jules",Cendrillon (Opera),,"Caïn, Henri",,Banned Pending Investigation
"Masterson, Lisa M.",Paper Dollhouse: A Memoir,,,,Banned By Restriction
"Mathabane, Mark",Kaffir Boy: An Autobiography - The True Story of a Black Youth's Coming of Age in Apartheid South Africa,,,2025-06,Banned Pending Investigation | Banned | Banned By Restriction
"Matharu, Taran",The Outcast,,,2023-03,Banned from Libraries
"Mather, Anne",Strange Intimacy,,,,Banned Pending Investigation
"Mather, Janice Lynn",Learning to Breathe,,,2025-05,Banned | Banned Pending Investigation
"Mathieu, Jennifer",Afterward,,,,Banned Pending Investigation
"Mathieu, Jennifer",Bad Girls Never Say Die,,,2024-08,Banned
"Mathieu, Jennifer",Moxie,,,2025-03,Banned By Restriction | Banned Pending Investigation
"Mathieu, Jennifer",The Liars of Mariposa Island,,,2025-03,Banned
"Mathieu, Jennifer",The Truth About Alice: A Novel,Banned Pending Investigation | Banned in Libraries | Banned in Libraries and Classrooms,,2021-11,Banned Pending Investigation | Banned from Libraries and Classrooms | Banned from Libraries | Banned | Banned By Restriction
"Mathis, Ayana",The Twelve Tribes of Hattie,,,,Banned Pending Investigation
"Matson, Morgan",Amy and Roger's Epic Detour,,,2023-03,Banned from Libraries | Banned Pending Investigation
"Matson, Morgan",Since You've Been Gone,,,,Banned Pending Investigation
"Matson, Morgan",The Unexpected Everything,,,,Banned Pending Investigation
"Matsui, Yūsei",Assassination Classroom,,,2022-09,Banned Pending Investigation | Banned | Banned from Libraries and Classrooms | Banned By Restriction
"Matsui, Yūsei","Assassination Classroom, Vol. 1",,,2023-02,Banned Pending Investigation | Banned from Libraries and Classrooms | Banned | Banned By Restriction
"Matsui, Yūsei","Assassination Classroom, Vol. 10",,,2023-05,Banned from Libraries and Classrooms | Banned By Restriction | Banned Pending Investigation
"Matsui, Yūsei","Assassination Classroom, Vol. 11",,,2023-03,Banned from Libraries and Classrooms | Banned | Banned By Restriction | Banned Pending Investigation
"Matsui, Yūsei","Assassination Classroom, Vol. 12",,,2023-05,Banned from Libraries and Classrooms | Banned Pending Investigation
"Matsui, Yūsei","Assassination Classroom, Vol. 13",,,2023-05,Banned from Libraries and Classrooms | Banned Pending Investigation
"Matsui, Yūsei","Assassination Classroom, Vol. 14",,,2023-05,Banned from Libraries and Classrooms | Banned Pending Investigation
"Matsui, Yūsei","Assassination Classroom, Vol. 15",,,2023-05,Banned from Libraries and Classrooms | Banned Pending Investigation
"Matsui, Yūsei","Assassination Classroom, Vol. 16",,,2023-05,Banned from Libraries and Classrooms | Banned Pending Investigation
"Matsui, Yūsei","Assassination Classroom, Vol. 17",,,2023-05,Banned from Libraries and Classrooms | Banned Pending Investigation
"Matsui, Yūsei","Assassination Classroom, Vol. 18",,,2023-05,Banned from Libraries and Classrooms | Banned Pending Investigation
"Matsui, Yūsei","Assassination Classroom, Vol. 19",,,2023-03,Banned from Libraries and Classrooms | Banned Pending Investigation
"Matsui, Yūsei","Assassination Classroom, Vol. 2",,,2023-02,Banned Pending Investigation | Banned from Libraries and Classrooms | Banned | Banned By Restriction
"Matsui, Yūsei","Assassination Classroom, Vol. 20",,,2023-05,Banned from Libraries and Classrooms | Banned Pending Investigation
"Matsui, Yūsei","Assassination Classroom, Vol. 21",,,2023-03,Banned from Libraries and Classrooms | Banned Pending Investigation
"Matsui, Yūsei","Assassination Classroom, Vol. 3",,,2023-02,Banned Pending Investigation | Banned from Libraries and Classrooms | Banned | Banned By Restriction
"Matsui, Yūsei","Assassination Classroom, Vol. 4",,,2023-02,Banned Pending Investigation | Banned from Libraries and Classrooms | Banned | Banned By Restriction
"Matsui, Yūsei","Assassination Classroom, Vol. 5",,,2023-02,Banned Pending Investigation | Banned from Libraries and Classrooms | Banned | Banned By Restriction
"Matsui, Yūsei","Assassination Classroom, Vol. 6",,,2023-02,Banned Pending Investigation | Banned from Libraries and Classrooms | Banned | Banned By Restriction
"Matsui, Yūsei","Assassination Classroom, Vol. 7",,,2023-02,Banned Pending Investigation | Banned from Libraries and Classrooms | Banned | Banned By Restriction
"Matsui, Yūsei","Assassination Classroom, Vol. 8",,,2023-05,Banned from Libraries and Classrooms | Banned | Banned By Restriction | Banned Pending Investigation
"Matsui, Yūsei","Assassination Classroom, Vol. 9",,,2023-05,Banned from Libraries and Classrooms | Banned By Restriction | Banned Pending Investigation
"Mattern, Joanne",Mystics and Psychics,,,2025-02,Banned
"Maupin, Armistead",Tales of the City,,,,Banned Pending Investigation
"Maxwell, Arthur",The Bible Story,,,2023-06,Banned from Libraries and Classrooms
"Maxwell, Robin",The Secret Diary of Anne Boleyn,,,,Banned By Restriction
"Mayhew, Julie",Red Ink,,,2024-10,Banned
"Maysonet, Melody",A Work of Art,,,2024-10,Banned
"Mazer, Norma Fox",The Missing Girl,,,,Banned Pending Investigation
"Mazer, Norma Fox",When She Was Good,,,,Banned
"Mbalia, Kwame",Black Boy Joy: 17 Stories Celebrating Black Boyhood,,,,Banned Pending Investigation
"Mbalia, Kwame",Tristan Strong Punches a Hole in the Sky,,,2025-04,Banned By Restriction
"Mbue, Imbolo",How Beautiful We Were,Banned in Libraries and Classrooms,,2022-04,
"McAdam, Tash",Airlock,,,2024-08,Banned By Restriction | Banned
"McAdam, Tash",Blood Sport,Banned Pending Investigation,,2021-12,Banned By Restriction
"McAdam, Tash",No One Left But You,,,,Banned
"McAdam, Tash",Sink or Swim,,,2024-08,Banned By Restriction | Banned
"McAdams, Molly",From Ashes,,,,Banned
"McAnulty, Stacy",The Miscalculations of Lightning Girl,,,,Banned Pending Investigation
"McBride, James",The Good Lord Bird,,,,Banned By Restriction
"McBride, Lish",Firebug,,,2022-10,Banned from Libraries
"McBride, Lish","Hold Me Closer, Necromancer",,,2024-11,Banned
"McBride, Lish",Necromancing the Stone,,,2025-01,Banned
"McBride, Sarah","Tomorrow Will Be Different: Love, Loss, and the Fight for Trans Equality",Banned Pending Investigation,,2021-12,Banned By Restriction | Banned
"McCafferty, Megan",Bumped,,,2022-09,Banned Pending Investigation | Banned from Libraries and Classrooms | Banned | Banned By Restriction
"McCafferty, Megan",Perfect Fifths,,,,Banned By Restriction
"McCafferty, Megan",Second Helpings,,,,Banned By Restriction
"McCafferty, Megan",Sloppy Firsts,Banned in Libraries and Classrooms | Banned Pending Investigation | Banned in Libraries,,2022-01,Banned Pending Investigation | Banned from Libraries | Banned
"McCaffrey, Anne",Dragonflight,,,,Banned Pending Investigation
"McCaffrey, Anne",Dragonquest,,,,Banned Pending Investigation
"McCaffrey, Anne",Dragonseye,,,,Banned Pending Investigation
"McCaffrey, Anne",Freedom's Choice,,,,Banned By Restriction
"McCaffrey, Anne","Moreta, Dragonlady of Pern",,,,Banned Pending Investigation
"McCaffrey, Anne",The Renegades of Pern,,,,Banned Pending Investigation
"McCaffrey, Anne",The White Dragon,,,,Banned Pending Investigation
"McCarthy, Andrew",Just Fly Away,,,,Banned Pending Investigation
"McCarthy, Cormac",All the Pretty Horses,,,2024-10,Banned By Restriction
"McCarthy, Cormac","Blood Meridian, or, The Evening Redness in the West",,,,Banned Pending Investigation | Banned By Restriction
"McCarthy, Cormac",No Country for Old Men,,,,Banned By Restriction
"McCarthy, Cormac",Outer Dark,,,,Banned By Restriction
"McCarthy, Cormac",The Road,,,,Banned Pending Investigation
"McCarthy, Cory",Man o' War,,,2022-11,Banned from Libraries and Classrooms | Banned Pending Investigation | Banned By Restriction | Banned
"McCarthy, Helen",A Brief History of Manga,,,2022-09,Banned Pending Investigation
"McCarthy, Mary",How I Grew,,,,Banned Pending Investigation
"McCarthy, Rose",Gender Dysphoria,,,,Banned
"McCartney, Mary",Mary McCartney: From Where I Stand,,Harry N. Abrams,2025-04,Banned
"McCaughrean, Geraldine",God's People: Stories from the Old Testament,,,2023-06,Banned from Libraries and Classrooms
"McCaughrean, Geraldine",The White Darkness,,,,Banned Pending Investigation
"McCaughrean, Geraldine",Where the World Ends,,,,Banned Pending Investigation
"McClintick, Joanna",Twas the Night Before Pride,,,,Banned
"McClintock, Norah",Masked,Banned in Libraries | Banned Pending Investigation,,2021-12,Banned Pending Investigation
"McCorkle, Jill",Ferris Beach,,,,Banned
"McCormick, Anita Louise",Everything You Need to Know About Nonbinary Gender Identities,,,,Banned
"McCormick, Patricia",Cut,,,2023-02,Banned Pending Investigation | Banned
"McCormick, Patricia",Never Fall Down,,,2025-06,Banned By Restriction | Banned
"McCormick, Patricia",Sold,Banned Pending Investigation | Banned in Libraries and Classrooms | Banned in Libraries,,2021-11,Banned from Libraries and Classrooms | Banned Pending Investigation | Banned from Libraries | Banned | Banned By Restriction
"McCourt, Frank",Angela's Ashes: A Memoir,,,,Banned Pending Investigation | Banned
"McCoy, Kathy",The Teenage Body Book,Banned in Libraries,"Wibbelsman, Charles",2021-12,
"McCoy, Mary","I, Claudia",,,2024-12,Banned
"McCoy, Mary",Indestructible Object,Banned Pending Investigation,,2022-02,
"McCrary Boyd, Blanche",The Revolution of Little Girls,,,,Banned Pending Investigation
"McCreery, Conor","Kill Shakespeare, Vol. 2",,"Del Col, Anthony",2025-04,Banned
"McCreery, Conor","Kill Shakespeare, Vol. 3 - The Tide of Blood",,"Del Col, Anthony",2025-04,Banned
"McCreery, Conor","Kill Shakespeare, Vol. 4 - The Mask of Night",,"Del Col, Anthony",2025-04,Banned
"McCuen, Gary E.",Abortion: Violence & Extremism,,,2025-02,Banned
"McCuen, Gary E.",Doctor Assisted Suicide and the Euthanasia Movement,,,2025-02,Banned
"McCuen, Gary E.",The Militia Movement and Hate Groups in America,,,2025-02,Banned
"McCullers, Carson",The Member of the Wedding,,,,Banned By Restriction
"McCullouch, Amy",Breathless (AM),,,,Banned
"McCullough, Colleen",The Thorn Birds,,,,Banned By Restriction
"McCullough, Joy",Blood Water Paint,Banned in Libraries and Classrooms,,2021-11,Banned | Banned Pending Investigation
"McCurdy, Jennette",I'm Glad My Mom Died,,,2024-10,Banned | Banned Pending Investigation
"McDaniel, Breanna J.",Hands Up!,Banned in Classrooms,,2021-08,Banned Pending Investigation
"McDonagh, Martin",The Beauty Queen of Leenane,,,,Banned By Restriction
"McDonald, Abby","Boys, Bears, and a Serious Pair of Hiking Boots",,,,Banned By Restriction
"McDonald, Abby",Sophomore Switch,,,,Banned Pending Investigation
"McDonald, Briana",Pepper's Rules for Secret Sleuthing,,,,Banned Pending Investigation
"McDonald, Megan",Stink-O-Pedia: Super Stink-Y Stuff From A to Zzzzz,,,2025-02,Banned
"McDonald, Wren",Sp4rx,,,2022-09,Banned Pending Investigation
"McDonough, Yona Zeldis",What Was the Underground Railroad?,Banned in Classrooms,,2021-08,
"McDowell, Bart","Gypsies, Wanderers of the World",,,,Banned Pending Investigation
"McDunn, Gillian",These Unlucky Stars,,,2024-08,Banned By Restriction
"McEwan, Ian",Amsterdam,,,,Banned By Restriction
"McEwan, Ian",Atonement,,,,Banned | Banned Pending Investigation
"McEwan, Ian",On Chesil Beach,,,,Banned By Restriction
"McFarland, Rhoda",Cocaine,,,2025-02,Banned
"McFarland, Rhoda",Drugs and Your Parents,,,2025-02,Banned
"McFerran, Shannon",Synchro Boy,Banned Pending Investigation,,2022-02,Banned By Restriction
"McGarry, Katie",Crash into You (KM),,,2024-10,Banned
"McGarry, Katie",Dare You To,,,2024-10,Banned
"McGarry, Katie",Long Way Home,,,2024-10,Banned
"McGarry, Katie",Nowhere But Here,,,2024-10,Banned
"McGarry, Katie",Only A Breath Apart,,,2024-10,Banned
"McGarry, Katie",Pushing the Limits (KM),,,2024-10,Banned | Banned Pending Investigation
"McGarry, Katie",Say You'll Remember Me,,,2024-10,Banned
"McGarry, Katie",Take Me On,,,2024-10,Banned
"McGarry, Katie",Walk the Edge,,,2024-10,Banned
"McGee, Katharine",American Royals,,,,Banned Pending Investigation
"McGee, Katharine",Majesty,,,,Banned By Restriction
"McGee, Katharine",Reign,,,,Banned By Restriction
"McGee, Katharine",Rivals,,,,Banned By Restriction
"McGee, Katharine",The Dazzling Heights,,,2022-10,Banned from Libraries
"McGee, Katharine",The Thousandth Floor,,,2022-10,Banned from Libraries | Banned Pending Investigation | Banned
"McGee, Katharine",The Towering Sky,,,2022-10,Banned from Libraries
"McGhee, Heather C.",The Sum of Us: How Racism Hurts Everyone (Adapted for young readers),,,,Banned
"McGhee, Holly M.",Come with Me,Banned in Classrooms,,2021-08,
"McGinity, Larry",The Early 20th Century,,,2025-03,Banned
"McGinnis, Mindy",A Long Stretch of Bad Days,,,2024-10,Banned
"McGinnis, Mindy",A Madness So Discreet,,,,Banned Pending Investigation | Banned
"McGinnis, Mindy",Be Not Far From Me,,,2025-05,Banned | Banned Pending Investigation
"McGinnis, Mindy",Heroine,Banned Pending Investigation,,2021-10,Banned Pending Investigation | Banned from Libraries and Classrooms | Banned | Banned By Restriction
"McGinnis, Mindy",In a Handful of Dust,,,2025-06,Banned Pending Investigation | Banned
"McGinnis, Mindy",Not a Drop to Drink,,,2025-06,Banned Pending Investigation | Banned
"McGinnis, Mindy",The Female of the Species,,,2022-10,Banned Pending Investigation | Banned from Libraries and Classrooms | Banned | Banned By Restriction
"McGinty, Alice B.",Bathe the Cat,,,,Banned Pending Investigation
"McGiveny, Maura",Duquesa by Default,,,,Banned By Restriction
"McGovern, Cammie",Just Breathe,,,,Banned Pending Investigation
"McGovern, Cammie",Say What You Will,,,2024-12,Banned | Banned Pending Investigation
"McGovern, Emily",Bloodlust and Bonnets,,,2022-09,Banned Pending Investigation
McGraw Hill,Health,,,2024-08,Banned By Restriction
"McGraw, Eloise Jarvis","Mara, Daughter of the Nile",,,2022-09,Banned from Libraries
"McGraw, Sean Heather K.",The Gay Liberation Movement: Before and After Stonewall,,,,Banned Pending Investigation
"McGrody, Ellen",Coping with Gender Dysphoria,,,2024-08,Banned By Restriction | Banned
"McGrody, Ellen",Pioneers of LGBTQ+ Rights,,,,Banned Pending Investigation
"McGuire, Christine",Perfect Victim: The True Story of the Girl in the Box,,"Norton, Carla",,Banned By Restriction
"McGuire, Jamie",Beautiful Disaster,,,2023-01,Banned Pending Investigation | Banned
"McGuire, Seanan",Every Heart a Doorway,Banned Pending Investigation,,2022-02,Banned Pending Investigation | Banned
"McGuire, Seanan",Middlegame,,,2024-10,Banned
"McHugh, Maura",Twisted Myths: 20 Classic Stories With a Dark and Dangerous Heart,,BES Pub Co,2025-04,Banned
"McIlwain, Charlton D.","Black Software: The Internet & Racial Justice, from the Afronet to Black Lives Matter",Banned in Libraries and Classrooms,,2021-11,
"McIntosh, Kenneth",Gender Issues (Living with a Special Need),Banned in Libraries,"Walker, Ida",2021-12,Banned Pending Investigation | Banned
"McIntosh, Kenneth",Lost Gospels and Hidden Codes: New Concepts of Scripture,,,,Banned
"McIntosh, Will",Burning Midnight,,,,Banned
"McKay, Hilary",Lulu and the Duck in the Park,Banned in Classrooms,,2021-08,
"McKayhan, Monica",Step Up,,,,Banned Pending Investigation
"McKenna, Miles",Out!: How to be Your Authentic Self,,,2024-08,Banned By Restriction | Banned
"McKenzie, C. Lee",Sliding on the Edge,,,2025-02,Banned
"McKeon, Belinda",Tender,,,,Banned
"Mckesson, DeRay",On the Other Side of Freedom: The Case for Hope,Banned Pending Investigation,,2022-02,
"McKinney-Whetstone, Diane",Tumbling,,,,Banned
"McKissack, Pat","Let My People Go: Bible Stories Told by a Freeman of Color to his Daughter, Charlotte in Charleston, South Carolina",,"McKissack Jr., Fredrick L.",2023-06,Banned from Libraries and Classrooms
"McKissack, Patricia",The Dark Thirty: Southern Tales of the Supernatural,,,,Banned
"McLarty, Ron",The Memory of Running,,,,Banned Pending Investigation
"McLaughlin, Emma",The Nanny Diaries,,,,Banned Pending Investigation
"McLaughlin, Kate",What Unbreakable Looks Like,,,,Banned
"McLaughlin, Lauren",Send Pics,,,2024-10,Banned | Banned Pending Investigation
"McLemore, Anna-Marie",Blanca & Roja,Banned Pending Investigation,,2022-02,
"McLemore, Anna-Marie",Dark and Deepest Red,Banned Pending Investigation,,2022-02,
"McLemore, Anna-Marie",Lakelore,,,2024-08,Banned By Restriction | Banned
"McLemore, Anna-Marie",Self-Made Boys: A Great Gatsby Remix,,,2024-08,Banned By Restriction | Banned Pending Investigation | Banned
"McLemore, Anna-Marie",The Mirror Season,,,2024-08,Banned By Restriction
"McLemore, Anna-Marie",Venom & Vow,,"McLemore, Elliott",,Banned
"McLemore, Anna-Marie",When the Moon Was Ours,Banned Pending Investigation,,2021-12,Banned By Restriction | Banned
"McManis, Charlene Willing",Indian No More,Banned in Classrooms | Banned Pending Investigation,"Sorell, Traci",2021-08,
"McMann, Lisa",Fade,Banned in Libraries and Classrooms | Banned Pending Investigation,,2022-03,Banned from Libraries and Classrooms | Banned Pending Investigation | Banned from Libraries | Banned | Banned By Restriction
"McMann, Lisa",Gone (LM),,,2024-10,Banned | Banned By Restriction | Banned Pending Investigation
"McMann, Lisa",Wake,,,2024-10,Banned | Banned Pending Investigation
"McManus, Karen M.",One of Us Is Lying,,,2024-10,Banned | Banned Pending Investigation | Banned By Restriction
"McManus, Karen M.",One of Us is Next,,,2022-10,Banned from Libraries | Banned | Banned Pending Investigation
"McManus, Karen M.",Two Can Keep a Secret,,,,Banned Pending Investigation
"McMillan, Kate",Maple's Theory of Fun,,,2024-08,Banned By Restriction
"McMillan, Terry",How Stella Got Her Groove Back,,,,Banned
"McMillan, Terry",Waiting to Exhale,,,,Banned
"McMurty, Larry",Comanche Moon,,,2025-06,Banned Pending Investigation | Banned
"McMurty, Larry",Lonesome Dove,,,2025-06,Banned | Banned By Restriction
"McMurty, Larry",Streets of Laredo,,,2025-06,Banned Pending Investigation | Banned
"McNabb, Charlie","Nonbinary Gender Identities: History, Culture, Resources",Banned in Libraries and Classrooms,,2022-02,
"McNamara, Michelle",I'll Be Gone in the Dark: One Woman's Obsessive Search for the Golden State Killer,,,,Banned By Restriction
"McNeil, Gretchen",#MurderFunding,,,,Banned
"McNeil, Gretchen",#MurderTrending,Banned Pending Investigation,,2021-11,
"McNeil, Gretchen",Dig Two Graves,,,2024-08,Banned By Restriction
"McQuinn, Anna",Lola at the Library,Banned in Classrooms,,2021-08,
"McQuinn, Anna",Lola at the Library with Mommy,Banned in Classrooms,,2021-08,
"McQuinn, Anna",Lola Gets a Cat,Banned in Classrooms,,2021-08,
"McQuinn, Anna",Lola Goes to School,Banned in Classrooms,,2021-08,
"McQuinn, Anna",Lola Loves Stories,Banned in Classrooms,,2021-08,
"McQuinn, Anna",Lola Loves Stories with Daddy,Banned in Classrooms,,2021-08,
"McQuinn, Anna",Lola Plants a Garden,Banned in Classrooms,,2021-08,
"McQuinn, Anna",Lola Reads to Leo,Banned in Classrooms,,2021-08,
"McQuinn, Anna",Lola Sleeps Over,Banned in Classrooms,,2021-08,
"McQuiston, Casey",One Last Stop,,,2025-04,Banned | Banned Pending Investigation
"McQuiston, Casey","Red, White, and Royal Blue",,,2022-09,Banned from Libraries and Classrooms | Banned Pending Investigation | Banned
"McReynolds, Glenna",The Chalice and the Blade,,,,Banned Pending Investigation
"McSmith, Tobly",Act Cool,Banned Pending Investigation,,2022-02,Banned By Restriction | Banned Pending Investigation
"McSmith, Tobly",Stay Gold,Banned Pending Investigation,,2022-02,Banned By Restriction | Banned | Banned Pending Investigation
"McVicar, Jekka",New Book of Herbs,,,,Banned
"Mead, Richelle",Blood Promise,,,2024-08,Banned | Banned Pending Investigation
"Mead, Richelle",Frostbite,,,2024-10,Banned | Banned Pending Investigation
"Mead, Richelle",Last Sacrifice,,,2024-11,Banned | Banned Pending Investigation | Banned By Restriction
"Mead, Richelle",Midnight Jewel,,,2025-06,Banned Pending Investigation | Banned
"Mead, Richelle",Shadow Kiss,,,,Banned Pending Investigation
"Mead, Richelle",Spirit Bound,,,2025-02,Banned | Banned Pending Investigation
"Mead, Richelle",The Emerald Sea,,,,Banned Pending Investigation
"Mead, Richelle",The Glittering Court,,,,Banned Pending Investigation
"Mead, Richelle",The Golden Lily,,,,Banned Pending Investigation
"Mead, Richelle",Vampire Academy,Banned in Libraries | Banned Pending Investigation,,2021-11,Banned | Banned By Restriction | Banned Pending Investigation
"Mead, Richelle",Vampire Academy (A Graphic Novel),,"Dragoon, Leigh",2025-06,Banned | Banned Pending Investigation
"Measom, Christopher",Pride: The LGBTQ+ Rights Movement: A Photographic Journey,,,2024-08,Banned By Restriction
"Mechner, Jordan",Prince of Persia,,"Sina, A. B.",,Banned By Restriction
"Meconis, Dylan",Queen of the Sea,,,2022-09,Banned Pending Investigation
"Meddour, Wendy",Lubna and Pebble,Banned in Classrooms | Banned Pending Investigation,,2021-08,
Medina,The One Who Loves You the Most,,,,Banned
"Medina, Juana",Juana & Lucas,Banned Pending Investigation,,2022-01,
"Medina, Meg",Burn Baby Burn,Banned in Classrooms | Banned in Libraries,,2021-09,
"Medina, Meg","Mango, Abuela, and Me",Banned in Classrooms,,2021-08,
"Medina, Meg",Yaqui Delgado Wants to Kick Your Ass,Banned in Libraries and Classrooms,,2021-11,Banned | Banned Pending Investigation
"Medina, Nico",What Was Stonewall?,Banned in Classrooms,,2021-08,Banned By Restriction | Banned Pending Investigation | Banned
"Medina, Nico",Who is RuPaul?,,,,Banned Pending Investigation
"Medina, Nico",Who Was Aretha Franklin?,Banned in Classrooms,,2021-08,
"Medina, Tony",Bum Rush the Page: A Def Poetry Jam,,"Rivera, Louis",2024-10,Banned
"Medina, Tony",I Am Alfonso Jones,Banned in Libraries and Classrooms,,2021-11,Banned Pending Investigation | Banned
"Medina, Tony",Love to Langston,,,2023-03,Banned from Libraries
"Meehl, Brian",Suck It Up,,,,Banned By Restriction
"Meem, Deborah T.",Finding Out: An Introduction to LGBT Studies,,"Gibson, Michelle; Alexander, Jonathan F.; Beck, Key",,Banned
"Meggitt-Phillips, Jack",The Beast and the Bethany,,"Follath, Isabelle",,Banned Pending Investigation
"Mehta, Monika Gupta","It's Totally Normal!: An LGBTQIA+ Guide to Puberty, Sex, and Gender",,"Mehta, Asha Lily",2025-04,Banned
"Mehta-Jones, Shilpa",Life in Ancient Rome,,,2025-02,Banned
"Mejia, Mindy",Everything You Want Me to Be,,,,Banned Pending Investigation
"Mejia, Tehlor Kay",We Set the Dark on Fire,Banned Pending Investigation,,2022-02,Banned | Banned Pending Investigation
"Melleby, Nicole",Camp Quiltbag,,"Sass, A. J.; Sass, A.J.",2024-08,Banned By Restriction | Banned | Banned Pending Investigation
"Melleby, Nicole",How to Become a Planet,,,,Banned Pending Investigation
"Melleby, Nicole",In the Role of Brie Hutchens...,Banned Pending Investigation,,2021-12,Banned By Restriction
"Melnick, Lynn",The Luckiest MILF in Brooklyn,,,,Banned Pending Investigation
"Meltzer, Brad",I am Billie Jean King,,,2025-05,Banned Pending Investigation | Banned
"Meltzer, Brad","I am Martin Luther King, Jr.",Banned in Classrooms,,2021-08,
"Meltzer, Brad",I Am Rosa Parks,Banned in Classrooms,,2021-08,
"Melvin, Leland",Chasing Space Young Readers' Edition,Banned in Classrooms,,2021-08,
"Membrino, Anna",My Moms Love Me,,,,Banned Pending Investigation
"Memory, Jelani",A Kids Book About Racism,Banned in Classrooms,,2021-08,
"Mendez, Yamile Saied",¿De Dónde Eres?/Where Are You From?,Banned in Classrooms,,2021-08,
"Mendler, Edward C.","A B C Anthony Bennett Champion: The Whole Story About an Extraordinary Man of the Twenty-First Century and his many Friends, Escapades and Achievements",,,,Banned By Restriction
"Menon, Sandhya",When Dimple Met Rishi,,,2024-10,Banned
"Meralli, Swann",Al Capone,,,2025-04,Banned
"Merey, I.",A + E 4ever,,,,Banned from Libraries and Classrooms
"Merrell, Bill",Vanilla,,,,Banned Pending Investigation | Banned
"Merrell, Billy",Talking in the Dark: A Poetry Memoir,,,,Banned Pending Investigation
"Merriam, Eve",Halloween ABC,,,2024-10,Banned By Restriction
"Mesrobian, Carrie",Cut Both Ways,Banned Pending Investigation | Banned in Libraries and Classrooms,,2021-12,Banned from Libraries and Classrooms | Banned By Restriction | Banned | Banned Pending Investigation
"Mesrobian, Carrie",Just a Girl,,,2024-10,Banned
"Mesrobian, Carrie",Perfectly Good White Boy,Banned Pending Investigation,,2022-03,Banned Pending Investigation
"Mesrobian, Carrie",Sex & Violence,Banned Pending Investigation,,2022-03,
"Messner, Kate",Chirp,,,,Banned Pending Investigation
"Metaxas, Eric",Bible ABC,,,2023-06,Banned from Libraries and Classrooms
"Metcalfe, Stephen",The Tragic Age,,,,Banned Pending Investigation
"Metzger, Lois",Bites and Bones Flip Book: Scary Stories to Sink Your Teeth Into,,,2025-02,Banned
"Metzger, Rainer",Vincent van Gogh: The Complete Paintings,,"Walther, Ingo F.",2025-04,Banned
"Meyer, L. A.","Bloody Jack: Being an Account of the Curious Adventures of Mary ""Jacky"" Faber, Ship's Boy",,,2025-02,Banned | Banned Pending Investigation
"Meyer, L. A.","Curse of the Blue Tattoo: Being an Account of the Misadventures of Jacky Faber, Midshipman and Fine Lady",,,2025-02,Banned | Banned Pending Investigation
"Meyer, L. A.","The Mark of the Golden Dragon: Being an Account of the Further Adventures of Jacky Faber, Jewel of the Weast, Vexation of the West, and Pearl of the South China Sea",,,2025-02,Banned
"Meyer, L. A.",Under the Jolly Roger: Being an Account of the Further Nautical Adventures of Jacky Faber,,,,Banned Pending Investigation
"Meyer, L.A.","The Wake of the Lorelei Lee: Being An Account of the Further Adventures of Jacky Faber, On Her Way to Botany Bay",,,,Banned By Restriction
"Meyer, Marissa",Archenemies,,,,Banned By Restriction
"Meyer, Marissa",Cinder,,,,Banned By Restriction
"Meyer, Marissa",Cress,,,,Banned By Restriction
"Meyer, Marissa",Cursed,,,2025-02,Banned | Banned By Restriction
"Meyer, Marissa",Fairest: Levana's Story,Banned in Libraries,,2021-10,Banned Pending Investigation
"Meyer, Marissa",Gilded,,,2025-06,Banned Pending Investigation | Banned | Banned By Restriction
"Meyer, Marissa",Scarlet,,,,Banned By Restriction
"Meyer, Marissa",Serendipity: Ten Romantic Tropes Transformed,,"Eulberg, Elizabeth; Johnson, Leah; McLemore, Anna-Marie; Menon, Sandhya; Murphy, Julie; Roehrig, Caleb; Searle, Sarah Winifred; Went, Abigail Hing",2025-06,Banned Pending Investigation | Banned
"Meyer, Marissa",Stars Above: A Lunar Chronicles Collection,,,,Banned By Restriction
"Meyer, Marissa",Supernova,,,,Banned By Restriction
"Meyer, Marissa",Winter,,,,Banned Pending Investigation
"Meyer, Stephanie",Amanecer,,,2024-08,Banned
"Meyer, Stephanie",Breaking Dawn,,,2022-10,Banned from Libraries
"Meyer, Stephanie",Crepúsculo: un amor peligroso,,,2024-09,Banned
"Meyer, Stephanie",Luna nueva,,,2024-11,Banned
"Meyer, Stephanie",The Short Second Life of Bree Tanner: An Eclipse Novella,,,2025-02,Banned
"Meyer, Stephenie",Breaking Dawn,,,2024-08,Banned | Banned By Restriction | Banned Pending Investigation
"Meyer, Stephenie",Eclipse,Banned in Libraries,,2021-10,Banned | Banned Pending Investigation
"Meyer, Stephenie",Life and Death: Twilight Reimagined,,,,Banned Pending Investigation
"Meyer, Stephenie",Midnight Sun,,,2024-11,Banned | Banned Pending Investigation
"Meyer, Stephenie",New Moon,,,2025-01,Banned | Banned Pending Investigation
"Meyer, Stephenie",The Host,,,2025-02,Banned | Banned Pending Investigation
"Meyer, Stephenie",Twilight,,,2025-02,Banned | Banned Pending Investigation
"Meyer, Stephenie",Twilight: The Graphic Novel,,,2025-05,Banned
"Meyer, Susan",Health Issues When You're Transgender,,,2024-08,Banned By Restriction
"Meyers, Susan",Everywhere Babies,Banned Pending Investigation,,2022-01,Banned Pending Investigation
"Mezrich, Ben",Sex on the Moon: The Amazing Story Behind the Most Audacious Heist in History,,,,Banned By Restriction
"Mian, Zanib",Planet Omar: Accidental Trouble Magnet,Banned in Classrooms,,2021-08,
"Mian, Zanib",Planet Omar: Epic Hero Flop,Banned in Classrooms,,2021-08,
"Mian, Zanib",Planet Omar: Incredible Rescue Mission,Banned in Classrooms,,2021-08,
"Mian, Zanib",Planet Omar: Unexpected Super Spy,Banned in Classrooms,,2021-08,
"Michaelis, Antonia",Dragons of Darkness,,,,Banned
"Michaels, Fern",Pretty Woman,,,,Banned Pending Investigation
"Michaels, Fern",The Real Deal,,,,Banned Pending Investigation
"Michaud, Christopher",Gonorrhea,,,,Banned Pending Investigation
"Midthun, Joseph",Cells to Organ Systems,,,2024-08,Banned
"Midthun, Joseph",Matter and Its Properties,,,2024-11,Banned
"Midthun, Joseph",The Digestive and Urinary Systems,,,2025-03,Banned
"Midthun, Joseph",The Endocrine and Reproductive Systems,,,2025-03,Banned
"Miedoso, Andrés",Beware the Werewolf,Banned in Classrooms,,2021-08,
"Miedoso, Andrés",Campfire Stories,Banned in Classrooms,,2021-08,
"Miedoso, Andrés",Escape from the Roller Ghoster,Banned in Classrooms,,2021-08,
"Miedoso, Andrés","Ghosts Don't Ride Bikes, Do They?",Banned in Classrooms,,2021-08,
"Miedoso, Andrés",Ghouls Just Want to Have Fun,Banned in Classrooms,,2021-08,
"Miedoso, Andrés",Major Monster Mess,Banned in Classrooms,,2021-08,
"Miedoso, Andrés",Night of the Zombie Zookeeper,Banned in Classrooms,,2021-08,
"Miedoso, Andrés","Now Museum, Now You Don't",Banned in Classrooms,,2021-08,
"Miedoso, Andrés","Surf's Up, Creepy Stuff!",Banned in Classrooms,,2021-08,
"Miedoso, Andrés",The Haunted House Next Door,Banned in Classrooms,,2021-08,
"Miedoso, Andrés",The Scary Library Shusher,Banned in Classrooms,,2021-08,
"Miedoso, Andrés",The Sleepwalking Snowman,Banned in Classrooms,,2021-08,
"Miedoso, Andrés",The Vampire Ate My Homework,Banned in Classrooms,,2021-08,
"Miedoso, Andrés",Who Wants I Scream?,Banned in Classrooms,,2021-08,
"Mikaelsen, Ben",Touching Spirit Bear,Banned in Libraries,,2022-04,
"Mikuta, Zoe Hana",Gearbreakers,Banned Pending Investigation,,2022-02,
"Mikuta, Zoe Hana",Godslayers,,,2024-11,Banned
"Milande, Veronique",Michelangelo and His Times,,,2025-02,Banned
"Miles, Sara","Opposite Sex: Gay Men on Lesbians, Lesbians on Gay Men",,,,Banned Pending Investigation
"Millay, Katja",The Sea of Tranquility,,,2024-10,Banned Pending Investigation | Banned
"Miller, Chanel",Know My Name,,,,Banned Pending Investigation
"Miller, Dave","Bats, Cats, and Rats",,,2023-06,Banned from Libraries and Classrooms
"Miller, Frank",Batman: The Dark Knight Strikes Again,,"Varley, Lynn",2022-09,Banned Pending Investigation | Banned
"Miller, J. P.",Brave Leaders and Activists,Banned in Libraries and Classrooms,,2021-11,
"Miller, Judith",Art Nouveau,,,2024-08,Banned
"Miller, Keith F., Jr,",Pritty,,,2024-08,Banned By Restriction
"Miller, Kirsten",Don't Tell a Soul,,,2024-09,Banned
"Miller, Kirsten",The Eternal Ones: What If Love Refused to Die?,,,,Banned Pending Investigation
"Miller, Lauren",Free to Fall,,,,Banned Pending Investigation
"Miller, Linsey",Mask of Shadows,,,2024-08,Banned By Restriction | Banned Pending Investigation
"Miller, Linsey",Ruin of Stars,,,2024-08,Banned By Restriction | Banned Pending Investigation
"Miller, Linsey",What We Devour,Banned Pending Investigation,,2022-02,
"Miller, Madeline",Circe,,,2024-10,Banned | Banned By Restriction
"Miller, Madeline",Galatea: A Short Story,,,2025-06,Banned By Restriction
"Miller, Madeline",The Song of Achilles,,,,Banned Pending Investigation | Banned
"Miller, Mark",The Authority (1999-2002): Book Two,,,,Banned Pending Investigation
"Miller, Maryann",Coping with Weapons and Violence in School and on Your Streets,,,2025-02,Banned
"Miller, Natalie Davis",Swimming with Faith: The Missy Franklin Story,Banned Pending Investigation,,2022-01,
"Miller, Rhett",No More Poems!: A Book in Verse That Just Gets Worse,,,2023-04,Banned Pending Investigation
"Miller, Ron",Robot Explorers,,,,Banned Pending Investigation
"Miller, Sam J.",Blackfish City,,,,Banned By Restriction
"Miller, Sam J.",The Art of Starving,,,2025-06,Banned Pending Investigation
"Miller, Sarah",Violet and Daisy: The Story of Vaudeville's Famous Conjoined Twins,,,2022-09,Banned Pending Investigation
"Miller, Sharee",Don't Touch My Hair!,Banned in Classrooms,,2021-08,
"Millner, Denene",Early Sunday Morning,Banned in Classrooms | Banned Pending Investigation,,2021-08,
"Millner, Denene",What Goes Around,,"Miller, Mitzi",2022-09,Banned from Libraries and Classrooms | Banned Pending Investigation
"Milton, John",Paradise Lost,,,,Banned Pending Investigation | Banned By Restriction
"Milton, John",Paradise Lost and Paradise Regained,,"Ricks, Christopher",,Banned Pending Investigation
Min. Lio,Beating Heart Baby,,,2024-08,Banned By Restriction
"Minchin, Adele",The Beat Goes On,,,2025-02,Banned
"Mines, Cynthia",Cubism,,,2024-09,Banned
"Mink, Janis","Joan Miro, 1893-1983: The Poet Among the Surrealists",,,2025-04,Banned
"Minus, Ed",Kite,,,2025-02,Banned
"Mirk, Sarah",Guantanamo Voices: True Accounts from the World's Infamous Prison,,,2024-10,Banned
"Mirk, Sarah","You Do You: Figuring Out Your Body, Dating, and Sexuality",,,2025-04,Banned
"Mitchard, Jacquelyn",Watch for Me By Moonlight,,,,Banned Pending Investigation
"Mitchell, David",Cloud Atlas,,,,Banned By Restriction
"Mitchell, Margaree King",Uncle Jed's Barber Shop,Banned Pending Investigation,,2022-01,
"Mitchell, Saundra",All Out: The No-Longer-Secret Stories of Queer Teens throughout the Ages,,"Lo, Malinda; Talley, Robin; Lee, Mackenzi; Keplinger, Kody; Wake, Elliot; McLemore, Anna-Marie; Hutchinson, Shaun David; Adler, Dahlia; Sharpe, Tess; Scelsa, Kate; Parker, Natalie C.; Farizan, Sara; Magruder, Nilah; Gratton, Tessa; Mejia, Tehlor Kay; Sanchez, Alex; Tracey, Scott",2022-10,Banned Pending Investigation | Banned By Restriction | Banned
"Mitchell, Saundra",All the Things We Do in the Dark,Banned Pending Investigation,,2021-12,Banned Pending Investigation | Banned from Libraries and Classrooms | Banned | Banned By Restriction
"Mitchell, Saundra",Out Now: Queer We Go Again!,Banned Pending Investigation,,2022-02,Banned By Restriction
"Miura, Kenaro",Berserk,,,2024-09,Banned
"Mlynowski, Sarah","I See London, I see France",,,2024-10,Banned
"Mlynowski, Sarah",The Ten Things We Did (and Probably Shouldn't Have),,,2024-10,Banned | Banned Pending Investigation
"Mochizuki, Jun",Pandora Hearts,,,2025-01,Banned
"Mochizuki, Ken",Baseball Saved Us,Banned in Libraries and Classrooms,,2021-11,Banned Pending Investigation | Banned
"Moe, Barbara A.",Coping As a Survivor of Violent Crime,,,,Banned Pending Investigation
"Moen, Erika","Let's Talk About It: The Teen's Guide to Sex, Relationships, and Being a Human (A Graphic Novel)",,"Nolan, Matthew",2022-08,Banned from Libraries and Classrooms | Banned from Libraries | Banned Pending Investigation | Banned
"Monjo, F.N.",The Drinking Gourd: A Story of the Underground Railroad,Banned Pending Investigation,,2022-01,
"Monroe, Alex",Donald Trump,,,2024-09,Banned
"Monsen, Avery",All My Friends Are Dead,,"John, Jory",,Banned By Restriction
"Monster, Sfé R.",Minecraft,,,2024-11,Banned
"Monster, Sfe R.","Minecraft, Vol 1",,,,Banned Pending Investigation | Banned By Restriction
"Monster, Sfe R.","Minecraft, Volume 2",,,,Banned By Restriction
"Monster, Sfe R.","Minecraft, Volume 3",,,,Banned By Restriction
"Montgomery, Cam",By Any Means Necessary,,,,Banned By Restriction
"Montgomery, L. M.",Anne of Avonlea,,,2022-10,Banned from Libraries
"Montoya, Paco",No One Knows About You,Banned in Libraries,,2022-04,
"Moon, Sarah",Middletown,,,2024-08,Banned By Restriction
"Moon, Sarah",The Letter Q: Queer Writers' Notes to Their Younger Selves,,,2024-08,Banned By Restriction | Banned | Banned Pending Investigation
"Mooney, Carl",Caitlyn Jenner,,,2024-08,Banned By Restriction
"Mooney, Carla",Should Abortion Be Legal?,Banned Pending Investigation,,2021-12,
"Moore Jr., Eddie",The Guide for White Women Who Teach Black Boys,Banned in Classrooms,"Penick-Parks, Marguerite W.; Michael, Ali",2021-08,
"Moore, Alan",Alan Moore's America's Best Comics,,,2022-09,Banned Pending Investigation
"Moore, Alan",Batman: The Killing Joke,,,2022-10,Banned from Libraries
"Moore, Alan",V for Vendetta,Banned in Classrooms | Banned in Libraries | Banned Pending Investigation,,2021-09,
"Moore, Alan",Watchmen,,,2022-08,Banned from Libraries | Banned from Libraries and Classrooms | Banned Pending Investigation | Banned
"Moore, Christopher","Lamb: The Gospel According to Biff, Christ's Childhood Pal",,,,Banned
"Moore, Darnell L.",No Ashes in the Fire: Coming of Age Black and Free in America,Banned Pending Investigation,,2022-02,Banned Pending Investigation
"Moore, David Barclay",The Stars Beneath Our Feet,,,,Banned By Restriction
"Moore, Peter G.",Blind Sighted,,,,Banned
"Moore, Wes",Discovering Wes Moore,Banned in Libraries,,2022-04,
"Mora, Oge",Saturday,Banned in Classrooms,,2021-08,
"Mora, Oge","Thank You, Omu!",Banned in Classrooms,,2021-08,
"Mora, Pat",Love to Mama: A Tribute To Mothers,Banned Pending Investigation,,2022-01,
"Moracho, Cristina",A Good Idea,,,2025-06,Banned Pending Investigation | Banned
"Moracho, Cristina",Althea and Oliver,,,,Banned | Banned Pending Investigation
"Morales, Yuyi",Dreamers,Banned in Classrooms | Banned Pending Investigation,,2021-08,Banned Pending Investigation
"Morales, Yuyi",Little Night/Nochecita,Banned Pending Investigation,,2022-01,
"Morales, Yuyi",Niño Wrestles the World,Banned in Classrooms | Banned Pending Investigation,,2021-08,
"Moreland, Miel",It Goes Like This,Banned Pending Investigation,,2022-02,
"Moreno-Garcia, Silvia",Mexican Gothic,,,,Banned By Restriction
"Morgan, Chris",Facts and Fallacies,,,,Banned Pending Investigation
"Morgan, Kass",Homecoming,,,2025-06,Banned By Restriction
"Morgan, Melissa J.",Camp Confidential,,,,Banned Pending Investigation
"Morgan, Richard K.","Altered Carbon: One Life, One Death",,"Wilson, Scott Bryan",2022-09,Banned Pending Investigation
"Morgan, Robert J.",The International Children's Devotional Bible,,,2023-06,Banned from Libraries and Classrooms
"Moriarty, Jaclyn",The Year of Secret Assignments,,,,Banned Pending Investigation
"Moriarty, Laura",The Center of Everything,,,,Banned Pending Investigation
"Moriarty, Liane",Three Wishes,,,2023-03,Banned from Libraries
"Morioka, Hiroyuki",Seikai 1: Crest of the Stars: Princess of the Empire,,,,Banned Pending Investigation
"Morley, Jacqueline",First Facts about the Ancient Egyptians,,,2025-02,Banned
"Morlock, Rachael",LGBTQ+ Discrimination,,,2024-08,Banned By Restriction
"Morlock, Theresa",LGBTQ Human Rights Movement,,,2024-08,Banned
"Morris, Ann",Houses and Homes,,,2023-03,Banned from Libraries and Classrooms
"Morris, Brittney",Slay,,,,Banned By Restriction
"Morris, Brittney",The Cost of Knowing,,,2022-11,Banned from Libraries and Classrooms | Banned Pending Investigation
"Morris, Catherine",The Essential Claude Monet,,,2022-09,Banned Pending Investigation
"Morris, Mary McGarry",Songs in Ordinary Time,,,,Banned Pending Investigation
"Morris, Monique W.",Pushout: The Criminalization of Black Girls in Schools,Banned in Classrooms,,2021-08,
"Morris, William",News from Nowhere and Other Writings,,,,Banned By Restriction
"Morrison, Helen",My Life Among the Serial Killers: Inside the Minds of the World's Most Notorious Murders,,"Goldberg, Harold",2023-02,Banned Pending Investigation
"Morrison, Martha A.",Judaism (MAM),,"Brown, Stephen F.",2023-06,Banned from Libraries and Classrooms
"Morrison, Theodore",The Portable Chaucer,,"Chaucer, Geoffrey",2023-02,Banned Pending Investigation
"Morrison, Toni",Beloved,Banned Pending Investigation | Banned in Libraries | Banned in Libraries and Classrooms,,2021-11,Banned Pending Investigation | Banned from Libraries | Banned from Libraries and Classrooms | Banned | Banned By Restriction
"Morrison, Toni",Love,,,2023-01,Banned from Libraries and Classrooms
"Morrison, Toni",Paradise,,,,Banned Pending Investigation
"Morrison, Toni",Peeny Butter Fudge,Banned in Classrooms,"Morrison, Slade",2021-08,
"Morrison, Toni",Song of Solomon,,,2024-09,Banned | Banned Pending Investigation
"Morrison, Toni",Sula,,,2023-01,Banned from Libraries and Classrooms | Banned Pending Investigation | Banned
"Morrison, Toni",Tar Baby,,,2022-10,Banned from Libraries and Classrooms | Banned Pending Investigation | Banned
"Morrison, Toni",The Bluest Eye,Banned Pending Investigation | Banned in Libraries and Classrooms | Banned in Libraries,,2021-10,Banned Pending Investigation | Banned from Libraries and Classrooms | Banned from Libraries | Banned from Classrooms | Banned | Banned By Restriction
"Morrison, Yvonne",Carved in Stone: Clues About Cultures,,,2025-02,Banned
"Morrow, Bethany C.",A Song Below Water,,,,Banned Pending Investigation
"Morrow, Kate",Finding Your Identity,,,2024-09,Banned
"Mosca, Julia Finley",The Doctor with an Eye for Eyes: The Story of Dr. Patricia Bath,Banned in Classrooms,,2021-08,
"Mosca, Julia Finley",The Girl with a Mind for Math: The Story of Raye Montague,Banned in Classrooms,,2021-08,
"Moses, Jennifer Anne",Tales From My Closet,,,2025-02,Banned
"Moskowitz, Hannah","Gone, Gone, Gone",Banned Pending Investigation,,2021-12,Banned By Restriction | Banned Pending Investigation
"Moskowitz, Hannah",Marco Impossible,Banned Pending Investigation,,2021-12,Banned Pending Investigation
"Moskowitz, Hannah",Not Otherwise Specified,,,2024-08,Banned By Restriction | Banned Pending Investigation
"Moskowitz, Hannah",The Love Song of Ivy K. Harlowe,,,2025-03,Banned
"Mosley, Walter",47,Banned in Classrooms,,2021-11,Banned Pending Investigation
"Moss, Marissa",Barbed Wire Baseball: How One Man Brought Hope to the Japanese Internment Camps of WWII,Banned Pending Investigation,,2022-01,
"Moss, Marissa",Caravaggio: Painter on the Run,,,,Banned Pending Investigation
"Mound, Laurence",Insect (LM),,,2023-06,Banned from Libraries | Banned Pending Investigation
"Moussavi, Sam",Hoop City: Baltimore,,,,Banned
"Moussavi, Sam",Hoop City: Chicago,,,,Banned
"Moussavi, Sam",Hoop City: Detroit,,,,Banned
"Moussavi, Sam",Hoop City: Los Angeles,,,,Banned
"Moussavi, Sam",Hoop City: New York City,,,,Banned
"Moussavi, Sam","Hoop City: Washington, D.C",,,,Banned
"Moussavi, Sam",Texas Fridays: Austin,,,,Banned
"Moussavi, Sam",Texas Fridays: Dallas,,,,Banned
"Moussavi, Sam",Texas Fridays: El Paso,,,,Banned
"Moussavi, Sam",Texas Fridays: Houston,,,,Banned
"Moussavi, Sam",Texas Fridays: Odessa,,,,Banned
"Moussavi, Sam",Texas Fridays: San Antonio,,,,Banned
"Moyes, Jojo",Me Before You,,,,Banned Pending Investigation
"Moynihan, Lindsay",The Waiting Tree,,,2024-10,Banned
"Mucha, Alphonse",Alphonse Mucha,,,2025-04,Banned
"Muchamore, Robert",The Fall,,,,Banned By Restriction
"Mueller, Anne",Giotto di Bondon: About 1267-1337,,Konemann,2025-04,Banned
"Muhammad, Gholdy",Cultivating Genius: An Equity Framework for Culturally and Historically Responsive Literacy,Banned in Classrooms,,2021-08,
"Muhammad, Ibtihaj",Proud: Living My American Dream (Young Readers Edition),Banned Pending Investigation,,2022-01,
"Muhammad, Ibtihaj",The Proudest Blue: A Story of Hijab and Family,Banned in Classrooms,"Ali, S.K.",2021-08,
"Muir, Tamsyn",Gideon the Ninth,Banned Pending Investigation,,2022-02,
"Mukwa, Cameron",The Ribbon Skirt,,,,Banned
"Mullin, Mike",Ashen Winter,,,,Banned Pending Investigation
"Mullin, Mike",Ashfall,,,,Banned Pending Investigation
"Mullin, Mike",Sunrise,,,,Banned Pending Investigation
"Muniz, Deya",The Princess and the Grilled Cheese Sandwich,,,2024-08,Banned By Restriction
"Munsch, Robert",Pigs,,,,Banned Pending Investigation
"Munsch, Robert",The Paper Bag Princess,,,2024-08,Banned
"Munsch, Robert","Up, Up, Down!",Banned in Classrooms,,2021-08,
"Munson, Sam",The November Criminals,,,2022-10,Banned from Libraries and Classrooms
"Muntz, Eugene","Raphael: His Life, Works, and Times",,,2022-09,Banned Pending Investigation
"Murakami, Haruki",1q84,,,2024-11,Banned By Restriction | Banned Pending Investigation
"Murakami, Haruki",Kafka on the Shore,,,2025-06,Banned Pending Investigation | Banned
"Murakami, Haruki",Killing Comendatore,,,2024-11,Banned By Restriction
"Murakami, Haruki",Men Without Women,,,,Banned By Restriction
"Murakami, Haruki",The Wind-Up Bird Chronicle,,,2024-08,Banned | Banned Pending Investigation | Banned By Restriction
"Murgan, Michael",Anicent Incas,,,2025-02,Banned
"Murguia, Bethanie Deeney",What's Your Name?,,,,Banned
"Murphy, C.E.",Heart of Stone,,,,Banned By Restriction
"Murphy, Jim",An American Plague: The True and Terrifying Story of the Yellow Fever Epidemic of 1793,,,2022-10,Banned from Libraries
"Murphy, Jim","Breakthrough! How Three People Saved ""Blue Babies"" and Changed Medicine Forever",,,2024-08,Banned
"Murphy, Jim",The Boys' War: Confederate and Union Soldiers Talk About the Civil War,,,2025-02,Banned
"Murphy, Jim","The Journal of James Edmond Pease: A Civil War Union Soldier, Virginia, 1863",,,2024-08,Banned By Restriction
"Murphy, Jim",The Long Road to Gettysburg,,,2025-02,Banned
"Murphy, Jim",Truce,,,2025-02,Banned
"Murphy, Julie",Dumplin',,,2023-06,Banned from Libraries and Classrooms | Banned By Restriction | Banned Pending Investigation
"Murphy, Julie",Puddin',,,,Banned Pending Investigation
"Murphy, Julie",Pumpkin,,,2025-06,Banned Pending Investigation | Banned | Banned By Restriction
"Murphy, Julie",Ramona Blue,Banned Pending Investigation,,2022-02,Banned Pending Investigation | Banned from Libraries | Banned from Libraries and Classrooms | Banned By Restriction | Banned
"Murphy, Lauren",Art and Culture of the Renaissance World,,,2025-02,Banned
"Murphy, Louise",The True Story of Hansel and Gretel: A Novel of War and Survival,,,,Banned
"Murphy, Monica",Playing by the Rules,,,,Banned
"Murphy, Monica",Playing Hard to Get,,,,Banned
"Murphy, Rita",Bird,,,,Banned
"Murphy, Sean",Batman: White Knight,,,2022-08,Banned from Libraries and Classrooms | Banned Pending Investigation | Banned
"Murphy, Stuart J.",A Pair of Socks,,,2024-08,Banned
"Murray, Douglas","The Madness of Crowds: Gender, Race and Identity",,,,Banned
"Murray, Elizabeth A.","The Dozier School for Boys: Forensics, Survivors, and a Painful Past",,,,Banned Pending Investigation
"Murray, Jocelyn",Africa: Cultural Atlas For Young People,,,,Banned Pending Investigation
"Murray, Jocelyn",Cultural Atlas of Africa,,,,Banned Pending Investigation
"Murrell, Deborah",A Hero's Guide to Warriors,,,2025-02,Banned
"Murrell, Deborah",Gladiator,,,2025-02,Banned
"Murrell, Deborah",Greek Warrior,,,2025-02,Banned
"Murrell, Deborah",Knight,,,2025-02,Banned
"Muth, Jon J.",Zen Shorts,Banned Pending Investigation,,2022-01,Banned Pending Investigation
"Myer, Sarah",Monstrous: A Transracial Adoption Story,,,2024-11,Banned By Restriction
"Myers, Bill",My Life as a Smashed Burrito With Extra Hot Sauce,,,,Banned Pending Investigation
"Myers, Christopher",Wings,Banned in Classrooms,,2021-08,
"Myers, Jason",Blazed,,,2024-08,Banned | Banned from Libraries and Classrooms | Banned Pending Investigation
"Myers, Jason",Dead End,,,2022-11,Banned from Libraries and Classrooms | Banned | Banned Pending Investigation
"Myers, Jason",Exit Here.,,,2023-02,Banned Pending Investigation | Banned
"Myers, Walter Dean",145th Street: Short Stories,,,,Banned Pending Investigation
"Myers, Walter Dean",Dope Sick,Banned Pending Investigation,,2022-05,
"Myers, Walter Dean",Fallen Angels,,,,Banned Pending Investigation
"Myers, Walter Dean",Monster,Banned Pending Investigation,,2021-10,Banned Pending Investigation | Banned
"Myers, Walter Dean",Slam!,,,,Banned Pending Investigation
"Myers, Walter Dean",Street Love,,,,Banned Pending Investigation
"Myers, Walter Dean",Sunrise Over Fallujah,,,2025-02,Banned
"Myers, Walter Dean",What They Found: Love on 145th Street,,,,Banned Pending Investigation
"Mylnowski, Sarah",Night Owl,,"Jenkins, Emily; Myracle, Lauren",,Banned Pending Investigation
"Myracle, Lauren",How to Be Bad,Banned in Libraries,"Mlynowski, Sarah; Lockhart, E.",2021-12,
"Myracle, Lauren",Kissing Kate,Banned Pending Investigation,,2021-12,Banned Pending Investigation | Banned | Banned By Restriction
"Myracle, Lauren","L8r, G8r",Banned in Libraries | Banned Pending Investigation | Banned in Libraries and Classrooms,,2021-07,Banned from Libraries and Classrooms | Banned Pending Investigation | Banned | Banned By Restriction
"Myracle, Lauren","Peace, Love, and Baby Ducks",,,2025-05,Banned By Restriction | Banned Pending Investigation
"Myracle, Lauren",Rhymes with Witches,,,2023-02,Banned Pending Investigation | Banned | Banned By Restriction
"Myracle, Lauren",Shine,Banned in Libraries | Banned Pending Investigation,,2021-12,Banned from Libraries and Classrooms | Banned Pending Investigation | Banned | Banned By Restriction
"Myracle, Lauren",The Infinite Moment of Us,Banned in Libraries | Banned Pending Investigation | Banned in Libraries and Classrooms,,2021-07,Banned Pending Investigation | Banned from Libraries and Classrooms | Banned from Libraries | Banned | Banned By Restriction
"Myracle, Lauren",Thirteen Plus One,,,2025-05,Banned By Restriction
"Myracle, Lauren",This Boy,,,2024-08,Banned By Restriction | Banned | Banned Pending Investigation
"Myracle, Lauren",Ttfn,Banned in Libraries | Banned Pending Investigation,,2021-12,Banned from Libraries | Banned Pending Investigation | Banned
"Myracle, Lauren",Ttyl,Banned in Libraries | Banned in Libraries and Classrooms,,2021-12,Banned Pending Investigation | Banned from Libraries and Classrooms | Banned from Libraries | Banned
"Myracle, Lauren",Under the Moon: A Catwoman Tale,Banned in Libraries,,2021-12,
"Myracle, Lauren",Victor and Nora: A Gotham Love Story,Banned in Libraries,,2021-12,
"Myracle, Lauren",Yolo,Banned in Libraries,,2021-12,Banned Pending Investigation | Banned from Libraries | Banned | Banned By Restriction
"Nabokov, Vladimir",Lolita,Banned Pending Investigation,,2021-10,Banned Pending Investigation | Banned - Professionally Weeded | Banned By Restriction | Banned
"Nadol, Jen",The Mark,,,2022-10,Banned from Libraries
"Nagara, Innosanto",A is for Activist,Banned in Classrooms,,2021-08,Banned Pending Investigation | Banned | Banned By Restriction
"Nagle, Jeanne",Are You LGBTQ?,Banned Pending Investigation,,2021-12,Banned By Restriction
"Nagle, Jeanne",GLBT Teens and Society,Banned in Libraries,,2021-12,Banned
"Nai, Chandran",Dismantling Global White Privilege: Equity for a Post-Western World,,,,Banned
"Naidoo, Jamie Campbell","Rainbow Family Collections: Selecting and Using Children's Books with Lesbian, Gay, Bisexual, Transgender, and Queer Content",,,,Banned By Restriction
"Nairne, Eleanor",Jean-Michel Basquiat,,"Holzwarth, Hans Werner",2025-04,Banned
"Nakajo, Hisaya","Hama-Kimi: For You In Full Blossom, Vol. 1",,,2023-02,Banned Pending Investigation
"Nakajo, Hisaya","Hama-Kimi: For You In Full Blossom, Vol. 3",,,2023-02,Banned Pending Investigation
"Nakajo, Hisaya",Hana-Kimi: For You in Full Blossom,,,,Banned
"Nakajo, Hisaya",The Art of Hana-Kimi,,,,Banned Pending Investigation
"Nam-Joo, Cho","Kim Jiyoung, Born 1982",,,,Banned By Restriction
"Namey, Laura Taylor",The Library of Lost Things,,,2023-03,Banned from Libraries
"Namioka, Lensey","Ties That Bind, Ties That Break",,,2025-02,Banned
"Namioka, Lensey",Yang the Third and Her Impossible Family,Banned Pending Investigation,,2022-01,
"Namioka, Lensey",Yang the Youngest and his Terrible Ear,Banned Pending Investigation,,2022-01,
Nanashi,"Don't Toy With Me, Miss Nagatoro, Vol. 6",,,2025-04,Banned
Nanashi,"Don't Toy With Me, Miss Nagatoro, Vol. 7",,,2025-04,Banned
Nanashi,"Don't Toy With Me, Miss Nagatoro, Vol. 8",,,2025-04,Banned
Nanashi,"Don't Toy With Me, Miss Nagatoro, Vol. 9",,,2025-04,Banned
"Napoli, Donna Jo",Bound,,,2025-02,Banned
"Napoli, Donna Jo",Skin (DJN),,,2024-11,Banned | Banned Pending Investigation | Banned By Restriction
"Napoli, Donna Jo",Spinners,,"Tchen, Richard",,Banned Pending Investigation
"Napoli, Donna Jo",Storm,,,,Banned Pending Investigation
"Napoli, Donna Jo",The Magic Circle,,,,Banned Pending Investigation
"Napoli, Donna Jo","Treasury of Greek Mythology: Classic Stories of Gods, Goddesses, Heroes and Monsters",,National Geographic Kids,2025-04,Banned
"Napoli, Donna Jo",Zel,,,,Banned Pending Investigation
"Napolitano, Ann",Dear Edward,,,,Banned Pending Investigation
"Nardo, Don",Ancient Egyptian Art and Architecture,,,2024-08,Banned
"Nardo, Don",Ancient Greek Art and Architecture,,,2024-08,Banned
"Nardo, Don",Ancient Roman Art and Architecture,,,2024-08,Banned
"Nardo, Don",Babylonian Mythology,,,2022-09,Banned Pending Investigation
"Nardo, Don",Being LGBTQ,,,2024-08,Banned By Restriction | Banned
"Nardo, Don",Cyclops,,"Steffens, Bradley",2025-02,Banned
"Nardo, Don",Greek and Roman Mythology,,,2025-03,Banned
"Nardo, Don",Life During the Great Civilizations,,,2025-02,Banned
"Nardo, Don",Life During The Great Civilizations - Ancient Greece,,,2025-02,Banned
"Nardo, Don",Life in a Nazi Concentration Camp,,,2022-09,Banned Pending Investigation
"Nardo, Don",Medieval European Art and Architecture,,Lucent Books,2024-11,Banned
"Nardo, Don",Should Teens Have Access to Birth Control?,Banned in Libraries,,2021-12,Banned Pending Investigation
"Nardo, Don",Stand Up for LGBTQ rights,,,2024-08,Banned By Restriction
"Nardo, Don",Teens and Gender Dysphoria,Banned Pending Investigation,,2021-11,Banned By Restriction
"Nardo, Don",The Gods and Goddesses of Greek Mythology,,,2025-03,Banned
"Nardo, Don",The Parthenon of Ancient Greece,,,2025-02,Banned
"Nardo, Don",Understanding Gender Identity,Banned in Libraries and Classrooms,,2022-02,Banned
"Narita, Ryogo",Durarara!! Vol. 2,,"Yasuda, Suzuhito",2024-10,Banned
Nasdijj,The Blood Runs Like a River Through My Dreams,,,2024-08,Banned
"Nath, Judi L.",Medical Terminology,,,2024-08,Banned By Restriction
National Geographic Kids,"Science Encyclopedia: Atom Smashing, Food Chemistry, Animals, Space, and More!",,,,Banned Pending Investigation
National Geographic Society,Human Body Systems,,,,Banned Pending Investigation
National Geographic Society,Mysteries of Mankind,,,2025-02,Banned
"Nations, Erin",Gumballs,,,,Banned
"Naughton, Gabriel",Chardin,,,2025-04,Banned
"Naylor, Gloria",Linden Hills,,,,Banned Pending Investigation
"Naylor, Gloria",The Men of Brewster Place,,,,Banned By Restriction
"Naylor, Gloria",The Women of Brewster Place: A Novel in Seven Stories,,,,Banned Pending Investigation
"Naylor, Phyllis Reynolds",Alice on the Outside,,,2024-08,Banned | Banned - Professionally Weeded | Banned Pending Investigation | Banned By Restriction
"Naylor, Phyllis Reynolds",Alice the Brave,,,2025-06,Banned | Banned Pending Investigation
"Naylor, Phyllis Reynolds",Reluctantly Alice,Banned Pending Investigation,,2021-12,Banned Pending Investigation
"Nazario, Sonia",Enrique's Journey: The Story of a Boy's Dangerous Odyssey to Reunite with His Mother,,,2024-08,Banned By Restriction
"Nazemian, Abdi",Like a Love Story,,,2023-01,Banned Pending Investigation | Banned from Libraries and Classrooms | Banned | Banned By Restriction
"Nazemian, Abdi",The Chandler Legacies,,,,Banned Pending Investigation
"Neal, DeShanna",My Rainbow,,,2022-07,Banned from Libraries | Banned Pending Investigation | Banned
"Needell, Claire",The Word for Yes,,,,Banned Pending Investigation
"Neenan, Colin",In Your Dreams,,,,Banned
"Neff, Beth",Getting Somewhere,,,,Banned By Restriction
"Neil, Haley",Planning Perfect,,,2024-08,Banned By Restriction
"Neilson, Emily",The Rainbow Parade,,,2025-01,Banned
"Nelson, Blake",Recovery Road,,,,Banned By Restriction
"Nelson, David E.",Online Pornography,,,,Banned
"Nelson, David E.",Women's Issues in Margaret Atwood's The Handmaid's Tale,,,2025-05,Banned By Restriction
"Nelson, James",On the Volcano,,,,Banned By Restriction
"Nelson, Jandy",I'll Give You the Sun,Banned Pending Investigation,,2021-12,Banned Pending Investigation | Banned from Libraries | Banned from Libraries and Classrooms | Banned | Banned By Restriction
"Nelson, Jandy",Te daría el sol,,,2025-06,Banned
"Nelson, Jandy",The Sky is Everywhere,,,2025-06,Banned Pending Investigation | Banned
"Nelson, Kadir",Nelson Mandela,Banned in Classrooms,,2021-08,
"Nelson, Theresa",Earthshine,,,,Banned Pending Investigation
"Nelson, Vaunda Micheaux","The Book Itch: Freedom, Truth & Harlem's Greatest Bookstore",Banned in Classrooms,,2021-08,
"Nemirovsky, Irene",Suite Francaise,,,,Banned By Restriction
"Nesmith, Kimberly M.",I Am Who I Am,Banned in Classrooms,,2021-08,
"Ness, Patrick",More Than This,,,,Banned Pending Investigation | Banned By Restriction
"Ness, Patrick",Release,,,2025-06,Banned Pending Investigation | Banned
"Ness, Patrick",The Rest of Us Just Live Here,,,,Banned Pending Investigation
"Netter, Frank H.",Netter's Atlas of the Human Body,,,2025-04,Banned
"Netzley, Patricia D.",Alien Abductions,,,2025-02,Banned
"Netzley, Patricia D.",Angels,,,2025-02,Banned
"Netzley, Patricia D.",The Curse of King Tut,,,2025-02,Banned
"Neufeld, John",Lisa Bright and Dark,,,,Banned
"Newcomb, Robert",The Fifth Sorceress,,,,Banned Pending Investigation
"Newman, Kim",Anno Dracula - 1895: Seven Days in Mayhem,,,2023-02,Banned Pending Investigation
"Newman, Lesléa","Daddy, Papa, and Me",Banned Pending Investigation,,2022-01,
"Newman, Lesléa",Heather Has Two Mommies,Banned in Libraries and Classrooms,,2021-12,
"Newman, Lesléa",Jailbait,Banned in Libraries and Classrooms,,2022-03,
"Newman, Lesléa","Mommy, Mama, and Me",Banned Pending Investigation,,2022-04,
"Newman, Lesléa",October Mourning: A Song for Matthew Shepard,Banned Pending Investigation,,2021-12,
"Newman, Lesléa",Sparkle Boy,Banned Pending Investigation,,2021-07,Banned
"Newman, Sandra",The Country of Ice Cream Star,,,2022-10,Banned Pending Investigation
"Newman, Shirlee",The Pequots,,,2025-02,Banned
"Newquist, H.P.",Scene of the Crime: Tracking Down Criminals with Forensic Science,,,2022-09,Banned Pending Investigation
"Newth, Mette",The Abduction (MN),,,,Banned
"Newth, Mette",The Dark Light,,,,Banned
"Newth, Mette",The Transformation,,,,Banned Pending Investigation
"Newton, David E.",LGBT Youth Issues Today: A Reference Handbook,,,,Banned
"Newton, David E.",Sex and Gender: A Reference Handbook,,,2025-02,Banned
"Newton, Michael",The Encyclopedia of Serial Killers,,,,Banned Pending Investigation
"Newton, Michael","The Encyclopedia of Unsolved Crimes, 2nd Edition",,,,Banned
"Newton, Suzanne",I Will Call it Georgie's Blues,,,,Banned Pending Investigation
"Ng, Celeste",Everything I Never Told You,,,2024-09,Banned | Banned Pending Investigation | Banned By Restriction
"Ng, Celeste",Little Fires Everywhere,,,2024-10,Banned | Banned By Restriction
"Ngan, Natasha",Girls of Paper and Fire,,"Patterson, James",2024-10,Banned | Banned Pending Investigation
"Ngan, Natasha",Girls of Storm and Shadow,,,2024-10,Banned
"Nguyen, Bich Minh",Stealing Buddha's Dinner: A Memoir,,,,Banned
"Nguyen, Trung Le",The Magic Fish,Banned in Libraries and Classrooms | Banned Pending Investigation,,2021-11,Banned Pending Investigation | Banned By Restriction | Banned
"Nguyen, Viet Thanh",The Sympathizer,,,,Banned By Restriction
"Nicholas, Sydney",War Inside Me,,,,Banned Pending Investigation
"Nicholls, Sally",Ways to Live Forever,,,,Banned Pending Investigation
"Nichols, Catherine",Leonardo Da Vinci (CN),,"da Vinci, Leonardo",2025-02,Banned
"Nichols, Doris",Every Day with God: A Child's Daily Bible (Selections from the International Children's Bible),,"Nichols, Roy",2023-06,Banned from Libraries and Classrooms
"Nichols, Hedreich",Racial Justice in America: Topics for Change,,"Erickson, Leigh Ann",,Banned
"Nichols, Hendreich",What is Anti-Racism,,"Wing, Kelisa",,Banned
"Nichols, Hendreich",What is the Black Lives Matter Movement?,,"Wing, Kelisa",,Banned
"Nicholson, Joy",The Tribes of Palos Verdes,,,,Banned
Nicke,Beyond the Clouds: The Girl Who Fell from the Sky,,,2024-08,Banned
"Nielsen, Jennifer A.",Resistance,,,,Banned By Restriction
"Nielsen, Jennifer A.",The Captive Kingdom,,,,Banned By Restriction
"Nielsen, Jennifer A.",The Deceiver's Heart,,,,Banned Pending Investigation
"Nielsen, Jennifer A.",The Runaway King,,,,Banned Pending Investigation
"Nielsen, Jennifer A.",The Traitor's Game,,,,Banned Pending Investigation
"Nielsen, Jennifer A.",The Warrior's Curse,,,,Banned Pending Investigation
"Nielsen, Jennifer A.",Words on Fire,,,,Banned By Restriction
"Nielsen, Susin",We Are All Made of Molecules,,,,Banned Pending Investigation
"Nielson, Laney",Peppermint Coach Crushes,,,,Banned Pending Investigation
"Nietfeld, Emi",Acceptance (EN),,,,Banned Pending Investigation
"Niffenegger, Audrey",The Time Traveler's Wife,,,,Banned By Restriction | Banned
"Nigrosh, Leon",Claywork: Form and Idea in Ceramic Design,,,2025-02,Banned
"Nijkamp, Marieke",This is Where it Ends,,,2025-06,Banned Pending Investigation | Banned
"Nio, Nakatani",Bloom Into You,,,2024-10,Banned
"Nishimori, Hiroyuki","Cheeky Angel, Vol. 1",,,,Banned
"Nishimori, Hiroyuki","Cheeky Angel, Vol. 2",,,,Banned
"Nishimori, Hiroyuki","Cheeky Angel, Vol. 3",,,,Banned
"Niven, Jennifer",All the Bright Places,,,2022-10,Banned Pending Investigation | Banned from Libraries | Banned | Banned By Restriction
"Niven, Jennifer",Breathless,Banned Pending Investigation,,2022-05,Banned from Libraries and Classrooms | Banned Pending Investigation | Banned from Libraries
"Niven, Jennifer",Breathless (JN),,,2024-08,Banned | Banned By Restriction | Banned Pending Investigation
"Niven, Jennifer",Holding Up the Universe,,,2023-02,Banned Pending Investigation | Banned | Banned By Restriction
"Niven, Jennifer",Violet y Finch,,,2025-05,Banned
"Niver, Heather Moore",Zoom in on Equality,,,,Banned
"Nnoromele, Salome",Nigeria,,,,Banned Pending Investigation
No Author Specified,Alone,,,,Banned
No Further Information,"European Art (Title only, no further information)",,,2024-08,Banned By Restriction
No Further Information Available,"Abortion (Title, no author)",,No Further Information Available,2025-02,Banned
No Further Information Available,"Child Sexual Abuse in the Catholic Church (Title only, no further information)",,No Further Information Available,2025-02,Banned
No Further Information Available,"Children of Violence in America (Title only, no further information)",,No Further Information Available,2025-02,Banned
No Further Information Available,"Crimes of Gender: Violence Against Women (Title only, no further information)",,No Further Information Available,2025-02,Banned
No Further Information Available,D'Aulaires Book of Greek Myths,,No Further Information Available,2025-02,Banned
No Further Information Available,"Family Violence (Title only, no further information)",,No Further Information Available,2025-02,Banned
No Further Information Available,"Gun Control (Title only, no further information)",,No Further Information Available,2025-02,Banned
No Further Information Available,"Guns and Violence (Title only, no further information)",,No Further Information Available,2025-02,Banned
No Further Information Available,LGBTQ+ History Book,,No Further Information Available,,Banned
No Further Information Available,"Online Pornography (Title only, no further information)",,No Further Information Available,2025-02,Banned
No Further Information Available,"Reproductive Technologies (Title only, no further information)",,No Further Information Available,2025-02,Banned
No Further Information Available,"Sex Education (Title only, no further information)",,No Further Information Available,2025-02,Banned
No Further Information Available,"Sexual Harassment (Title only, no further information)",,No Further Information Available,2025-02,Banned
No Further Information Available,"Suicide (Title only, no further information)",,No Further Information Available,2025-02,Banned
No Further Information Available,"Teen pregnancy (Title only, no further information)",,No Further Information Available,2025-02,Banned
No Further Information Available,"The Abortion Controversy (Title only, no further information)",,No Further Information Available,2025-02,Banned
No Further Information Available,"The Haiti Earthquake (Title only, no further information)",,No Further Information Available,2025-02,Banned
No Further Information Available,"Violence Against Women (Title only, no further information)",,No Further Information Available,2025-02,Banned
No Further Information Available,"Violence in the Media (Title only, no further information)",,No Further Information Available,2025-02,Banned
No Further Information Available,"Weapons of Mass Destruction (Title only, no further information)",,No Further Information Available,2025-02,Banned
"Noah, Trevor",Born a Crime: Stories from a South African Childhood,,,2024-08,Banned | Banned Pending Investigation
"Noël, Alyson",Blue Moon (AN),,,,Banned By Restriction
"Noël, Alyson",Dark Flame,,,,Banned Pending Investigation | Banned
"Noël, Alyson",Everlasting,,,,Banned Pending Investigation | Banned
"Noël, Alyson",Evermore,,,,Banned Pending Investigation | Banned
"Noël, Alyson",Kiss and Blog,,,,Banned Pending Investigation
"Noël, Alyson",Night Star,,,2025-02,Banned | Banned Pending Investigation
"Noël, Alyson",Saving Zoë,,,,Banned Pending Investigation
"Noël, Alyson",Shadowland,,,2025-02,Banned
"Noguera, Pedro A.","The Trouble with Black Boys: And Other Reflections on Race, Equity, and the Future of Public Education",Banned in Classrooms,,2021-08,
"Nolen, Jerdine",Thunder Rose,Banned Pending Investigation,,2022-01,
"Noni, Lynette",The Prison Healer,,,,Banned By Restriction
"Noone, Gabby",Layoverland,,,,Banned Pending Investigation
"Nordberg, Jenny",The Underground Girls of Kabul: in Search of a Hidden Resistance in Afghanistan,Banned Pending Investigation,,2021-11,Banned By Restriction
"Norman, Philip",Paul McCartney: The Life,,,,Banned Pending Investigation
"North, Ari",Always Human,Banned Pending Investigation,,2022-02,
"Northrop, Michael",Gentleman,,,2024-10,Banned
"Northrop, Michael",Gentlemen,,,2025-02,Banned
"Norton, Preston",Neanderthal Opens the Door to the Universe,Banned in Libraries and Classrooms,,2022-06,Banned Pending Investigation | Banned from Libraries | Banned from Libraries and Classrooms | Banned | Banned By Restriction
"Norton, Preston",Where I End and You Begin,,,2022-09,Banned Pending Investigation | Banned from Libraries and Classrooms | Banned | Banned By Restriction
"Nottage, Lynn",Sweat,,,,Banned By Restriction
"Novgorodoff, Danica",The Undertaking of Lily Chen,,,,Banned By Restriction
"Novik, Naomi",Uprooted,,,,Banned
"Novoa, Gabe Cole",Most Ardently: A Pride & Prejudice Remix,,,,Banned
"Novoa, Gabe Cole",The Diablo's Curse,,,,Banned
"Novoa, Gabe Cole",The Wicked Bargain,,,2024-08,Banned By Restriction | Banned
"Nowinski, Hanna",Meg & Linus,Banned Pending Investigation,,2022-01,
"Nowlin, Laura",If He Had Been With Me,,,2025-06,Banned Pending Investigation | Banned
"Noxon, Christopher",Good Trouble: Lessons from the Civil Rights Playbook,Banned Pending Investigation,,2021-10,
"Noyes, Deborah",Plague in the Mirror,,,,Banned Pending Investigation
"Nutt, Amy Ellis",Becoming Nicole: The inspiring story of transgender actor-activist Nicole Maines and her extraordinary family,Banned Pending Investigation,,2021-12,
"Nye, Naomi Shihab",A Maze Me: Poems for Girls,,,2024-08,Banned
"Nye, Naomi Shihab",The Flag of Childhood: Poems From the Middle East,Banned Pending Investigation,,2022-01,
"Nye, Naomi Shihab",The Turtle of Oman,Banned Pending Investigation,,2022-01,
"Nyong'o, Lupita",Sulwe,Banned in Classrooms | Banned Pending Investigation,,2021-08,Banned Pending Investigation
"O'Brian, Pliny",Myths of the Ancient Greeks,,,2024-12,Banned
"O'Brien, Caragh M.",The Rule of Mirrors,,,,Banned By Restriction
"O'Brien, Cynthia",2021 Book of World Records,,,,Banned Pending Investigation
"O'Brien, Cynthia","Best and Buzzworthy 2017: World Records, Trending Topics, and Viral Moments",,,,Banned Pending Investigation
"O'Brien, Erica",The Country Girls: Three Novels and an Epilogue,,,,Banned
"O'Brien, Lee Paige",A Hundred Vicious Turns,,,2024-08,Banned By Restriction
"O'Brien, Tim",In the Lake of the Woods,,,2022-10,Banned Pending Investigation
"O'Brien, Tim",The Things They Carried,Banned Pending Investigation,,2021-11,Banned | Banned Pending Investigation
"O'Connor, Flannery",A Good Man is Hard to Find And Other Stories,,,2025-06,Banned Pending Investigation | Banned
"O'Connor, Flannery",The Complete Stories,,,,Banned Pending Investigation
"O'Connor, George",Olympians,,,,Banned By Restriction
"O'Connor, George",Olympians: Artemis - Wild Goddess of the Hunt,,,2025-05,Banned
"O'Connor, Jane",The Snow Globe Family,,,2025-04,Banned
"O'Connor, Maureen",Equal Rights,Banned Pending Investigation,,2021-12,
"O'Dell, Scott",Sarah Bishop,,,2024-08,Banned By Restriction
"O'Dell, Tawni",Back Roads,,,,Banned By Restriction
"O'Donnell, Lisa",The Death of Bees,,,2022-10,Banned Pending Investigation
"O'Donoghue, Caroline",All Our Hidden Gifts,Banned Pending Investigation,,2022-02,
"O'Farrell, Maggie",The Vanishing Act of Esme Lennox,,,2025-06,Banned By Restriction
O'Keeffe,Georgia O'Keeffe,,,2025-04,Banned
"O'Leary, Sara",A Family Is a Family Is a Family,Banned Pending Investigation,,2022-01,Banned Pending Investigation
"O'Malley Cerra, Kerry",Hear Me,,,2024-08,Banned By Restriction
"O'Malley, Bryan Lee",Scott Pilgrim Vol. 5: Scott Pilgrim vs. the Universe,,,2022-09,Banned Pending Investigation | Banned By Restriction
"O'Neill, Eugene",Long Day's Journey Into Night,,,,Banned By Restriction
"O'Neill, K.",The Tea Dragon Society,,,,Banned Pending Investigation | Banned By Restriction
"O'Neill, Kay",Princess Princess Ever After,Banned in Libraries,,2022-01,
"O'Neill, Louise",Asking for It,Banned in Libraries and Classrooms,,2022-03,Banned from Libraries and Classrooms | Banned Pending Investigation | Banned
"O'Reilly, Bill",HItler's Last Days: The Death of the Nazi Regime and the World's Most Notorious Dictator,,,2025-02,Banned
"O'Reilly, Bill",Killing Jesus: A History,,,,Banned Pending Investigation
"O'Reilly, Bill",Killing Lincoln: A Shocking Assassination that Changed America Forever,,,,Banned Pending Investigation
"O'Reilly, Bill",Killing Reagan: The Violent Assault That Changed a Presidency,,,,Banned Pending Investigation
"O'Reilly, Bill",The O'Reilly Factor for Kids: A Survival Guide for America's Families,,,2024-07,Banned By Restriction | Banned
"O'Shei, Tim",Karate,,,2024-11,Banned
"O'Shei, Tim",Kung Fu,,,2024-11,Banned
"O'Shei, Tim",Tae Kwon Do,,,2025-02,Banned
"Oakes, Stephanie",The Sacred Lies of Minnow Bly,,,,Banned
"Oates, Joyce Carol",Beasts,,,,Banned Pending Investigation
"Oates, Joyce Carol",Foxfire: Confessions of a Girl Gang,,,,Banned
"Oates, Joyce Carol",Freaky Green Eyes,,,2025-02,Banned
"Oates, Joyce Carol",The Assignation,,,,Banned By Restriction
"Oates, Joyce Carol",The Falls,,,,Banned Pending Investigation
"Oates, Joyce Carol",We Were the Mulvaneys,,,,Banned By Restriction
"Oates, Joyce Carol",Will You Always Love Me? And Other Stories,,,,Banned
"Obata, Takeshi","All You Need is Kill, Book 1",,,2025-04,Banned
"Ockler, Sarah",Book of Broken Hearts,,,,Banned Pending Investigation
"Ockler, Sarah",Twenty Boy Summer,,,2025-06,Banned Pending Investigation | Banned
"Oda, Eiichiro",One Piece,,,2025-01,Banned
"Oestreicher, Mark","Youth Ministry 3.0: A Manifesto of Where We've Been, Where We Are, and Where We Need to Go",,,2025-05,Banned
"Ogaki, Philippe",The Mythics #1: Heroes Reborn,,"Lyfoung, Patricia; Sobral, Patrick",2022-09,Banned Pending Investigation
"Ogden, Charlie",Equality & Diversity,,,,Banned
"Ogden, Charlie",Identity and Gender,Banned Pending Investigation,,2021-12,Banned By Restriction | Banned
"Ogle, Rex",Free Lunch,,,,Banned By Restriction
"Ogle, Rex",Punching Bag,,,,Banned Pending Investigation
"Oh, Ellen",Finding Junie Kim,,,,Banned By Restriction
"Oh, Temi",Do You Dream of Terr-Two?,,,2025-02,Banned
"Ohba, Tsugumi",Bakuman,,,,Banned
"Ohba, Tsugumi",Death Note,,,,Banned
"Ohba, Tsugumi",Death Note: Black Edition,,,,Banned
"Ohkubo, Atsushi","Fire Force, Vol. 1",,,2022-08,Banned from Libraries and Classrooms | Banned By Restriction | Banned | Banned Pending Investigation
"Ohkubo, Atsushi","Soul Eater, Vol. 1",,,2022-10,Banned from Libraries | Banned
"Ohkubo, Atsushi","Soul Eater, Vol. 10",,,2024-09,Banned | Banned Pending Investigation
"Ohkubo, Atsushi","Soul Eater, Vol. 11",,,2024-09,Banned
"Ohkubo, Atsushi","Soul Eater, Vol. 12",,,2024-09,Banned | Banned Pending Investigation
"Ohkubo, Atsushi","Soul Eater, Vol. 13",,,2024-09,Banned | Banned Pending Investigation
"Ohkubo, Atsushi","Soul Eater, Vol. 14",,,2024-09,Banned
"Ohkubo, Atsushi","Soul Eater, Vol. 15",,,2024-09,Banned
"Ohkubo, Atsushi","Soul Eater, Vol. 16",,,2024-09,Banned
"Ohkubo, Atsushi","Soul Eater, Vol. 17",,,2024-09,Banned | Banned Pending Investigation
"Ohkubo, Atsushi","Soul Eater, Vol. 18",,,2024-10,Banned
"Ohkubo, Atsushi","Soul Eater, Vol. 19",,,2024-10,Banned
"Ohkubo, Atsushi","Soul Eater, Vol. 2",,,2022-10,Banned from Libraries | Banned | Banned Pending Investigation
"Ohkubo, Atsushi","Soul Eater, Vol. 20",,,2024-10,Banned
"Ohkubo, Atsushi","Soul Eater, Vol. 21",,,2024-10,Banned | Banned Pending Investigation
"Ohkubo, Atsushi","Soul Eater, Vol. 22",,,2024-10,Banned | Banned Pending Investigation
"Ohkubo, Atsushi","Soul Eater, Vol. 23",,,2024-10,Banned | Banned Pending Investigation
"Ohkubo, Atsushi","Soul Eater, Vol. 24",,,2024-10,Banned
"Ohkubo, Atsushi","Soul Eater, Vol. 25",,,2024-10,Banned
"Ohkubo, Atsushi","Soul Eater, Vol. 3",,,2022-10,Banned from Libraries | Banned | Banned Pending Investigation
"Ohkubo, Atsushi","Soul Eater, Vol. 4",,,2022-10,Banned from Libraries | Banned | Banned Pending Investigation
"Ohkubo, Atsushi","Soul Eater, Vol. 5",,,2022-10,Banned from Libraries | Banned | Banned Pending Investigation
"Ohkubo, Atsushi","Soul Eater, Vol. 6",,,2024-09,Banned | Banned Pending Investigation
"Ohkubo, Atsushi","Soul Eater, Vol. 7",,,2024-09,Banned | Banned Pending Investigation
"Ohkubo, Atsushi","Soul Eater, Vol. 8",,,2024-09,Banned | Banned Pending Investigation
"Ohkubo, Atsushi","Soul Eater, Vol. 9",,,2024-09,Banned | Banned Pending Investigation
"Ohlin, Nancy",Consent,,,2022-10,Banned from Libraries and Classrooms
"Ohtagaki, Yasuo",Mobile Suit Gundam Thunderbolt,,,2025-04,Banned
"Ohtaka, Shinobu","Sumomomo, Momomo: The Strongest Bride on Earth, Vol. 1",,,2022-08,Banned from Libraries and Classrooms
"Ōima, Yoshitoki",A Silent Voice,,,,Banned
"Ojeda, Auriana",Homosexuality (AO),,,2024-08,Banned By Restriction
"Ojeda, Auriana",Male/Female Roles (AO),,,,Banned
"Ojeda, Auriana",Teens At Risk,,,2025-02,Banned
"Okorafor, Nnedi",Remote Control,,,2025-02,Banned By Restriction
"Older, Daniel José",Shadowshaper,,,,Banned Pending Investigation
"Oleksyk, Sarah",Ivy,,,2022-09,Banned Pending Investigation
"Oles, James",Art and Architecture in Mexico,,,2025-04,Banned
"Oliver, Lauren",Before I Fall,Banned Pending Investigation,,2021-10,Banned | Banned Pending Investigation | Banned By Restriction
"Oliver, Lauren",Broken Things,Banned Pending Investigation,,2021-10,
"Oliver, Lauren",Delirium,,,,Banned Pending Investigation
"Oliver, Lauren",Pandemonium,,,,Banned Pending Investigation
"Oliver, Lauren",Replica: Gemma Lyra,,,2024-10,Banned
"Oliver, Lauren",Requiem,,,,Banned Pending Investigation
"Oliver, Lauren",Ringer,,,2023-03,Banned from Libraries | Banned
"Oliver, Lauren",Vanishing Girls,,,,Banned Pending Investigation
"Olsen, Gregg","If You Tell: A True Story of Murder, Family Secrets, and the Unbreakable Bond of Sisterhood",,,,Banned By Restriction
"Olsen, Shannon",Our Class is a Family,Banned in Classrooms,,2021-08,
"Olshan, Matthew",Finn,,,,Banned Pending Investigation
"Olson, Kay Melchisedech",Johann Gutenberg and the Printing Press,,,2023-06,Banned from Libraries and Classrooms
"Olson, Nathan",Theodore Roosevelt: Bear of a President,,,2025-04,Banned
"Olson, Nathan",Tupac Shakur,,,,Banned Pending Investigation
"Oluo, Ijeoma",Mediocre: The Dangerous Legacy of White Male America,,,2022-08,Banned from Libraries and Classrooms
"Oluo, Ijeoma",So You Want to Talk About Race,Banned in Classrooms | Banned Pending Investigation,,2021-08,Banned
"Omololu, Cynthia Jaynes",The Third Twin,,,,Banned Pending Investigation
One,One-Punch Man,,,,Banned
"Onwuachi, Kwame",Notes from a Young Black Chef,,"Stein, Joshua David",,Banned Pending Investigation
"Onwuachi, Kwame",Notes from a Young Black Chef (Adapted for Young Adults),,"Stein, Joshua David",,Banned Pending Investigation
"Opie, Mary-Jane",Sculpture,,DK Publications,2025-04,Banned
"Oppel, Kenneth",Every Hidden Thing,,,2022-10,Banned from Libraries | Banned | Banned Pending Investigation
"Orgel, Doris",The Flower of Sheba,,"Schecter, Ellen",2023-06,Banned from Libraries and Classrooms
"Ormiston, Rosalind",Michelangelo: His Life and Works in 500 Images,,,2024-11,Banned
"Ormiston, Rosalind",Rembrandt: His Life and Works in 500 Images,,,2025-02,Banned
"Ormsbee, Kathryn",Candidly Cline,,,,Banned Pending Investigation
"Orr, Bobby",Orr: My Story,,,,Banned By Restriction
"Orr, Tamra B.",Coping with Breakups and Jealousy,,,,Banned
"Orr, Tamra B.",Coping with Racial Inequality,,,,Banned
"Orr, Tamra B.",Home and Family Relationships,,,2024-08,Banned By Restriction | Banned
"Orr, Tamra B.","Violence in Our Schools: Halls of Hope, Halls of Fear",,,2025-02,Banned
"Ortiz, Paul",An African American and Latinx History of the United States,Banned in Classrooms | Banned Pending Investigation,,2021-08,Banned
"Ortiz, Simon J.",The People Shall Continue,Banned in Classrooms,,2021-08,
"Orvell, Miles",American Photography,,,,Banned Pending Investigation
"Orwell, George",1984,,,2023-01,Banned from Libraries | Banned Pending Investigation | Banned By Restriction | Banned
"Orwell, George",1984: The Graphic Novel,,,2022-10,Banned from Libraries and Classrooms | Banned Pending Investigation | Banned
"Orwell, George",Animal Farm: A Fairy Story,,,2025-02,Banned
"Osawa, Yayoia",Hello Melancholic,,,,Banned Pending Investigation
"Osborne, Mary Pop",Ancient Greece and the Olympics: A Nonfiction Companion to Magic Tree House,,"Boyce, Natalie Pope",2024-08,Banned By Restriction | Banned
"Osborne, Mary Pope",The Random House Book of Bible Stories,,"Boyce, Natalie Pope",2023-06,Banned from Libraries and Classrooms
"Osborne, Richard",Art Theory for Beginners,,,2025-04,Banned
"Oseman, Alice",Heartstopper 1 (Spanish Edition),,,2024-08,Banned
"Oseman, Alice","Heartstopper, Vol. 1",,,2022-11,Banned Pending Investigation | Banned | Banned By Restriction
"Oseman, Alice","Heartstopper, Vol. 2",,,2022-11,Banned Pending Investigation | Banned | Banned By Restriction
"Oseman, Alice","Heartstopper, Vol. 3",,,2022-11,Banned Pending Investigation | Banned | Banned By Restriction
"Oseman, Alice","Heartstopper, Vol. 4",,,2022-11,Banned Pending Investigation | Banned | Banned By Restriction
"Oseman, Alice","Heartstopper, Vol. 5",,,2024-08,Banned | Banned By Restriction
"Oseman, Alice",Heartstopper: Volume One,Banned Pending Investigation,,2022-02,
"Oseman, Alice",Heartstopper: Volume Three,Banned Pending Investigation,,2022-02,
"Oseman, Alice",Heartstopper: Volume Two,Banned Pending Investigation,,2022-02,
"Oseman, Alice",I Was Born for This,,,,Banned
"Oseman, Alice",Loveless,,,2024-08,Banned By Restriction | Banned | Banned Pending Investigation
"Oseman, Alice",Nick and Charlie: A Heartstopper Novella,,,2024-08,Banned | Banned By Restriction
"Oseman, Alice",Radio Silence,,,,Banned Pending Investigation
"Oseman, Alice",Solitaire,,,,Banned Pending Investigation
"Oseman, Alice",The Heartstopper Yearbook,,,2024-08,Banned
"Oseman, Alice",This Winter - A Heartstopper Novella,,,2024-08,Banned
"Oshiro, Mark",Anger Is a Gift,Banned Pending Investigation,,2022-02,Banned By Restriction
"Oshiro, Mark",Anger Is a Gift: A Novel,Banned Pending Investigation,,2021-11,
"Oshiro, Mark",Each of Us a Desert,Banned Pending Investigation,,2021-12,
"Oshiro, Mark",Into the Light,,,2024-08,Banned By Restriction | Banned
"Oshiro, Mark",The Insiders,,,,Banned Pending Investigation
"Osier, Peter",The History of Western Sculpture,,,2022-09,Banned Pending Investigation
"Osman, Jamila","Navigating Intersectionality: How Race, Class, and Gender Overlap",,,,Banned
"Ostertag, Molly Knox",The Deep Dark,,,,Banned
"Ostertag, Molly Knox",The Girl from the Sea,,,,Banned Pending Investigation
"Ostertag, Molly Knox",The Hidden Witch,,,2025-04,Banned By Restriction | Banned Pending Investigation
"Ostertag, Molly Knox",The Midwinter Witch,,,,Banned Pending Investigation
"Ostertag, Molly Knox",The Witch Boy,Banned in Libraries and Classrooms,,2021-11,Banned Pending Investigation | Banned
"Ostrom, Melissa",The Beloved Wild,,,,Banned Pending Investigation
"Ostrom, Melissa",Unleaving,,,,Banned
"Ostrovski, Emil",Away We Go,Banned Pending Investigation,,2021-12,Banned | Banned Pending Investigation
"Otomo, Katsuhiro",Akira,,,2024-10,Banned
"Otoshi, Kathryn",Draw the Line (KO),,,,Banned Pending Investigation
"Otsuka, Julie",When the Emperor Was Divine,Banned in Classrooms,,2022-06,Banned Pending Investigation
"Ottaviani, Jim",Feynman,,,2022-09,Banned Pending Investigation
"Ottaviani, Jim",The Imitation Game: Alan Turing Decoded,Banned Pending Investigation,,2022-02,Banned Pending Investigation
"Ottomann, Klaus",The Essential Michelangelo,,,2022-09,Banned Pending Investigation
"Overy, Alexandra",These Feathered Flames,Banned Pending Investigation,,2022-02,
Ovid,"Ars Amatoria; Or, The Art of Love",,,,Banned Pending Investigation
Ovid,Metamorphoses,,,,Banned Pending Investigation
"Owens, Delia",Where the Crawdads Sing,,,2024-08,Banned | Banned By Restriction | Banned Pending Investigation
"Oxford, Andromeda",Raintree Steck-Vaughn Illustrated Science Encyclopedia,,,,Banned Pending Investigation
"Ozaki, Kaori",The Golden Sheep 1,,,2022-09,Banned Pending Investigation
"Pacat, C. S.",Kings Rising,,,2025-06,Banned Pending Investigation | Banned
"Pace, Lorenzo",Jalani and the Lock,,,2023-03,Banned from Libraries and Classrooms
"Packer, Ann",The Dive From Clausen's Pier,,,,Banned
"Packer, Kenneth L.",HIV infection: The Facts You Need to Know,,,,Banned Pending Investigation
"Pacton, Jamie",The Life and (Medieval) Times of Kit Sweetly,Banned Pending Investigation,,2022-02,
"Page, Elliot",Pageboy,,,,Banned
"Page, Nathan",The Witch's Hand (The Montague Twins),Banned Pending Investigation,"Shannon, Drew",2022-02,
"Paige, D. M.",Stealing Snow,,,,Banned Pending Investigation
"Paige, Daniella",Dorothy Must Die,,,,Banned Pending Investigation
"Painter, Lynn",Better than the Movies,,,,Banned Pending Investigation
"Painter, Nell Irvin","Sojourner Truth: A life, A Symbol",,,,Banned Pending Investigation
"Pak, Soyung",Dear Juno,Banned Pending Investigation,,2022-01,
"Palacio, R. J.",White Bird,Banned in Libraries,,2021-10,
"Palacio, R.J.",Wonder,,,,Banned Pending Investigation
"Palad, Thea",Mixed Messages: Interpreting Body Image and Social Norms,,,2024-08,Banned Pending Investigation
"Palahniuk, Chuck",Adjustment Day,,,2024-08,Banned | Banned Pending Investigation
"Palahniuk, Chuck",Choke (CP),,,2025-02,Banned | Banned from Libraries and Classrooms | Banned Pending Investigation | Banned By Restriction
"Palahniuk, Chuck",Damned,,,,Banned
"Palahniuk, Chuck",Diary,,,2024-08,Banned
"Palahniuk, Chuck",Doomed,,,,Banned | Banned Pending Investigation
"Palahniuk, Chuck",Fight Club,,,2023-06,Banned Pending Investigation | Banned
"Palahniuk, Chuck",Haunted,,,2023-03,Banned from Libraries and Classrooms | Banned | Banned Pending Investigation
"Palahniuk, Chuck",Invisible Monsters Remix,,,2024-11,Banned | Banned Pending Investigation
"Palahniuk, Chuck",Lullaby,,,2024-08,Banned | Banned Pending Investigation
"Palahniuk, Chuck",Rant: The Oral Biography of Buster Casey,,,2023-03,Banned from Libraries and Classrooms | Banned Pending Investigation | Banned
"Palahniuk, Chuck",Snuff,,,,Banned Pending Investigation
"Palahniuk, Chuck",Survivor (CP),,,2024-08,Banned
"Palmer, Bill",Homophobia: From Social Stigma to Hate Crimes,Banned in Libraries,,2021-12,Banned
"Palmer, Bill","What Causes Sexual Orientation?: Genetics, Biology, Psychology",,,,Banned
"Pan, Emily X. R.",Arrow to the Moon,,,2024-10,Banned
"Pancella, Peggy",Your Own Safety,,,2024-08,Banned By Restriction
"Pancholy, Maulik",The Best at It,Banned in Libraries and Classrooms,,2021-11,Banned By Restriction | Banned Pending Investigation | Banned
"Pancza-Graham, Arleen",North American Art to 1900,,,2025-02,Banned
"Panetta, Kevin",Bloom,Banned Pending Investigation,,2022-02,Banned By Restriction
"Paolini, Christopher",Brisingr,,,2022-10,Banned from Libraries
"Paolini, Christopher",Eldest,,,2022-10,Banned from Libraries
"Paolini, Christopher",Eragon,,,2022-10,Banned from Libraries
"Paolini, Christopher",Inheritance,,,2022-10,Banned from Libraries
"Papadatos, Alecos",Democracy,,"Kawa, Abraham; Di Donna, Annie",2022-09,Banned Pending Investigation
"Papademetriou, Lisa",M or F?,Banned Pending Investigation,"Tebbetts, Chris",2022-01,Banned By Restriction
"Pardes, Bronwen","Doing It Right: Making Smart, Safe, and Satisfying Choices About Sex",Banned in Libraries,,2021-07,Banned
"Paris, B. A.",Behind Closed Doors,,,,Banned By Restriction
"Paris, Django",Culturally Sustaining Pedagogies: Teaching and Learning for Justice in a Changing World,Banned in Classrooms,H. Samy Alim,2021-08,
"Parish, Theo",Homebody: A Graphic Memoir of Gender Identity Exploration,,,,Banned
"Park, Linda Sue",A Long Walk to Water: Based on a True Story,,,,Banned
"Park, Linda Sue",Nya's Long Walk: A Step at a Time,Banned Pending Investigation,,2022-01,
"Park, Linda Sue",Project Mulberry,,,,Banned By Restriction
"Parker Rhodes, Jewell","Black Brother, Black Brother",,,2022-09,Banned Pending Investigation | Banned
"Parker, Morgan",Who Put This Song On?,,,,Banned Pending Investigation
"Parker, Natalie C.",The Devouring Wolf,,,2024-08,Banned By Restriction
"Parker, Robert B.",Valediction,,,,Banned Pending Investigation
"Parker, Steve",Mammal,,,2024-10,Banned
"Parker, Steve",Medicine,,,2024-11,Banned
"Parker, Steve","Skeleton: Discover the Evolution, Structure, and Functions of Bones",,,2025-02,Banned
"Parker, Steve",Super Human Encyclopedia: Discover the Amazing Things Your Body Can Do,,,,Banned Pending Investigation
"Parker, Steve","The Human Body Book: An Illustrated Guide to its Structure, Function, and Disorders",,"Walker, Richard",2025-02,Banned
"Parker, Victoria",Bible Stories for Children,,"Dyson, Janet",2023-06,Banned from Libraries and Classrooms
"Parker-Chan, Shelley",She who Became the Sun,,,2024-11,Banned By Restriction
"Parkhurst, Carolyn",The Dogs of Babel,,,,Banned By Restriction
"Parks, Casey",Diary of a Misfit: A Memoir and a Mystery,,,2024-08,Banned By Restriction | Banned
"Parks, Gordon",The Learning Tree,,,,Banned | Banned By Restriction
"Parks, Kathy",Notes from My Captivity,,,2024-10,Banned
"Parks, Peggy J.",How Prevalent Is Racism in Society?,Banned in Libraries,,2021-12,Banned
"Parks, Peggy J.",Racial Discrimination,,,,Banned
"Parks, Peggy J.",Teenage Sex and Pregnancy,Banned in Libraries,,2021-12,Banned Pending Investigation
"Parks, Peggy J.",The Black Lives Matter Movement,Banned Pending Investigation,,2022-02,
"Parr, Maria",Adventures with Waffles,,,,Banned By Restriction
"Parr, Todd",El Libro de la Familia/The Family Book (Spanish Edition),,,2024-08,Banned By Restriction
"Parr, Todd",Esta bien ser diferente/It's Okay to Be Different (Spanish Version),Banned in Classrooms,,2021-08,
"Parr, Todd",It's Okay To Be Different,,,2023-03,Banned from Libraries and Classrooms | Banned Pending Investigation
"Parr, Todd",The Family Book,Banned Pending Investigation,,2022-03,Banned Pending Investigation | Banned from Libraries and Classrooms | Banned from Libraries | Banned By Restriction | Banned
Parramon,"The Digestive System (Title and author only, no further information)",,,2025-02,Banned
"Parrot, Andrea",Coping with Date Rape and Acquaintance Rape,,,,Banned Pending Investigation | Banned
"Parsons, Ash",You're So Dead,,,2024-08,Banned By Restriction
"Partridge, Elizabeth",Restless Spirit: The Life and Work of Dorothea Lange,,,2024-08,Banned By Restriction
"Pascal, Francine",Kill Game,,,,Banned Pending Investigation
"Pascal, Janet B.",What was the Wild West,,,,Banned Pending Investigation
"Pascal, Janet B.",Who Was Dr. Seuss?,,,,Banned Pending Investigation
"Pascal, Janet B.",Who Was Maurice Sendak?,,,,Banned By Restriction
"Pascat, C.S.",Fence,,,,Banned Pending Investigation
"Pascat, C.S.",Fence: Rivals,,,,Banned Pending Investigation
"Pascoe, C.J.","Dude, You're a Fag: Masculinity and Sexuality in High School",,,,Banned
"Pasternak, Boris Leonidovich",Doctor Zhivago,,,,Banned Pending Investigation
"Patchett, Ann",Bel Canto,,,,Banned By Restriction
"Patchett, Ann",State of Wonder,,,,Banned By Restriction | Banned Pending Investigation
"Patchett, Ann",The Patron Saint of Liars,,,,Banned By Restriction
"Patel, Sonia",Jaya and Rasa: A Love Story,Banned Pending Investigation,,2021-12,Banned By Restriction | Banned
"Patel, Sonia",Rani Patel in Full Effect,,,2024-10,Banned | Banned Pending Investigation
"Paterson, Katherine",Bridge to Terabithia,Banned Pending Investigation,,2021-10,Banned
"Paterson, Katherine",Jacob Have I Loved,,,,Banned Pending Investigation
"Paton, Jonathan",The Land and People of South Africa,,,,Banned Pending Investigation
"Patterson, James",10th Anniversary,,,,Banned
"Patterson, James",1st to Die,,,,Banned | Banned By Restriction
"Patterson, James",2nd Chance,,"Gross, Andrew",,Banned By Restriction
"Patterson, James",3rd Degree,,"Gross, Andrew",,Banned By Restriction
"Patterson, James",4th of July,,"Paetro, Maxine",,Banned By Restriction
"Patterson, James",Alex Cross,,,,Banned
"Patterson, James","All-American Murder: The Rise and Fall of Aaron Hernandez, the Superstar Whose Life Ended on Murderers' Row",,"Abramovich, Alex; Harvkey, Mike",,Banned By Restriction
"Patterson, James",Along Came A Spider,,,,Banned
"Patterson, James",Angel,,,2023-02,Banned from Libraries | Banned
"Patterson, James",Confessions of a Murder Suspect,,"Paetro, Maxine",,Banned Pending Investigation | Banned By Restriction
"Patterson, James",Cradle and All,Banned Pending Investigation,,2021-12,
"Patterson, James",Crazy House,,,,Banned
"Patterson, James",Cross,,,,Banned Pending Investigation
"Patterson, James",Cross Country,,,,Banned By Restriction
"Patterson, James",Demons and Druids,,,,Banned
"Patterson, James",Fang,,,2023-02,Banned from Libraries
"Patterson, James",Honeymoon,,"Roughan, Howard",,Banned Pending Investigation
"Patterson, James",Judge and Jury,,"Gross, Andrew",,Banned By Restriction
"Patterson, James",Lifeguard,,"Gross, Andrew",,Banned By Restriction
"Patterson, James",London Bridges,,,,Banned Pending Investigation
"Patterson, James",Max,,,2023-02,Banned from Libraries | Banned
"Patterson, James",Maximum Ride Forever,,,2023-02,Banned from Libraries
"Patterson, James","Maximum Ride: The Manga, Vol 3",,,,Banned By Restriction
"Patterson, James",Nevermore,,,2023-02,Banned from Libraries
"Patterson, James",NYPD Red,,"Karp, Marshall",,Banned Pending Investigation
"Patterson, James","Private: New York, Los Angeles, London, Paris",,"Paetro, Maxine",,Banned Pending Investigation | Banned
"Patterson, James",Sail,,"Roughan, Howard",,Banned By Restriction
"Patterson, James",Sam's Letters to Jennifer,,"Roughan, Howard",,Banned Pending Investigation
"Patterson, James",Saving the World & Other Extreme Sports,,,2023-02,Banned from Libraries
"Patterson, James",School's Out - Forever,,,2023-02,Banned from Libraries | Banned
"Patterson, James",Suzanne's Diary for Nicholas,,,,Banned By Restriction
"Patterson, James",The 5th Horseman,,"Paetro, Maxine",,Banned By Restriction
"Patterson, James",The 9th Judgment,,"Paetro, Maxine",,Banned By Restriction | Banned
"Patterson, James",The Angel Experiment,,,2023-02,Banned from Libraries
"Patterson, James",The Beach House,,"De Jonge, Peter",,Banned Pending Investigation
"Patterson, James",The Big Bad Wolf,,,2024-12,Banned | Banned Pending Investigation
"Patterson, James",The Dangerous Days of Daniel X,,,,Banned
"Patterson, James",The Final Warning,,,2023-02,Banned from Libraries
"Patterson, James",The Fire,,"Dembowski, Jill",2022-10,Banned from Libraries
"Patterson, James",The Gift,,"Rust, Ned",2022-10,Banned from Libraries
"Patterson, James",The Jester,,,,Banned Pending Investigation
"Patterson, James",The Kiss,,"Dembowski, Jill",2022-10,Banned from Libraries
"Patterson, James",The Lake House,,,,Banned By Restriction
"Patterson, James",The Lost,,"Raymond, Emily",2022-10,Banned from Libraries
"Patterson, James",The Murder of King Tut: The Plot to Kill the Child King - A Nonfiction Thriller,,"Dugard, Martin",,Banned Pending Investigation
"Patterson, James",Tick Tock,,"Ledwidge, Michael",,Banned By Restriction
"Patterson, James",Toys,,"McMahon, Neil",,Banned By Restriction
"Patterson, James",Violets Are Blue (JP),,,,Banned Pending Investigation | Banned By Restriction
"Patterson, James",Watch the Skies,,,,Banned
"Patterson, James",When the Wind Blows,,,,Banned Pending Investigation | Banned By Restriction
"Patterson, James",Witch and Wizard,,"Charbonnet, Gabrielle",2022-10,Banned from Libraries | Banned By Restriction
"Patterson, James",Zoo,,"Ledwidge, Michael",,Banned Pending Investigation
"Patterson, Jodie",Born Ready: The True Story of a Boy Named Penelope,,,2022-10,Banned Pending Investigation | Banned
"Patterson, Richard North",Protect and Defend,Banned Pending Investigation,,2021-12,
"Pau Preto, Nicki",Crown of Feathers,Banned Pending Investigation,,2022-02,
"Pau Preto, Nicki",Heart of Flames,Banned Pending Investigation,,2022-02,
"Pau Preto, Nicki",Wings of Shadow,Banned Pending Investigation,,2022-02,
"Paulsen, Gary",Hatchet,,,,Banned Pending Investigation
"Paulsen, Gary",Lawn Boy (GP),,,,Banned
"Paulsen, Gary",Sisters/Hermanas,Banned in Libraries,,2021-11,Banned
"Paulsen, Gary",The Crossing,,,2024-08,Banned By Restriction
"Paulsen, Gary","The Glass Café: Or, The Stripper and the State; How My Mother Started a War with the System that Made Us Kind of Rich and a Little Bit Famous",,,2025-03,Banned
"Paulsen, Gary",The River,,,2022-10,Banned from Libraries
"Payment, Simone","Friendship, Dating, and Relationships (Teens: Being Gay, Lesbian, Bisexual, or Transgender)",Banned in Libraries,,2021-12,Banned By Restriction | Banned
"Payne, Alexander",Sideways: The Shooting Script,,"Taylor, Jim",,Banned By Restriction
"Payne, Mary Jennifer",Enough,,,,Banned Pending Investigation
"Pear, Nancy",Explorers and Discoverers: from Alexander the Great to Sally Ride,,,,Banned
"Pearlman, Robb",Pink Is for Boys,Banned in Classrooms | Banned Pending Investigation,,2021-08,Banned Pending Investigation | Banned
"Pearson, Anne",Ancient Greece,,,,Banned Pending Investigation
"Pearson, Anne",Ancient Greece (AP),,,2025-02,Banned
"Pearson, Mary E.",Dance of Thieves,,,,Banned By Restriction
"Pearson, Mary E.",The Beauty of Darkness,,,2022-10,Banned from Libraries | Banned | Banned Pending Investigation
"Pearson, Mary E.",The Heart of Betrayal,,,2022-10,Banned from Libraries | Banned | Banned Pending Investigation
"Pearson, Mary E.",The Kiss of Deception,,,2022-10,Banned Pending Investigation
"Pearson, Mary E.",Vow of Thieves,,,,Banned By Restriction
"Peck, Richard",A Year Down Yonder,,,,Banned Pending Investigation
"Peck, Richard",Fair Weather,,,,Banned Pending Investigation
"Peck, Richard",The Best Man,Banned Pending Investigation,,2021-12,Banned By Restriction | Banned
"Peck, Robert Newton",A Day No Pigs Would Die,,,2023-02,Banned from Libraries | Banned Pending Investigation | Banned
"Peebles, Alice",The 19th Century,,,2025-02,Banned
"Peet, Mal",Beck,,"Rosoff, Meg",2024-10,Banned
"Peet, Mal",Exposure,,,,Banned
"Peirce, Lincoln",Big Nate All Work and No Play: A Collection of Sundays,,,,Banned Pending Investigation
"Peirce, Lincoln",Big Nate and Friends,,,,Banned
"Peirce, Lincoln",Big Nate Blasts Off,,,,Banned Pending Investigation
"Peirce, Lincoln",Big Nate Flips Out,,,,Banned Pending Investigation
"Peirce, Lincoln",Big Nate From the Top,,,2024-11,Banned Pending Investigation
"Peirce, Lincoln",Big Nate Game On!,,,,Banned Pending Investigation
"Peirce, Lincoln",Big Nate Goes for Broke,,,,Banned Pending Investigation
"Peirce, Lincoln",Big Nate Hug it Out!,,,,Banned Pending Investigation
"Peirce, Lincoln",Big Nate in the Zone,,,,Banned Pending Investigation
"Peirce, Lincoln",Big Nate Lives it Up,,,,Banned Pending Investigation
"Peirce, Lincoln",Big Nate Makes the Grade,,,,Banned Pending Investigation
"Peirce, Lincoln",Big Nate on a Roll,,,,Banned Pending Investigation
"Peirce, Lincoln",Big Nate Strikes Again,,,,Banned
"Peirce, Lincoln",Big Nate's Greatest Hits,,,,Banned
"Peirce, Lincoln",Big Nate: A Good Old-Fashioned Wedgie,,,,Banned Pending Investigation
"Peirce, Lincoln",Big Nate: Genius Mode,,,,Banned Pending Investigation
"Peirce, Lincoln",Big Nate: Great Minds Think Alike,,,,Banned Pending Investigation
"Peirce, Lincoln",Big Nate: I Can't Take It,,,,Banned
"Peirce, Lincoln",Big Nate: In a Class by Himself,,,,Banned Pending Investigation
"Peirce, Lincoln",Big Nate: Mr. Popularity,,,,Banned Pending Investigation
"Peirce, Lincoln",Big Nate: Revenge of the Cream Puffs,,,,Banned Pending Investigation
"Peirce, Lincoln",Big Nate: Say Good-bye to Dork City,,,,Banned Pending Investigation
"Peirce, Lincoln",Big Nate: The Crowd Goes Wild,,,,Banned Pending Investigation
"Peirce, Lincoln",Big Nate: What Could Possibly Go Wrong,,,,Banned Pending Investigation
"Pelikan, Jaroslav Jan",Whose Bible Is It?: A History of the Scriptures,,,2025-02,Banned
"Pelleschi, Andrea",Transgender Rights and Issues,Banned Pending Investigation,,2021-12,Banned Pending Investigation | Banned By Restriction | Banned
"Pelta, Kathy",Trails to the Far West: Beyond the Mississippi,,,2025-02,Banned
"Pelzer, Dave","A Child Called ""It"": One Child's Courage to Survive",,,2023-01,Banned from Libraries | Banned | Banned Pending Investigation | Banned By Restriction
"Pelzer, Dave",A Man Named Dave: A Story of Triumph and Forgiveness,,,2025-02,Banned
"Pelzer, Dave",The Lost Boy: A Foster Child's Search for the Love of a Family,,,2024-10,Banned | Banned Pending Investigation
"Pelzer, Dave",The Privilege of Youth: A Teenager's Story,,,2024-10,Banned | Banned Pending Investigation
"Penfold, Alexandra",All Are Welcome,Banned in Classrooms,,2021-08,Banned from Libraries and Classrooms | Banned
Penguin Young Readers,Read With Dick and Jane books,,,2025-02,Banned
"Penne, Barbra",Transgender Role Models and Pioneers,,,2024-08,Banned By Restriction | Banned
"Penne, Barbra",Your Rights as an LGBTQ+ Teen,Banned Pending Investigation,,2022-02,Banned
"Pentecost, Kate",Elysium Girls,,,2024-10,Banned
"Peppas, Lynn",Life In Ancient Greece,,,2025-02,Banned
"Percy, Walker",The Moviegoer,,,,Banned By Restriction
"Perdew, Laura",A History of Art,,,2022-09,Banned Pending Investigation
"Pérez, Ashley Hope",Out of Darkness,Banned in Libraries and Classrooms | Banned in Classrooms | Banned Pending Investigation | Banned in Libraries,,2021-07,Banned Pending Investigation | Banned from Libraries and Classrooms | Banned from Libraries | Banned | Banned By Restriction
"Pérez, Ashley Hope",What Can't Wait,,,,Banned
"Perkins, Lynne Rae",Criss Cross,,,2022-10,Banned from Libraries
"Perkins, Mitali",Between Us and Abuela: A Family Story from the Border,Banned Pending Investigation,,2022-01,
"Perkins, Mitali",Forward Me Back to You,,,2024-10,Banned
"Perkins, Stephanie",Anna and the French Kiss,,,,Banned Pending Investigation
"Perkins, Stephanie",Isla and the Happily Ever After,,,,Banned Pending Investigation | Banned
"Perkins, Stephanie",There's Someone Inside Your House,,,2025-06,Banned Pending Investigation | Banned By Restriction | Banned
"Perkins, Useni Eugene",Hey Black Child,Banned in Classrooms,,2021-08,
"Perrotta, Tom",The Leftovers,,,,Banned Pending Investigation
"Perry, Bruce",Malcolm: The Life of a Man Who Changed Black America,,,,Banned Pending Investigation
"Perry, LaTashia M.",Skin Like Mine,Banned in Classrooms,,2021-08,
"Pessin-Wedbee, Brook",Who Are You? The Kid's Guide to Gender Identity,,,,Banned
"Pessl, Marisha",Special Topics in Calamity Physics,,,,Banned | Banned Pending Investigation
Peter Mercurio,Our Subway Baby,,,,Banned By Restriction | Banned Pending Investigation
"Peters, Diane",Girlness: Deal With it Body and Soul,,,2024-08,Banned By Restriction
"Peters, Jennifer",Critical Perspectives on Social Justice,,,,Banned
"Peters, Julie Anne",Between Mom and Jo,Banned in Libraries,,2021-12,Banned
"Peters, Julie Anne",Far from Xanadu,Banned in Libraries,,2021-12,
"Peters, Julie Anne",Grl2grl,Banned in Libraries and Classrooms | Banned Pending Investigation,,2021-11,Banned Pending Investigation | Banned from Libraries and Classrooms | Banned By Restriction | Banned
"Peters, Julie Anne",It's Our Prom (So Deal With It),Banned Pending Investigation,,2021-12,
"Peters, Julie Anne",Keeping You a Secret,Banned Pending Investigation,,2021-12,Banned By Restriction | Banned Pending Investigation | Banned
"Peters, Julie Anne",Lies My Girlfriend Told Me,Banned in Libraries,,2021-12,
"Peters, Julie Anne",Luna (JP),,,,Banned Pending Investigation
"Peters, Julie Anne",Rage: A Love Story,Banned in Libraries | Banned Pending Investigation,,2021-12,
"Peters, Julie Anne","She Loves You, She Loves You Not...",Banned Pending Investigation,,2021-12,
"Peters, Stephanie True",The Battle Against Polio,,,2022-09,Banned from Libraries
"Petley, Julian",The Media: The Impact on Our Lives,,,2025-02,Banned
"Petrikowski, Nicki Peter",Critical Perspectives on Gender Identity,,,2024-08,Banned By Restriction | Banned
"Petrikowski, Nicki Peter",Gender Identity (Teen Mental Health),Banned Pending Investigation,,2021-12,Banned Pending Investigation | Banned By Restriction | Banned
"Petrucha, Stefan","Nancy Drew, Girl Detective: The New Case Files",,,2024-12,Banned
"Petrus, Junauda",The Stars and the Blackness Between Them,Banned Pending Investigation,,2021-12,Banned Pending Investigation | Banned
"Petry, Ann",The Street,,,,Banned By Restriction
"Petterson, Per",Out Stealing Horses,,,,Banned Pending Investigation
"Pfeffer, Susan Beth",Life As We Knew It,,,2024-08,Banned By Restriction
"Pfeffer, Susan Beth",The Dead and the Gone,,,,Banned By Restriction
"Pfeffer, Susan Beth",The Shade of the Moon,,,,Banned By Restriction
"Pfeffer, Susan Beth",This World We Live In,,,,Banned By Restriction
"Pfister, Marcus",The Rainbow Fish,,,,Banned Pending Investigation
"Phelan, Matt",The Storm in the Barn,,,,Banned Pending Investigation | Banned
"Phelps, Carissa",Runaway Girl: Escaping Life on the Streets,,,2024-10,Banned
"Phi, Bao",My Footprints,,,2024-08,Banned By Restriction | Banned Pending Investigation
"Philbrick, Rodman",Freak the Mighty,,,2024-08,Banned By Restriction | Banned Pending Investigation
"Philip, Neil",Mythology (Eyewitness),,,2025-04,Banned | Banned Pending Investigation
"Philip, Neil",Mythology of the World,,,,Banned Pending Investigation
"Philip, Neil",The Great Circle: A History of the First Nations,,,,Banned By Restriction
"Philip, Neil",The Illustrated Book of Myths: Tales & Legends of the World,,DK Publications,2025-04,Banned
"Philippe, Ben",The Field Guide to the North American Teenager,Banned in Libraries,,2022-02,Banned By Restriction | Banned Pending Investigation
"Philips, L.",Sometime After Midnight,Banned Pending Investigation,,2022-02,
"Phillips, Arthur",Prague,,,,Banned By Restriction
"Phillips, Rebecca",These Things I've Done,,,2025-04,Banned
"Phillips, Wendy",Fishtailing,,,,Banned Pending Investigation
"Picasso, Pablo","Pablo Picasso, A Retrospective",,,2025-04,Banned
"Pickering, David",Bible Questions & Answers,,,2023-06,Banned from Libraries and Classrooms
"Pickhardt, Carl",Adolescence and the Teenage Crush (Journal Article),,,2024-08,Banned By Restriction
"Picknett, Lynn",The Templar Revelation: Secret Guardians of the True Identity of Christ,,,,Banned Pending Investigation
"Picoult, Jodi",A Spark of Light,,,2025-02,Banned | Banned By Restriction
"Picoult, Jodi",Between the Lines,,,,Banned Pending Investigation
"Picoult, Jodi",Change of Heart,,,2024-10,Banned | Banned Pending Investigation
"Picoult, Jodi",Change of Heart: A Novel,,,2023-02,Banned from Libraries and Classrooms | Banned By Restriction
"Picoult, Jodi",Handle with Care,,,2023-02,Banned from Libraries and Classrooms | Banned Pending Investigation | Banned | Banned By Restriction
"Picoult, Jodi",Harvesting the Heart,,,,Banned
"Picoult, Jodi",House Rules,,,2023-02,Banned from Libraries and Classrooms | Banned | Banned Pending Investigation | Banned By Restriction
"Picoult, Jodi",Keeping Faith,,,2023-02,Banned from Libraries and Classrooms | Banned Pending Investigation | Banned | Banned By Restriction
"Picoult, Jodi",Leaving Time,,,2023-02,Banned from Libraries and Classrooms | Banned Pending Investigation | Banned | Banned By Restriction
"Picoult, Jodi",Lone Wolf,,,2023-02,Banned from Libraries and Classrooms | Banned
"Picoult, Jodi",Mad Honey,,"Boylan, Jennifer Finney",2025-02,Banned
"Picoult, Jodi",Mercy,,,2023-02,Banned from Libraries and Classrooms | Banned Pending Investigation | Banned | Banned By Restriction
"Picoult, Jodi",My Sister's Keeper,Banned Pending Investigation,,2021-10,Banned from Libraries and Classrooms | Banned | Banned Pending Investigation | Banned By Restriction
"Picoult, Jodi",Nineteen Minutes,Banned in Libraries | Banned in Libraries and Classrooms | Banned Pending Investigation,,2021-11,Banned Pending Investigation | Banned from Libraries and Classrooms | Banned from Libraries | Banned By Restriction | Banned
"Picoult, Jodi",Perfect Match,,,2023-02,Banned from Libraries and Classrooms | Banned Pending Investigation | Banned | Banned By Restriction
"Picoult, Jodi",Picture Perfect (JP),,,2025-05,Banned Pending Investigation | Banned | Banned By Restriction
"Picoult, Jodi",Plain Truth,,,2023-02,Banned from Libraries and Classrooms | Banned Pending Investigation | Banned | Banned By Restriction
"Picoult, Jodi",Salem Falls,,,2023-02,Banned from Libraries and Classrooms | Banned Pending Investigation | Banned | Banned By Restriction
"Picoult, Jodi",Second Glance,,,2023-02,Banned from Libraries and Classrooms | Banned Pending Investigation | Banned
"Picoult, Jodi",Sing You Home,,,2023-02,Banned from Libraries and Classrooms | Banned | Banned Pending Investigation | Banned By Restriction
"Picoult, Jodi",Small Great Things,,,2024-10,Banned
"Picoult, Jodi",Songs of a Humpback Whale,,,2023-02,Banned from Libraries and Classrooms | Banned Pending Investigation | Banned
"Picoult, Jodi",The Pact: A Love Story,,,2023-02,Banned from Libraries and Classrooms | Banned | Banned Pending Investigation | Banned By Restriction
"Picoult, Jodi",The Storyteller,,,2023-02,Banned from Libraries and Classrooms | Banned Pending Investigation | Banned
"Picoult, Jodi",The Tenth Circle,Banned Pending Investigation,,2021-11,Banned from Libraries and Classrooms | Banned | Banned Pending Investigation | Banned By Restriction
"Picoult, Jodi",Vanishing Acts,,,2023-02,Banned from Libraries and Classrooms | Banned Pending Investigation | Banned | Banned By Restriction
Pierce Brown,Dark Age,,,,Banned By Restriction
Pierce Brown,Golden Son,,,,Banned By Restriction
Pierce Brown,Iron Gold,,,,Banned By Restriction
Pierce Brown,Morning Star,,,,Banned By Restriction
"Pierce, Tamora",Mastiff,Banned Pending Investigation,,2021-10,Banned Pending Investigation
"Pierce, Tamora",The Will of the Empress,Banned Pending Investigation,,2022-02,
"Pierce, Tamora.",Bloodhound,,,,Banned Pending Investigation
"Pietrzyk, Leslie",A Year and a Day,,,,Banned Pending Investigation
"Pike, Aprilynne",Illusions,,,2024-11,Banned
"Pike, Aprilynne",Life After Theft,,,,Banned Pending Investigation
"Pike, Christopher",Black Knight,,,2023-03,Banned from Libraries
"Pike, Christopher",Chain Letter,,,2024-10,Banned By Restriction
"Pike, Christopher","Thirst No. 1: Human Urges, Fatal Consequences",,,,Banned Pending Investigation
"Pike, Christopher","Thirst No. 2: Deepest Desire, Instant Remorse",,,,Banned Pending Investigation
"Pike, Christopher",Thirst No. 4: The Shadow of Death,,,,Banned Pending Investigation
"Pike, Christopher",Thirst No. 5: The Sacred Veil,,,,Banned Pending Investigation
"Pilbeam, Rosie",The Complete Book of Cats,,"Edwards, Alan",2025-02,Banned
"Pilbeam, Rosie",The Complete Book of Dogs,,,2025-02,Banned
"Pilkey, Dav",Captain Underpants and the Sensational Saga of Sir Stink-a-Lot,,,,Banned Pending Investigation | Banned
"Pilkey, Dav",Dog Man and Cat Kid,,,,Banned
"Pilkey, Dav",The Adventures of Captain Underpants,,,2023-02,Banned Pending Investigation | Banned
"Pinborough, Sarah",13 Minutes,,,2024-10,Banned | Banned Pending Investigation
"Pincus, Meeg",Door By Door: How Sarah McBride became America's First Openly Transgender Senator,,,,Banned
"Pinguicha, Diana",A Curse of Roses,Banned Pending Investigation,,2022-02,Banned | Banned Pending Investigation
"Pink, Randi",Angel of Greenwood,,,,Banned Pending Investigation
"Pink, Randi",Into White,,,,Banned Pending Investigation
"Pinkney, Andrea Davis",Duke Ellington: The Piano Prince and His Orchestra,Banned in Classrooms,,2021-08,
"Pinkney, Andrea Davis",Fishing Day,Banned in Classrooms,,2021-08,
"Pinkney, Gloria Jean",The Sunday Outing,Banned in Classrooms,,2021-08,
"Pinkney, Jerry",Noah's Ark (JP),,,2023-06,Banned from Libraries and Classrooms
"Pinsky, Drew","It Doesn't Have to Be Awkward: Dealing with Relationships, Consent, and Other Hard-to-Talk-About Stuff",Banned in Libraries and Classrooms,"Pinsky, Paulina",2022-02,Banned Pending Investigation | Banned
"Pipkin, Bonnie",Aftercare Instructions,,,2024-08,Banned By Restriction
"Pirotta, Saviour",Children's Stories from the Bible,,,2023-06,Banned from Libraries and Classrooms
"Pitman, Gayle E.",My Maddy,,,2024-08,Banned
"Pitman, Gayle E.",Sewing the Rainbow: A Story About Gilbert Baker,,,2024-08,Banned
"Pitman, Gayle E.",The Stonewall Riots: Coming Out in the Street,Banned Pending Investigation | Banned in Libraries and Classrooms,,2022-01,Banned Pending Investigation
"Pitman, Gayle E.",This Day in June,Banned Pending Investigation,,2022-04,Banned from Libraries | Banned | Banned Pending Investigation
"Plath, Sylvia",The Bell Jar,Banned Pending Investigation,,2021-11,Banned Pending Investigation
"Platt, Richard",Pirate: Discover the Pirates Who Terrorized the Seas from the Mediterranean to the Caribbean,,,2025-02,Banned
"Plowden, David",Bridges: The Spans of North America,,,,Banned Pending Investigation
"Plowman, John",The Encyclopedia of Sculpting Techniques,,,2025-04,Banned
"Pluckrose, Henry Arthur",Shape,,,2025-02,Banned
"Plum-Ucci, Carol",Fire Will Fall,,,2022-10,Banned from Libraries
"Plum-Ucci, Carol",What Happened to Lani Garver,Banned Pending Investigation,,2021-12,Banned
"Podos, Rebecca",Like Water,Banned Pending Investigation,,2022-01,Banned By Restriction
"Poe, Marshall",Little Rock Nine,,,2023-03,Banned from Libraries and Classrooms | Banned Pending Investigation
"Poehler, Amy",Yes Please,,,2025-06,Banned Pending Investigation | Banned | Banned By Restriction
"Poehlmann, Tristan",The Stonewall Riots: The Fight for LGBT Rights,,,2024-08,Banned Pending Investigation | Banned
"Pohl, Laura",The First 7,,,,Banned
"Pohl, Laura",The Last 8,,,,Banned
"Pohlen, Jerome","Gay and Lesbian History for Kids: The Century-Long Struggle LGBT Rights, with 21 Activities",,,,Banned
"Polacco, Patricia",In Our Mothers' House,Banned Pending Investigation | Banned in Libraries and Classrooms,,2021-12,Banned from Libraries | Banned Pending Investigation
"Polacco, Patricia",Mrs. Katz and Tush,Banned in Classrooms,,2021-08,
"Polacco, Patricia",The Butterfly,Banned in Classrooms,,2021-08,
"Pollack, Pam",Who Was Lucille Ball?,Banned in Classrooms,"Belviso, Meg",2021-08,
"Pollack, Pam",Who Was Susan B. Anthony?,Banned in Classrooms,"Belviso, Meg",2021-08,
"Pollack, William S.","Real Boys' Voices: Boys Speak Out About Drugs, Sex, Violence, Bullying, Sports, School, Parents, and So Much More",,"Shuster, Todd",2025-02,Banned
"Pollen, Samuel",The Year I Didn't Eat,,,2025-04,Banned
"Pollock, Mica",Everyday Antiracism: Getting Real About Race in School,Banned in Classrooms,,2021-08,
"Polonsky, Ami",Gracefully Grayson,Banned in Libraries | Banned Pending Investigation,,2021-12,Banned from Libraries | Banned By Restriction | Banned | Banned Pending Investigation
"Polonsky, Ami",Spin with Me,,,2024-08,Banned By Restriction | Banned
"Polonsky, Gill",Chagall,,,2025-04,Banned
"Polydoros, Aden",The City Beautiful,Banned Pending Investigation,,2022-02,
"Pomplun, Tom",Graphic Classics: Bram Stoker,,"Stoker, Bram",2022-09,Banned Pending Investigation
"Pomplun, Tom",Graphic Classics: Edgar Allan Poe,,"Poe, Edgar Allan",2022-09,Banned Pending Investigation
"Pomplun, Tom",Robert Louis Stevenson,,,,Banned Pending Investigation
"Poniatowska, Elena",Tinisima,,,,Banned Pending Investigation
"Ponti, James",Blue Moon (JP),,,,Banned Pending Investigation
"Ponti, James",Dark Days,,,,Banned Pending Investigation
"Ponti, James",Dead City,,,,Banned Pending Investigation
"Pool, Katy Rose",There Will Come a Darkness,,,,Banned Pending Investigation
"Poole, H. W.",Dealing With Dating and Romance,,,,Banned
"Poole, Hilary W.","LGBT Families: Lesbian, Gay, Bisexual, and Transgender",,,2024-08,Banned By Restriction
"Poole, Hilary W.",Sexuality and Gender Identity,,,2024-08,Banned By Restriction | Banned
"Popović, Lana",The Blood Countess,Banned Pending Investigation,,2021-12,
"Porter, Sarah",Never-Contented Things,,,2024-08,Banned By Restriction
"Portman, Frank",King Dork,,,2024-12,Banned | Banned Pending Investigation
"Positano, Rock G.",Dinner with Dimaggio: Memories of an American Hero,,,,Banned Pending Investigation
"Posthuma, Lisabeth",Baby & Solo,Banned Pending Investigation,,2022-02,
"Potter, Ellen",Slob,,,2025-04,Banned By Restriction
"Potter, Patricia",Behind the Shadows,,,,Banned By Restriction
"Potts, Steve",Halloween,,,2024-11,Banned
"Poupeye, Veerle",Caribbean Art,,,2025-04,Banned
"Povich, Lynn",The Good Girls Revolt: How the Women of Newsweek Sued their Bosses and Changed the Workplace,,,,Banned
"Powars, Page",The Borrow a Boyfriend Club,,,2024-08,Banned
"Powell, Randy",The Whistling Toilets,,,,Banned Pending Investigation
"Powell, Richard J.",Black Art: A Cultural History,,,2025-04,Banned
"Power, Rory",Burn Our Bodies Down,Banned Pending Investigation,,2022-02,
"Powers, Kevin",The Yellow Birds,,,2022-10,Banned Pending Investigation
"Prager, Sarah",A Child's Introduction to Pride: The Inspirational History and Culture of the LGBTQIA+ Community,,,,Banned
"Prager, Sarah","Queer, There and Everywhere: 23 People Who Changed the World",Banned Pending Investigation | Banned in Libraries,,2021-10,Banned Pending Investigation | Banned By Restriction | Banned
"Prager, Sarah",Rainbow Revolutionaries: Fifty LGBTQ+ People Who Made History,Banned in Classrooms | Banned Pending Investigation,,2021-08,Banned By Restriction | Banned Pending Investigation | Banned
"Prasad, Maya","Drizzle, Dreams, and Lovestruck Things",,,2024-08,Banned By Restriction
"Preimesberger, Rudolf","Paragons and Paragone: Van Eyck, Raphael, Michelangelo, Caravaggio, Bernini",,,2025-01,Banned
"Prendergast, Gabrielle",Audacious,,,2024-10,Banned
"Prendergast, Gabrielle",Capricous,,,2024-10,Banned
"Prendergast, Gabrielle",Cold Falling White,,,2024-08,Banned By Restriction
"Prendergast, Gabrielle",Frío cae blanco,,,2024-08,Banned By Restriction
"Prenzlau, Sheryl",Deuteronomy: The Jewish Children's Bible,,,2023-06,Banned from Libraries and Classrooms
"Prenzlau, Sheryl",Exodus: The Jewish Children's Bible,,,2023-06,Banned from Libraries and Classrooms
"Prenzlau, Sheryl",Genesis: The Jewish Children's Bible,,,2023-06,Banned from Libraries and Classrooms
"Presley, Elvis",Elvis Presley's Love Me Tender,,,,Banned Pending Investigation
"Preston, Natasha",The Cabin,,,,Banned Pending Investigation | Banned By Restriction
"Preston, Natasha",The Cellar,,,,Banned Pending Investigation | Banned | Banned By Restriction
"Price, Charlie",Desert Angel,,,2025-02,Banned
"Price, Joan",Founders of Faith,,,2025-02,Banned
"Price, Sean Stewart",Attila the Hun: Leader of the Barbarian Hordes,,,2024-08,Banned By Restriction
"Pride, Felicia",Hallway Diaries,,,,Banned Pending Investigation
"Prince, Liz",Tomboy: A Graphic Memoir,Banned Pending Investigation,,2021-12,Banned By Restriction | Banned
"Prince, Liz",Tomboy: una chica ruda,,,2024-08,Banned By Restriction
"Prior, Natalie Jane","Caves, Graves, and Catacombs: Secrets from Beneath the Earth",,,,Banned Pending Investigation
"Probert, Christina",Swimwear in Vogue Since 1910,,,2025-02,Banned
"Prodger, Phillip",William Eggleston: Portraits,,,2025-04,Banned
"Prose, Francine",Touch,,,2025-04,Banned | Banned Pending Investigation
"Proulx, Annie",Close Range: Wyoming Stories,,,,Banned Pending Investigation
"Proust, Marcel","Swann's Way: In Search of Lost Time, Vol. 1",,,,Banned Pending Investigation
"Proust, Marcel",The Past Recaptured,,,,Banned Pending Investigation
"Prout, Chessy","I Have the Right To: A High School Survivor's Story of Sexual Assault, Justice and Hope",,"Abelson, Jenn",,Banned Pending Investigation | Banned
Publications International Ltd.,The Cupcake Bible: More Than 150 Recipes for Fun and Delicious Cupcakes,,,2023-06,Banned from Libraries and Classrooms
"Pulitzer, Lisa Beth","Portrait of a Monster: Joran van der Sloot, A Murder in Peru, and the Natalee Holloway Mystery",,"Thompson, Cole",,Banned By Restriction
"Pullman, Philip",His Dark Materials,,,,Banned Pending Investigation
"Pullman, Philip",The Amber Spyglass,,,,Banned Pending Investigation
"Pullman, Philip",The Book of Dust: La Belle Sauvage,,,,Banned Pending Investigation
"Pullman, Philip",The Shadow in the North,,,2025-06,Banned By Restriction | Banned
"Purdie, Kathryn",Burning Glass,,,,Banned Pending Investigation
"Puzo, Mario",The Family,,,,Banned By Restriction
"Quach, Michelle",Not Here to be Liked,,,,Banned Pending Investigation
"Quere, France","Sarah, Who Loved Laughter",,"Marsh, Gwen",2023-06,Banned from Libraries and Classrooms
"Quick, Matthew",Boy 21,,,,Banned Pending Investigation
"Quick, Matthew","Forgive Me, Leonard Peacock",,,2024-12,Banned | Banned Pending Investigation
"Quin, Sara",High School,,"Quin, Tegan",2025-06,Banned Pending Investigation | Banned
"Quin, Tegan",Tegan and Sara: Junior High,,"Quin, Sara",,Banned Pending Investigation
"Quindlen, Anna",Black and Blue,,,,Banned Pending Investigation
"Quindlen, Anna",Blessings,,,,Banned
"Quindlen, Kelly",Late to the Party,Banned Pending Investigation,,2021-12,
"Quindlen, Kelly",She Drives Me Crazy,,,,Banned By Restriction
QuinRose,Alice in the Country of Hearts,,,2023-02,Banned Pending Investigation
"Quintero, Isabel","Gabi, a Girl in Pieces",Banned Pending Investigation,,2021-10,Banned Pending Investigation | Banned from Libraries and Classrooms | Banned | Banned By Restriction
"Quintero, Isabel","Gabi, fragmentos de una adolescente",,,2024-10,Banned
"Quintero, Isabel",My Papi Has a Motorcycle,Banned in Classrooms,,2021-08,
"Quist, Jeremy",Asexual,,,2024-08,Banned By Restriction
"Quist, Jeremy",Body and Mind: LGBTQ Health Issues,,,2024-08,Banned By Restriction | Banned
"Quist, Jeremy",Gender Expansive,,,2024-08,Banned By Restriction
"Quist, Jeremy",Intersex,,,2024-08,Banned By Restriction
"Quist, Jeremy",LGBTQ Without Borders: International Life,,,2024-08,Banned By Restriction
"Quist, Jeremy",You Are Not Alone: Finding Your LGBTQ Community,,,2024-08,Banned By Restriction
"Raasch, Sara",Frost Like Night,,,2022-10,Banned from Libraries
"Raatma, Lucia Tarbox",Mothers Are Part of A Family,,,2023-06,Banned from Libraries | Banned Pending Investigation
"Rachel, T. Cole","Bend, Don't Shatter: Poets on the Beginning of Desire",Banned in Libraries and Classrooms,"Costello, Rita D.",2021-12,
"Racquel, Marie",Ophelia After All,,,2024-08,Banned By Restriction | Banned Pending Investigation
"Radish, Kris",The Elegant Gathering of White Snows,,,,Banned By Restriction
"Radley, B.L.",Strictly No Heroics,,,2024-08,Banned By Restriction
"Radtke, Kristen",Seek You: A Journey Through American Loneliness,,,2022-08,Banned from Libraries and Classrooms | Banned Pending Investigation
"Radziszewicz, Tina","Ready or Not?: A Girl's Guide to Making Her Own Decisions about Dating, Love, and Sex",Banned in Libraries,,2021-12,
"Rainfield, Cheryl",Scars,Banned Pending Investigation,,2021-12,Banned from Libraries | Banned Pending Investigation | Banned from Libraries and Classrooms | Banned
"Rall, Ted",2024: A Graphic Novel,,,2025-02,Banned - Professionally Weeded | Banned
"Ramadan, Danny",Salma the Syrian Chef,,,,Banned Pending Investigation
"Ramée, Lisa Moore",A Good Kind of Trouble,Banned in Classrooms,,2021-08,Banned Pending Investigation | Banned from Libraries and Classrooms
"Ramée, Lisa Moore",Something to Say,,,,Banned Pending Investigation
"Ramirez, David",The Forever Watch,,,,Banned Pending Investigation
"Ramm, Meggie","Batcat, Vol. 1",,,2025-03,Banned
"Ramm, Meggie",Batcat: Sink or Swim!,,,2025-03,Banned
"Ramos, NoNieqa",The Disturbed Girl's Dictionary,,,,Banned Pending Investigation
"Ramos, NoNieqa",The Truth Is,Banned Pending Investigation,,2021-12,Banned By Restriction | Banned Pending Investigation
Ramsey Solutions,"Foundations in Personal Finance, 2022, 4th Edition",,,2025-06,Banned
"Ramsey, Martha",Where I Stopped,,,,Banned Pending Investigation
"Rand, Ayn",Atlas Shrugged,,,,Banned | Banned Pending Investigation
"Rand, Ayn",The Fountainhead,,,2024-07,Banned By Restriction | Banned Pending Investigation | Banned
"Rand, Ayn",We the Living,,,,Banned
"Randel, William Pierce",The Ku Klux Klan: A Century of Infamy,,,2025-02,Banned
"Rankine, Claudia",Citizen: An American Lyric,Banned Pending Investigation,,2021-12,
"Rao, Sandhya",My Mother's Sari,Banned Pending Investigation,,2022-01,
"Rapinoe, Megan",One Life,,"Brockes, Emma",,Banned Pending Investigation | Banned
"Rapp, Adam",33 Snowfish,Banned Pending Investigation | Banned in Libraries and Classrooms,,2021-11,Banned from Libraries and Classrooms | Banned | Banned Pending Investigation
"Rapp, Adam",Punkzilla,,,2025-06,Banned Pending Investigation | Banned
"Rappaport, Doreen",Wilma's Way Home: The Life of Wilma Mankiller,Banned Pending Investigation,,2022-01,
"Rarus, Pat",The LGBT Rights Movement,,,2024-08,Banned By Restriction | Banned
"Raskin, Jamin B.",We the Students: Supreme Court Cases for and about Students,Banned in Libraries,,2021-12,
"Rattigan, Jama Kim",Dumpling Soup,Banned Pending Investigation,,2022-01,
"Rau, Dana Meachen",Who Is the Dalai Lama?,Banned Pending Investigation,,2022-01,
"Rau, Dana Meachen",Who Was Cesar Chavez?,Banned in Classrooms,,2021-08,
"Rau, Dana Meachen",Who Was Harriet Beecher Stowe?,Banned in Classrooms,,2021-08,
"Rawles, Nancy",My Jim: A Novel,,,2022-07,Banned Pending Investigation | Banned
"Ray, Jane",Adam and Eve and the Garden of Eden,,,2023-06,Banned from Libraries and Classrooms
"Ray, Jane",The Story of Christmas: Words from the Gospels of Matthew and Luke,,,2023-06,Banned from Libraries and Classrooms
"Rayne, Karen","Girl: Love, Sex, Romance and Being You",,"Beyer, Ramsey",,Banned
Reader's Digest,Through Indian Eyes: The Untold Story of Native American Peoples,,,2025-02,Banned
Reader's Digest Editors,Complete Guide to Drawing and Painting,,,2022-09,Banned Pending Investigation
"Reed, Amy",Beautiful,Banned Pending Investigation,,2022-05,Banned Pending Investigation | Banned from Libraries and Classrooms | Banned By Restriction | Banned
"Reed, Amy",Clean,,,,Banned
"Reed, Amy",Over You,,,2024-12,Banned
"Reed, Amy",The Boy and Girl Who Broke the World,,,,Banned Pending Investigation | Banned
"Reed, Amy",The Nowhere Girls,Banned in Classrooms | Banned in Libraries and Classrooms | Banned Pending Investigation,,2021-09,Banned from Libraries | Banned Pending Investigation | Banned from Libraries and Classrooms | Banned | Banned By Restriction
"Reed, Christina Hammonds",The Black Kids,Banned in Libraries and Classrooms,,2021-11,Banned Pending Investigation
"Reed, Jennifer",The AIDS Epidemic: Disaster and Survival,,,,Banned Pending Investigation
"Reed, M. K.",The Cute Girl Network,,,,Banned Pending Investigation
"Reedy, Trent",Burning Nation,,,,Banned Pending Investigation
"Rees, Celia",Pirates!,,,,Banned Pending Investigation
"Rees, Celia",Sovay,,,2025-02,Banned
"Rees, Celia",This is Not Forgiveness,,,,Banned Pending Investigation
"Reese, Jenn",A Game of Fox and Squirrels,,,,Banned Pending Investigation
"Reese, Jenn",Puzzleheart,,,2024-08,Banned
"Reeve, Philip",Fever Crumb,,,2025-02,Banned
"Reich, Warren T.","Bioethics: Sex, Genetics & Human Reproduction",,,2025-02,Banned
"Reid, Kiley",Such a Fun Age,,,,Banned By Restriction
"Reid, Taylor Jenkins",The Seven Husbands of Evelyn Hugo,,,,Banned By Restriction | Banned Pending Investigation | Banned
"Reinert, Dale Robert",Sexual Abuse and Incest,,,,Banned Pending Investigation
"Remarque, Erich Maria",All Quiet on the Western Front,,,2024-08,Banned By Restriction
"Remender, Rick",Deadly Class,,,2022-09,Banned Pending Investigation | Banned
"Remender, Rick","Deadly Class, Vol. 1: Reagan Youth",,,2022-10,Banned from Libraries and Classrooms
"Renn, Diana",Tokyo Heist,,,,Banned Pending Investigation
"Rennison, Louise",A Midsummer Tights Dream,,,2024-08,Banned
"Rennison, Louise","Angus, Thongs and Full-Frontal Snogging",,,2022-09,Banned from Libraries and Classrooms | Banned Pending Investigation | Banned from Libraries | Banned | Banned By Restriction
"Rennison, Louise",Are These My Basoomas I See Before Me: Fab Final Confessions of Georgia Nicolson,,,2024-08,Banned | Banned Pending Investigation
"Rennison, Louise",Away Laughing on a Fast Camel: Even More Confessions of Georgia Nicolson,,,2024-08,Banned | Banned Pending Investigation
"Rennison, Louise",Dancing in My Nuddy-Pants: Even Further Confessions of Georgia Nicolson,,,2023-02,Banned from Libraries and Classrooms | Banned | Banned Pending Investigation
"Rennison, Louise","Knocked Out By My Nunga Nungas: Further, Further Confessions of Georgia Nicolson",,,2024-11,Banned | Banned Pending Investigation
"Rennison, Louise",Love is a Many Trousered Thing,,,2024-11,Banned | Banned Pending Investigation
"Rennison, Louise","On the Bright Side, I'm Now the Girlfriend of a Sex God",,,2025-01,Banned | Banned Pending Investigation
"Rennison, Louise","On the Bright Side, I'm Now the Girlfriend of a Sex God (Confessions of Georgia Nicolson #2)",Banned Pending Investigation,,2022-05,Banned from Libraries and Classrooms | Banned Pending Investigation | Banned
"Rennison, Louise",Startled by His Furry Shorts,,,2025-02,Banned | Banned Pending Investigation
"Rennison, Louise",Stop in the Name of Pants!,,,2025-02,Banned | Banned Pending Investigation
"Rennison, Louise","Then He Ate My Boy Entrancers: More Mad, Marvy Convessions of Georgia Nicolson",,,2025-02,Banned | Banned Pending Investigation
"Rennison, Louise",Withering Tights,,,2025-05,Banned
"Resau, Laura",Red Glass,,,,Banned Pending Investigation
"Resnick, Abraham",The Holocaust (AR),,,2025-02,Banned
"Retener, Joelle",Marley's Pride,,,,Banned
"Reusser, Kayleen",Hades (KR),,,2025-04,Banned
"Reusser, Kayleen",Hephaestus,,,2025-04,Banned
"Revis, Beth",A Million Suns,,,,Banned Pending Investigation
"Revis, Beth",Across the Universe,,,2024-12,Banned | Banned Pending Investigation
"Revis, Beth",Shades of Earth,,,,Banned Pending Investigation
"Reyes, Sonora",The Lesbiana's Guide to Catholic School,,,2024-08,Banned By Restriction | Banned
"Reyes, Sonora",The Luis Ortega Survival Club,,,2024-08,Banned By Restriction
"Reynolder, John",Stone Fox,,,,Banned Pending Investigation
"Reynolds, Jan",Amazon Basin: Vanishing Cultures,,,,Banned Pending Investigation
"Reynolds, Jason",All American Boys,Banned in Classrooms | Banned Pending Investigation | Banned in Libraries | Banned in Libraries and Classrooms,"Kiely, Brendan",2021-08,Banned Pending Investigation | Banned from Libraries | Banned from Libraries and Classrooms | Banned from Classrooms | Banned | Banned By Restriction
"Reynolds, Jason",As Brave As You,Banned in Classrooms,,2021-08,
"Reynolds, Jason",Ghost,Banned in Classrooms,,2021-08,
"Reynolds, Jason",Long Way Down,,,2024-08,Banned By Restriction | Banned Pending Investigation
"Reynolds, Jason",Look Both Ways: A Tale Told in Ten Blocks,Banned in Classrooms,,2021-08,Banned
"Reynolds, Jason",Patina,Banned in Classrooms,,2021-08,Banned By Restriction
"Reynolds, Jason","Stamped (For Kids): Racism, Antiracism, and You",,"Kendi, Ibram X.; Cherry-Paul, Sonja",2022-10,Banned from Libraries | Banned By Restriction | Banned Pending Investigation | Banned
"Reynolds, Jason","Stamped: Racism, Antiracism, and You",Banned in Classrooms | Banned in Libraries and Classrooms | Banned Pending Investigation,"Kendi, Ibram X.",2021-08,Banned from Libraries and Classrooms | Banned from Libraries | Banned By Restriction | Banned Pending Investigation | Banned
"Reynolds, Jason",Take the Mic: Fictional Stories of Everyday Resistance,,"Ahmed, Samira; Lewis, L.D.; Stoeve, Ray; Silverman, Laura; Quintero, Sofia; Brown, Keah; Little Badger, Darcie; Sun, Connie; Méndez, Yamile Saied; Morrow, Bethany C.",,Banned Pending Investigation
"Reynolds, Jason",When I Was the Greatest,,,2023-02,Banned Pending Investigation
"Reynolds, Marilyn",Beyond Dreams,Banned in Libraries,,2021-12,Banned
"Reynolds, Marilyn",Detour for Emmy,Banned in Libraries,,2021-12,
"Reynolds, Marilyn",Shut Up!,,,2023-03,Banned from Libraries and Classrooms | Banned Pending Investigation | Banned
"Reynolds, Marilyn",Telling,,,2025-06,Banned Pending Investigation | Banned
"Reynolds, Marilyn",Too Soon For Jeff,,,,Banned
"Reynolds, Peter H.",Say Something,Banned in Classrooms,,2021-08,
"Reynolds, Toby",Fearless Women: Courageous Females Who Refused to Be Denied,,,,Banned Pending Investigation
"Rhodes, Jewel Parker",Ghost Boys,Banned Pending Investigation,,2021-11,Banned from Libraries | Banned from Classrooms | Banned Pending Investigation | Banned | Banned By Restriction
"Rhodes, Jewell Parker",Bayou Magic,Banned in Classrooms,,2021-08,
"Rhodes, Jewell Parker",Ghost Boys,Banned in Classrooms | Banned Pending Investigation,,2021-08,
"Rhodes, Jewell Parker",Ninth Ward,Banned in Classrooms,,2021-08,
"Rhodes-Courter, Ashley",Sam is My Sister,,,2024-08,Banned
"Rhodes-Courter, Ashley",Three Little Words: A Memoir (ARC),Banned in Libraries,,2021-12,Banned Pending Investigation
"Rhys, Jean",Wide Sargasso Sea,,,,Banned Pending Investigation
"Ribay, Randy","An Infinite Number of Parallel Universes: In Real Life, You Need Real Friends",,,2024-08,Banned By Restriction
"Ribay, Randy",Patron Saints of Nothing,,,,Banned Pending Investigation
"Ribowsky, Mark",Hank: The Short Life and Long Country Road of Hank Williams,,,,Banned Pending Investigation
"Ricciuti, Edward R.",What on Earth Is a Pangolin?,,,2023-06,Banned from Libraries and Classrooms | Banned Pending Investigation
"Rice, Anne",Blackwood Farm,,,,Banned
"Rice, Anne",Interview with a Vampire,,,2023-01,Banned from Libraries and Classrooms
"Rice, Anne",Lasher,,,,Banned
"Rice, Anne",Memnoch the Devil,,,2025-06,Banned Pending Investigation | Banned
"Rice, Anne",Queen of the Damned,,,,Banned
"Rice, Anne",Taltos,,,,Banned
"Rice, Anne",The Tale of a Body Thief,,,2022-10,Banned from Libraries and Classrooms | Banned Pending Investigation | Banned
"Rice, Anne",The Vampire Armand,,,2025-03,Banned | Banned Pending Investigation | Banned By Restriction
"Rice, Anne",The Vampire Lestat,,,,Banned
"Rice, Anne",The Witching Hour,,,,Banned By Restriction
"Richards, Keith",Life,,"Fox, James",,Banned By Restriction
"Richardson, Adele",Hades (AR),,,2025-04,Banned
"Richardson, Hazel",Life in the Ancient Indus River Valley,,,2025-02,Banned
"Richardson, Hazel",Life of the Ancient Celts,,,2025-02,Banned
"Richardson, Jean",Tag-along Timothy Tours Texas,,,,Banned
"Richardson, John",Manet,,,2025-04,Banned
"Richardson, Joy",What Happens When You Grow?,,,2025-02,Banned
"Richardson, Justin",And Tango Makes Three,Banned Pending Investigation | Banned in Libraries and Classrooms,"Parnell, Peter",2021-12,Banned Pending Investigation | Banned | Banned By Restriction
"Richardson, Justin","Christian, the Hugging Lion",,"Parnell, Peter",2023-06,Banned Pending Investigation
"Richardson, V. A.",The Moneylender's Daughter,,,2025-02,Banned
"Rickards, Lynne",Pink!,Banned Pending Investigation,,2022-01,
"Riess, Natalie","Space Battle Lunchtime, Vol. 2: A Recipe for Disaster",,,2022-10,Banned from Libraries
"Riggs, Ransom",Hollow City: The Graphic Novel,,,2022-09,Banned Pending Investigation | Banned
"Riggs, Ransom",Miss Peregrine's Home for Peculiar Children,,,2024-08,Banned By Restriction | Banned Pending Investigation
"Riggs, Ransom",Miss Peregrine's Home for Peculiar Children: The Graphic Novel,,,2024-12,Banned
"Riggs, Shannon",Not in Room 204: Breaking the Silence of Abuse,,,2024-08,Banned By Restriction
"Riley, Linda",Queerstory: An Infographic History of the Fight for LGBTQ+ Rights,,,2024-08,Banned By Restriction
"Riley, Ronnie",Jude Saves the World,,,2024-08,Banned By Restriction
"Rinaldi, Ann","My Heart is on the Ground: The Diary of Nannie Little Rose, a Sioux Girl",,,,Banned Pending Investigation
"Ringwald, Whitaker",The Secret Box,,,2025-04,Banned
"Riordan, Rick",El último héroe del Olimpo,,,2024-09,Banned By Restriction
"Riordan, Rick",La batalla del laberinto,,,2024-11,Banned By Restriction
"Riordan, Rick",La maldición del Titán,,,2024-11,Banned By Restriction
"Riordan, Rick",La sangre del Olimpo,,,2024-11,Banned By Restriction
"Riordan, Rick",Percy Jackson y los dioses griegos,,,2025-01,Banned By Restriction
"Riordan, Rick",Percy Jackson's Greek Gods,,,,Banned Pending Investigation | Banned
"Riordan, Rick",The Battle of the Labyrinth,,,2025-02,Banned
"Riordan, Rick",The Blood of Olympus,,,2025-03,Banned By Restriction | Banned Pending Investigation
"Riordan, Rick",The Burning Maze,Banned Pending Investigation,,2022-02,Banned Pending Investigation
"Riordan, Rick",The Dark Prophecy,Banned Pending Investigation,,2022-02,Banned Pending Investigation
"Riordan, Rick",The Hammer of Thor,Banned Pending Investigation,,2022-02,
"Riordan, Rick",The Hidden Oracle,Banned Pending Investigation,,2022-02,Banned Pending Investigation
"Riordan, Rick",The House of Hades,,,2025-03,Banned By Restriction | Banned Pending Investigation | Banned
"Riordan, Rick",The Last Olympian,,,2025-02,Banned
"Riordan, Rick",The Lost Hero,,,,Banned Pending Investigation
"Riordan, Rick",The Mark of Athena,,,2025-03,Banned By Restriction | Banned Pending Investigation
"Riordan, Rick",The Serpents Shadow,,,,Banned By Restriction
"Riordan, Rick",The Ship of the Dead,,,,Banned Pending Investigation
"Riordan, Rick",The Son of Neptune,,,,Banned Pending Investigation
"Riordan, Rick",The Sword of Summer,,,,Banned Pending Investigation
"Riordan, Rick",The Titan's Curse,,,2025-02,Banned
"Riordan, Rick",The Tower of Nero,,,,Banned Pending Investigation
"Riordan, Rick",The Tyrant's Tomb,Banned Pending Investigation,,2022-02,Banned Pending Investigation
Ripley's Inc.,Ripley's Believe It Or Not! Special Edtion 2008,,,2025-02,Banned
"Rissi, Anica Mrose",Always Forever Maybe,,,2024-08,Banned
"Ritchie, Nigel","Art: Over 2,500 Works from Cave to Contemporary",,,2024-08,Banned
"Rivera, Gabby",Juliet Takes a Breath,Banned Pending Investigation | Banned in Libraries and Classrooms,,2021-12,Banned from Libraries and Classrooms | Banned from Libraries | Banned Pending Investigation | Banned | Banned By Restriction
"Rivera, Gabby",Juliet Takes a Breath: The Graphic Novel,,,2025-03,Banned - Professionally Weeded | Banned | Banned By Restriction
"Rivera, Lilliam",Never Look Back,,,,Banned Pending Investigation
"Rivera, Lilliam",The Education of Margot Sanchez,,,,Banned Pending Investigation
"Rivers, Francine",Redeeming Love,,,,Banned By Restriction
"Rivers, Francine",The Atonement Child,,,,Banned Pending Investigation
"Roach, Mary",Gulp: Adventures on the Alimentary Canal,,,,Banned Pending Investigation
"Roasek, Rachel",Love Somebody,,,2024-08,Banned By Restriction
"Robb, J. D.",Portrait in Death,,,,Banned By Restriction
"Robbins, Tom",Even Cowgirls Get the Blues,,,,Banned
"Robbins, Tom",Villa Incognito,,,,Banned Pending Investigation
"Robbins, Trina",Chicagoland Detective Agency,,,2024-08,Banned
"Roberts, Alice",Human Anatomy: The Definitive Visual Guide,,,2025-04,Banned
"Roberts, Anita",Safe Teen: Powerful Alternatives to Violence,,,2025-02,Banned
"Roberts, Jeremy",Chinese Mythology A to Z,,,2024-08,Banned
"Roberts, Keith",Degas,,,2025-04,Banned
"Roberts, Nora",Bed of Roses,,,2023-03,Banned from Libraries and Classrooms | Banned Pending Investigation
"Roberts, Nora",Birthright,,,,Banned Pending Investigation
"Roberts, Nora",Daring to Dream,,,2023-03,Banned from Libraries and Classrooms
"Roberts, Nora",Divine Evil,,,,Banned By Restriction
"Roberts, Nora",Finding the Dream,,,2023-03,Banned from Libraries and Classrooms
"Roberts, Nora",Gabriella and Alexander: Two Tales of Palace Intrigue and Royal Romance,,,,Banned By Restriction
"Roberts, Nora",Happily Ever After (NR),,,2023-03,Banned from Libraries and Classrooms | Banned Pending Investigation
"Roberts, Nora",Holding the Dream,,,2023-03,Banned from Libraries and Classrooms
"Roberts, Nora",Midnight Bayou,,,,Banned
"Roberts, Nora",Remember When,,,2023-03,Banned from Libraries and Classrooms | Banned Pending Investigation | Banned
"Roberts, Nora",River's End,,,,Banned
"Roberts, Nora",Savor the Moment,,,2023-03,Banned from Libraries and Classrooms | Banned Pending Investigation
"Roberts, Nora",Vision in White,,,2023-03,Banned from Libraries and Classrooms
"Roberts, Peggy",Whispers at Midnight,,,,Banned By Restriction
"Roberts, Russell",Athena (RR),,,2025-04,Banned
"Roberts, Russell",Dionysus,,,2025-04,Banned
"Roberts, Russell",Poseidon (RR),,,2025-04,Banned
"Roberts, Russell",Vampires,,,2025-02,Banned
"Roberts, Russell",Zeus (RR),,,2025-04,Banned
"Robertson, Andrea",Bloodrose: Nightshade Novel,,,2025-06,Banned Pending Investigation | Banned
"Robertson, Andrea",Invisibility,,"Levithan, David",,Banned Pending Investigation
"Robertson, Andrea",Rise,,,2025-06,Banned Pending Investigation | Banned
"Robertson, Andrea",Snakeroot,,,,Banned Pending Investigation
"Robertson, Andrea",The Conjurer's Riddle,,,,Banned Pending Investigation
"Robertson, Andrea",The Inventor's Secret,,,,Banned Pending Investigation
"Robertson, Andrea",Wolfsbane,,,2025-06,Banned Pending Investigation | Banned
"Robertson, Carolyn",Two Dads: A Book About Adopton,Banned Pending Investigation,,2022-04,
"Robertson, David A.",The Barren Grounds,Banned in Libraries,,2021-12,
"Robertson, Robbie",Hiawatha and the Peacemaker,Banned Pending Investigation,,2022-01,
"Robinson, Christian",Another,Banned in Classrooms,,2021-08,
"Robinson, Christian",You Matter,Banned in Classrooms,,2021-08,
"Robinson, Elisabeth",The True and Outstanding Adventures of the Hunt Sisters,,,,Banned Pending Investigation
"Robinson, Lisa",Were I Not a Girl: The Inspiring and True Story of Dr. James Barry,Banned Pending Investigation,,2022-01,Banned
"Robinson, Sharon",The Hero Two Doors Down: Based on the True Story of Friendship between a Boy and a Baseball Legend,Banned Pending Investigation,,2022-01,
"Robson, Laura Brooke",Girls at the Edge of the World,Banned Pending Investigation,,2022-02,
"Roca, Nuria",The Nervous System,,"Serrano, Marta",2025-02,Banned
"Rocha, Lucas",Where We Go From Here,Banned Pending Investigation,,2022-02,Banned | Banned Pending Investigation
"Rockliff, Mara",Billie Jean! How Tennis Star Billie Jean King Changed Women's Sports,,,,Banned By Restriction
"Rockliff, Mara",Chik Chak Shabbat,Banned Pending Investigation,,2022-01,
"Rocklin, Joanne","Love, Penelope: Letters from a Big Sister Who Knows About Life",,,,Banned Pending Investigation
"Rockwell, Anne","Hey, Charleston!: The True Story of the Jenkins Orphanage Band",Banned in Classrooms,,2021-08,
"Roddam, George",The Life and Art of Paul Gauguin,,,2022-09,Banned Pending Investigation
"Rodger, Ellen",Jazz Jennings: Voice for LGBTQ Youth,,,2024-08,Banned By Restriction | Banned
"Rodi, Robert",Being Transgender,,"Ross, Laura; Jennings, Kevin",2025-06,Banned Pending Investigation | Banned
"Rodi, Robert",Confronting Stereotypes,,"Ross, Laura",,Banned Pending Investigation
"Rodi, Robert",Finding Community,Banned Pending Investigation,"Ross, Laura",2021-12,
"Rodi, Robert",Living Proud! Coming Out and Seeking Support (Living Proud! Growing Up Lgbtq),Banned in Libraries and Classrooms | Banned Pending Investigation,"Ross, Laura",2021-11,
"Rodi, Robert",Living with Religion and Faith,Banned Pending Investigation,"Ross, Laura",2021-12,Banned By Restriction
"Rodi, Robert",Understanding Sexual Orientation and Gender Identity,,"Ross, Laura",2025-06,Banned Pending Investigation | Banned
"Rodowsky, Colby",Lucy Peale,Banned Pending Investigation,,2021-11,
"Rodrigues, Carmen",34 Pieces of You,,,2025-06,Banned
"Rodriquez, Luis J.",Always Running: La Vida Loca: Gang Days In LA,,,2025-06,Banned Pending Investigation | Banned
"Roe, Robin",A List of Cages,,,,Banned Pending Investigation
"Roehrig, Caleb",Death Prefers Blondes,Banned Pending Investigation,,2022-02,
"Roehrig, Caleb",The Fell of Dark,Banned Pending Investigation,,2022-02,Banned By Restriction
"Roehrig, Caleb",White Rabbit,Banned Pending Investigation,,2021-12,
"Roem, Danica","Bum the Page: A True Story of Torching Doubts, Blazing Trails, and Igniting Change",,,2024-08,Banned By Restriction
"Roizen, Michael F.",You: The Owner's Manual for Teens: A Guide to a Healthy Body and Happy Life,,"Oz, Mehmet C; Rome, Ellen",2024-12,Banned
"Roland, Timothy",Detective Dan and the Puzzling Pizza Mystery,,,2023-06,Banned from Libraries and Classrooms
"Roleff, Tamara L.",Gay Marriage (TLR),,,,Banned Pending Investigation
"Roleff, Tamara L.",Satanism (At Issue),Banned Pending Investigation,,2021-11,
"Roleff, Tamara L.",Sex (TLR),,,2023-02,Banned from Libraries and Classrooms
"Romanoff, Zan",Look,,,2024-08,Banned By Restriction | Banned | Banned Pending Investigation
"Romei, Francesca","Leonardo da Vinci: Artist, Inventor and Scientist of the Renaissance",,"Ricciardi, Sergio; Ricciardi, Andrea",2025-04,Banned
"Romei, Francesca",The Story of Sculpture: From Prehistory to the Present,,Peter Bedrick,2025-04,Banned
"Romer, John",The History of Archaeology: Great Excavations of the World,,"Romer, Elizabeth",2025-04,Banned
"Rooney, Sally",Normal People,Banned Pending Investigation,,2022-04,Banned Pending Investigation | Banned
Rooster Teeth Productions,RWBY: Official Manga Anthology,,"Oum, Monty",2025-02,Banned
"Rorby, Ginny",Freeing Finch,,,2024-08,Banned By Restriction | Banned
"Rose, Arden",Almost Adulting: All You Need to Know to Get it Together (Sort of),,,2025-03,Banned Pending Investigation | Banned
"Rose, Melody",Abortion: A Documentary and Reference Guide,Banned in Libraries,,2021-12,
"Rose, Rachel",Horror in Maryland,,,2023-02,Banned from Libraries
"Rose, Rachel",Megan Rapinoe: Soccer Superstar,,,,Banned
"Rosen, L. C.",Camp,,,2024-08,Banned | Banned By Restriction | Banned Pending Investigation
"Rosen, L. C.",Jack of Hearts (and other parts),Banned Pending Investigation | Banned in Libraries and Classrooms,,2021-10,Banned from Libraries and Classrooms | Banned | Banned Pending Investigation | Banned By Restriction
"Rosen, Michael J.",Girls vs. Guys: Surprising Differences Between the Sexes,Banned Pending Investigation,,2021-12,Banned By Restriction
"Rosenberg, Ian",Free Speech Handbook: A Practical Framework for Understanding Our Free Speech Protections,,,2024-08,Banned
"Rosenblatt, Darcey",Lost Boys,Banned Pending Investigation,,2022-01,
"Rosenblum, Robert",19th Century Art,,,2025-04,Banned
"Rosenfield, Kat",Amelia Anne Is Dead and Gone,,,,Banned By Restriction
"Rosenthal, Amy Krouse","Dear Girl: A Celebration of Wonderful, Smart, Beautiful You!",,,,Banned Pending Investigation
"Rosewater, Kit",Shelly Struggles to Shine,,,,Banned Pending Investigation
"Rosin, Lindsey",Cherry,Banned in Libraries and Classrooms,,2022-03,Banned
"Rosoff, Meg",How I Live Now,,,,Banned Pending Investigation
"Rosoff, Meg",There Is No Dog,,,,Banned Pending Investigation
"Ross, Edward",Filmish: A Graphic Journey Through Film,,,2022-09,Banned Pending Investigation
"Ross, Stewart",Spirits and Sorcerers,,,2023-06,Banned from Libraries and Classrooms
"Rossi, Veronica",Into the Still Blue,,,2024-10,Banned By Restriction | Banned Pending Investigation
"Rossi, Veronica",Through the Ever Night,,,,Banned Pending Investigation
"Rossi, Veronica",Under the Never Sky,,,,Banned Pending Investigation
"Rossner, Judith",Perfidia,,,,Banned By Restriction
"Roszak, Theodore",The Gendered Atom: Reflections on the Sexual Psychology of Science,,,2025-02,Banned
"Roth, Philip",Portnoy's Complaint,,,2024-08,Banned
"Roth, Philip",The Human Stain,,,2025-06,Banned
"Roth, Sally","The Backyard Bird Feeder's Bible: The A-Z Guide to Feeders, Seed Mixes, Projects, and Treats",,,2023-06,Banned from Libraries and Classrooms
"Roth, Veronica",Allegiant,,,2025-02,Banned | Banned Pending Investigation
"Roth, Veronica",Carve the Mark,,,2025-02,Banned
"Roth, Veronica",Divergent,,,2025-02,Banned | Banned Pending Investigation
"Roth, Veronica",Insurgent,,,,Banned Pending Investigation
"Roth, Veronica",The End and Other Beginnings: Stories from the Future,,,2025-02,Banned
"Rothfuss, Patrick",The Name of the Wind,,,,Banned Pending Investigation
"Rotner, Shelley",Shades of People,Banned in Classrooms,"Kelly, Sheila M.",2021-08,
"Rottman, S.L.",Head Above Water,,,,Banned
"Rourke-Mooney, Beck",We Are Mayhem,,,,Banned
"Routley, Jane",Shadow in the Empire of Light,,,,Banned By Restriction
"Roux, Madeleine",House of Furies,Banned Pending Investigation,,2021-10,
"Rovelli, Carlo",The First Scientist: Anaximander and His Legacy,,,2025-03,Banned
"Rowell, Rainbow",Any Way the Wind Blows,Banned Pending Investigation,,2022-02,Banned Pending Investigation | Banned from Libraries and Classrooms | Banned
"Rowell, Rainbow",Carry On,Banned Pending Investigation,,2022-02,Banned Pending Investigation | Banned By Restriction
"Rowell, Rainbow",Eleanor and Park,Banned in Libraries | Banned in Libraries and Classrooms,,2021-11,Banned Pending Investigation | Banned from Libraries | Banned from Libraries and Classrooms | Banned | Banned By Restriction
"Rowell, Rainbow",Fangirl,,,2022-09,Banned Pending Investigation | Banned from Libraries and Classrooms | Banned | Banned By Restriction
"Rowell, Rainbow",Wayward Son,Banned Pending Investigation,,2022-02,Banned Pending Investigation
"Rowland-Warne, L.",Costume,,,2025-02,Banned
"Rowling, J.K.",The Casual Vacancy,,,2024-08,Banned | Banned By Restriction
"Rowser, Jamila",Wash Day Diaries,,"Smith, Robyn",2024-10,Banned | Banned Pending Investigation
"Roy, Arundhati",The God of Small Things,Banned Pending Investigation,,2022-04,Banned Pending Investigation | Banned from Libraries | Banned | Banned from Libraries and Classrooms | Banned By Restriction
"Roy, Rachel",96 Words For Love,,,,Banned Pending Investigation
"Roza, Greg",Introducing Frankenstein Meets the Wolf Man,,,,Banned
"Rubin, Lance",Denton Little's Deathdate,,,,Banned Pending Investigation
"Rubin, Susan Goldman",Brown v. Board of Education: A Fight for Simple Justice,,,2022-10,Banned from Libraries
"Rubin, Susan Goldman",Diego Rivera: An Artist for the People,,,2024-09,Banned
"Rubin, Susan Goldman",Everybody Paints!: The Lives and Art of the Wyeth Family,,,2024-09,Banned
"Rubin, Susan Goldman",Whaam!: The Art and Life of Roy Lichtenstein,,,2025-05,Banned
"Ruby, Laura",Bone Gap,,,2025-06,Banned Pending Investigation | Banned
"Ruby, Laura",Good Girls,,,,Banned Pending Investigation
"Rucka, Greg",Black Magick: Awakening,,,2022-09,Banned Pending Investigation
"Rudahl, Sharon",Dangerous Woman: The Graphic Biography of Emma Goldman,,,2022-09,Banned from Libraries
"Rudetsky, Seth",My Awesome/Awful Popularity Plan,Banned Pending Investigation,,2022-01,
"Rudolph, Jessica",Ghost Houses,,,2024-10,Banned
"Ruiz Keil, Michelle",All of Us with Wings,,,2024-08,Banned | Banned By Restriction
"Rule, Ann",Small Sacrifices: A True Story of Passion and Murder,,,,Banned By Restriction
"Rule, Ann",The Stranger Beside Me,,,,Banned By Restriction
"Rundell, Katherine",Rooftoppers,,,2025-04,Banned By Restriction
"Runyon, Brent",The Burn Journals,,,,Banned Pending Investigation
Rusch. Elizabeth,You Call This Democracy?: How to Fix Our Government and Deliver Power to the People,,,,Banned
"Russell, Bill",Elegies for Angels Punks and Raging Queens,,,,Banned Pending Investigation
"Russell, Kate Elizabeth",My Dark Vanessa,,,2023-03,Banned Pending Investigation | Banned | Banned By Restriction
"Russell, Rachel Renee",Dork Diaries,,,,Banned By Restriction
"Russell-Brown, Katheryn",Little Melba and Her Big Trombone,Banned in Classrooms,,2021-08,
"Russo, Meredith",Birthday,Banned Pending Investigation,,2021-12,Banned from Libraries and Classrooms | Banned from Libraries | Banned By Restriction | Banned
"Russo, Meredith",If I Was Your Girl (MR),Banned Pending Investigation,,2021-12,Banned By Restriction | Banned | Banned Pending Investigation
"Rutkoski, Marie",The Midnight Lie,Banned Pending Investigation,,2022-01,Banned from Libraries and Classrooms | Banned Pending Investigation | Banned | Banned By Restriction
"Rutkoski, Marie",The Winner's Kiss,,,,Banned Pending Investigation
"Rutledge, A. B.",Miles Away from You,Banned Pending Investigation,,2021-12,
"Ruurs, Margriet",Families Around the World,,,,Banned
"Ryan, Carrie",The Dark and Hollow Places,,,2022-10,Banned from Libraries | Banned
"Ryan, Carrie",The Dead-Tossed Waves,,,2022-10,Banned from Libraries | Banned Pending Investigation
"Ryan, Carrie",The Forest of Hands and Teeth,,,2022-10,Banned from Libraries
"Ryan, Darlene",Rules for Life,,,,Banned Pending Investigation
"Ryan, Kennedy",Before I Let Go,,,,Banned Pending Investigation
"Ryan, Lexi",These Hollow Vows,,,,Banned Pending Investigation
"Ryan, P. E.",Saints of Augustine,Banned Pending Investigation,,2022-02,
"Ryan, Pam Muñoz",Esperanza Rising,Banned Pending Investigation,,2022-01,Banned Pending Investigation
"Ryan, Rin",Male To Female Transgender and Transfeminine Identities,,,2024-08,Banned By Restriction
"Ryan, Sara",Empress of the World,Banned in Libraries,,2021-12,Banned By Restriction
"Ryan, Tom",I Hope You're Listening,Banned Pending Investigation,,2021-12,
"Ryan, Tom",When You Get the Chance,Banned Pending Investigation,"Stevenson, Robin",2022-02,Banned By Restriction
"Ryde, Judy",White Privilege Unmarked,,,,Banned
"Rylant, Cynthia","The Beautiful Stories of Life: Six Greeks Myths, Retold",,,2022-09,Banned Pending Investigation | Banned
"Ryle, Robyn","She/He/They/Me: For the Sisters, Misters, and Binary Resisters",Banned in Libraries and Classrooms,,2022-02,Banned
"Ryle, Robyn","Throw Like a Girl, Cheer Like A Boy: The Evolution of Gender, Identity, and Race in Sports",,,,Banned
"Saad, Layla F.","Me and White Supremacy: Combat Racism, Change the World, and Become a Good Ancestor",Banned in Classrooms,,2021-08,Banned from Libraries and Classrooms | Banned Pending Investigation | Banned
"Sabin, Francene","Elizabeth Blackwell, the First Woman Doctor",Banned in Classrooms,,2021-08,
Saburouta,"Citrus Plus, Vol. 1",,,2022-10,Banned from Libraries
Saburouta,"Citrus Plus, Vol. 2",,,2022-10,Banned from Libraries
"Sachar, Louis",Holes,,,2024-11,Banned
"Sachar, Louis",Is He a Girl?,,,2022-09,Banned Pending Investigation | Banned from Libraries and Classrooms | Banned By Restriction
"Sachar, Louis",Sideways Stories from Wayside School,,,2024-10,Banned
"Sachar, Louis",The Boy Who Lost His Face,,,,Banned By Restriction
"Sadamoto, Yoshiyuki","Neon Genesis Evangelion: 2-in-1 edition, Vol. 5",,,,Banned Pending Investigation
"Sadamoto, Yoshiyuki","Neon Genesis Evangelion: 3-in-1 edition, Vol. 1",,,,Banned Pending Investigation
"Sadamoto, Yoshiyuki","Neon Genesis Evangelion: 3-in-1 edition, Vol. 4",,,,Banned Pending Investigation
Saddleback Educational Publishing,Drake,,,,Banned By Restriction
"Sadowski, Michael",Safe is Not Enough: Better Schools for LGBTQ Students,,,2024-08,Banned By Restriction | Banned
"Saeed, Aisha",Amal Unbound,Banned in Classrooms,,2021-08,
"Saeed, Aisha",Bilal Cooks Daal,Banned in Classrooms,,2021-08,
"Saeed, Aisha",Diana and the Underworld Odyssey,,,,Banned Pending Investigation
"Sáenz, Benjamin Alire",Aristotle and Dante Discover the Secrets of the Universe,Banned Pending Investigation,,2021-11,Banned from Libraries and Classrooms | Banned Pending Investigation | Banned from Libraries | Banned | Banned By Restriction
"Sáenz, Benjamin Alire",Aristotle and Dante Dive into the Waters of the World,Banned Pending Investigation,,2022-02,Banned | Banned Pending Investigation
"Sáenz, Benjamin Alire",He Forgot To Say Goodbye,,,,Banned By Restriction
"Sáenz, Benjamin Alire",The Inexplicable Logic of My Life,Banned Pending Investigation,,2022-02,Banned Pending Investigation
"Safi, Aminah Mae",Not the Girls You're Looking For,,,,Banned Pending Investigation
"Safi, Aminah Mae",Tell Me How You Really Feel,,,,Banned Pending Investigation
"Sagar, Lindsey",The Story of Rap,Banned in Classrooms,,2021-08,
"Sakisaka, Io",Ao Haru Ride,,,2024-08,Banned
"Sakurai, Gamon",Ajin: Demi-Human,,,2025-06,Banned
"Sakurakōji, Kanoko","Black Bird, Vol. 10",,,,Banned Pending Investigation
"Sakurakōji, Kanoko","Black Bird, Vol. 11",,,,Banned Pending Investigation
"Sakurakōji, Kanoko","Black Bird, Vol. 12",,,,Banned Pending Investigation
"Sakurakōji, Kanoko","Black Bird, Vol. 13",,,,Banned Pending Investigation
"Sakurakōji, Kanoko","Black Bird, Vol. 14",,,,Banned Pending Investigation
"Sakurakōji, Kanoko","Black Bird, Vol. 15",,,,Banned Pending Investigation
"Sakurakōji, Kanoko","Black Bird, Vol. 16",,,,Banned Pending Investigation
"Sakurakōji, Kanoko","Black Bird, Vol. 17",,,,Banned Pending Investigation
"Sakurakōji, Kanoko","Black Bird, Vol. 18",,,,Banned Pending Investigation
"Sakurakōji, Kanoko","Black Bird, Vol. 2",,,,Banned Pending Investigation
"Sakurakōji, Kanoko","Black Bird, Vol. 3",,,,Banned Pending Investigation
"Sakurakōji, Kanoko","Black Bird, Vol. 5",,,,Banned Pending Investigation
"Sakurakōji, Kanoko","Black Bird, Vol. 6",,,,Banned Pending Investigation
"Sakurakōji, Kanoko","Black Bird, Vol. 7",,,,Banned Pending Investigation
"Sakurakōji, Kanoko","Black Bird, Vol. 8",,,,Banned Pending Investigation
"Sakurakōji, Kanoko","Black Bird, Vol. 9",,,,Banned Pending Investigation
"Salaysay, Cynthia",Private Lessons,,,2024-10,Banned
"Salazar, Aida",La luna dentro de mí,,,2024-08,Banned By Restriction
"Salazar, Aida",The Moon Within,Banned Pending Investigation,,2021-12,Banned By Restriction | Banned | Banned Pending Investigation
"Sales, Leila",This Song Will Save Your Life,,,,Banned Pending Investigation
"Salinger, J.D.",The Catcher in the Rye,,,,Banned
"Salisbury, Melinda",Hold Back the Tide,Banned in Libraries,,2022-01,Banned Pending Investigation
"Salisbury, Melinda",The Sin Eater's Daughter,,,2025-06,Banned
"Salisbury, Melinda",The Sleeping Prince,,,2023-03,Banned from Libraries
"Salvatore, Steven",And They Lived...,,,2022-10,Banned from Libraries and Classrooms | Banned | Banned By Restriction | Banned Pending Investigation
"Salvatore, Steven",Can't Take That Away,Banned Pending Investigation,,2022-02,Banned By Restriction | Banned
"Salvesen, Britt",Harry Callahan: The Photographer at Work,,,2022-09,Banned Pending Investigation
"Salzman, Mark",True Notebooks: A Writer's Year at Juvenile Hall,,,2023-02,Banned Pending Investigation
"Samuels, Charles",Life under Occupation,,,2025-02,Banned
"Samuels, Charlie",Life of a Soldier,,,2025-02,Banned
"Samura, Hiroaki","Blade of the Immortal Omnibus, Vol. 3",,,2022-10,Banned from Libraries
San Francisco Writers' Grotto,642 Things to Write About,Banned in Classrooms,,2021-09,
"Sanchez, Alex",Bait,Banned in Libraries and Classrooms,,2021-11,Banned Pending Investigation | Banned
"Sanchez, Alex",Boyfriends with Girlfriends,,,2023-02,Banned Pending Investigation | Banned By Restriction
"Sanchez, Alex",Getting It,Banned Pending Investigation,,2021-12,Banned | Banned Pending Investigation
"Sanchez, Alex",Rainbow Boys,Banned Pending Investigation,,2021-11,Banned Pending Investigation | Banned
"Sanchez, Alex",Rainbow High,Banned Pending Investigation,,2021-12,Banned Pending Investigation | Banned
"Sanchez, Alex",Rainbow Road,Banned Pending Investigation,,2021-12,Banned | Banned Pending Investigation
"Sanchez, Alex",So Hard to Say,Banned Pending Investigation,,2021-12,Banned from Libraries and Classrooms
"Sanchez, Alex",The God Box,,,2025-06,Banned Pending Investigation | Banned
"Sanchez, Alex",The greatest superpower,,,2024-08,Banned By Restriction | Banned
"Sanchez, Alex",You Brought Me the Ocean,Banned Pending Investigation,,2022-02,Banned By Restriction
"Sánchez, Erika L.",I Am Not Your Perfect Mexican Daughter,Banned in Classrooms | Banned in Libraries,,2021-08,Banned from Libraries and Classrooms | Banned Pending Investigation | Banned from Libraries | Banned | Banned By Restriction
"Sánchez, Erika L.",Yo No Soy Tu Perfecta Hija Mexicana,,,,Banned Pending Investigation
"Sanchez, Jasper",The (Un)Popular Vote,Banned Pending Investigation,,2022-02,Banned By Restriction | Banned
"Sanchez, Jenny Torres",We Are Not From Here,,,,Banned Pending Investigation | Banned By Restriction
"Sandberg, Sheryl","Option B: Facing Adversity, Building Resilience, and Finding Joy",,,,Banned Pending Investigation
"Sanders, Lawrence",The Second Deadly Sin,,,,Banned
"Sanders, Rob",Peaceful Fights for Equal Rights,Banned in Classrooms,,2021-08,Banned Pending Investigation
"Sanders, Rob",Pride: The Story of Harvey Milk and the Rainbow Flag,Banned in Classrooms | Banned Pending Investigation | Banned in Libraries,,2021-08,Banned Pending Investigation | Banned from Libraries
"Sanders, Rob",Stonewall: A Building. An Uprising. A Revolution.,Banned Pending Investigation,,2022-01,
"Sanderson, Brandon",Calamity,,,,Banned By Restriction
"Sanderson, Brandon",Firefight,,,2025-02,Banned | Banned By Restriction
"Sandford, John",The Fool's Run,,,,Banned By Restriction
"Sandler, Karen",Rebellion,,,,Banned Pending Investigation
"Sands, Lynsay","Vampire, Interrupted",,,,Banned By Restriction
"Sanford, Doris",Something Must Be Wrong with Me: A Boy's Book about Sexual Abuse,Banned Pending Investigation,,2022-03,
"Sanna, Emily",Gay Believers: Homosexuality and Religion,Banned in Libraries,,2021-12,Banned
"Santana, Sol",Just Ash,Banned Pending Investigation,,2022-02,Banned By Restriction | Banned
"Santi, Bruno",Botticelli,,,2025-04,Banned
"Santi, Bruno",Raphael,,,2025-04,Banned
"Santiago, Esmeralda",When I was Puerto Rican: A Memoir,,,2024-08,Banned | Banned Pending Investigation
"Santoni, V. S.",I'm A Gay Wizard,Banned Pending Investigation,,2021-11,
"Santos, Rita","Beyond Gender Binaries: The History of Trans, Intersex, and Third-Gender Individuals",,,2024-08,Banned By Restriction
"Sapkowski, Andrzej",Baptism of Fire,,,2024-10,Banned
"Sapkowski, Andrzej",Blood of Elves,,,2024-10,Banned
"Sapkowski, Andrzej",Season of Storms,,,2024-10,Banned
"Sapkowski, Andrzej",Sword of Destiny,,,2024-10,Banned
"Sapkowski, Andrzej",The Lady of the Lake,,,2024-10,Banned
"Sapkowski, Andrzej",The Last Wish,,,2024-10,Banned
"Sapkowski, Andrzej",The Time of Contempt,,,2024-10,Banned
"Sapkowski, Andrzej",The Tower of Swallows,,,2024-10,Banned
Sapphire,Push,Banned Pending Investigation,,2022-03,Banned from Libraries and Classrooms | Banned Pending Investigation | Banned from Libraries | Banned | Banned By Restriction
"Saramago, José",Blindness,,,2024-11,Banned By Restriction
"Sass, A. J.",Ana on the Edge,Banned Pending Investigation,,2021-12,Banned from Libraries | Banned By Restriction | Banned | Banned Pending Investigation
"Sass, A. J.",Ellen Outside the Lines,,,2024-08,Banned By Restriction | Banned | Banned Pending Investigation
"Sass, A.J.",Just Shy of Ordinary,,,2024-08,Banned By Restriction | Banned
"Sass, Adam",Surrender Your Sons,,,2024-08,Banned By Restriction | Banned
"Sato, Daisuke","High School of the Dead, Vol. 1",,,2023-02,Banned Pending Investigation
"Satrapi, Marjane",Persepolis 2: The Story of a Return,,,2022-09,Banned Pending Investigation | Banned
"Satrapi, Marjane",Persepolis: The Story of a Childhood,Banned in Libraries | Banned Pending Investigation,,2022-01,Banned Pending Investigation | Banned | Banned By Restriction
"Satrapi, Marjane",The Complete Persepolis: Volumes 1 and 2,,,2024-10,Banned
"Saulmon, Greg",Genital Herpes,,"Forrest, Stuart",,Banned Pending Investigation
"Saunders, Gill",The Poster: A Visual History,,"Flood, Catherine; Clayton, Zorian; Timmers, Margaret",2025-04,Banned
"Savage, Dan","It Gets Better: Coming Out, Overcoming Bullying, and Creating a Life Worth Living",Banned Pending Investigation,"Miller, Terry",2021-12,Banned By Restriction | Banned
"Savage, Sarah",She's My Dad!: A Story for Children Who Have a Transgender Parent or Relative,,,,Banned
"Savit, Gavriel",Anna and the Swallow Man,,,,Banned Pending Investigation | Banned By Restriction
"Savran, Stacy",The Human Body (SS),,,2025-02,Banned
"Say, Allen",Drawing From Memory,,,2024-09,Banned
"Sayre, Justin",Husky,,,2024-11,Banned
"Sayre, Justin",Pretty,,,2025-01,Banned
"Scanlon, Liz Garton",All the World,Banned in Classrooms,,2021-08,
"Scarborough, Kate",Pablo Picasso,,,,Banned Pending Investigation
"Scarrow, Alex",Plague Land,,,2024-10,Banned
"Scarrow, Alex",Plague Land No Escape,,,2024-10,Banned
"Scarrow, Alex",Plague Land Reborn,,,2024-10,Banned
"Scelsa, Kate",Fans of the Impossible Life,Banned Pending Investigation,,2022-01,Banned | Banned By Restriction
"Schachte, Kylie",You're Next,,,,Banned Pending Investigation
"Schaeffer, Rebecca",Not Even Bones,,,2024-10,Banned | Banned Pending Investigation
"Schaeffer, Rebecca",Only Ashes Remain,,,2024-10,Banned
"Schaeffer, Rebecca",When Villians Rise,,,2024-10,Banned
"Schaeffer, Teresa",The Questions Within,Banned Pending Investigation,,2021-12,Banned By Restriction
"Schaffner, Ingrid",The Essential Henri Matisse,,,2022-09,Banned Pending Investigation
"Schaffner, Ingrid",The Essential Pablo Picasso,,,2022-09,Banned Pending Investigation
"Schaffner, Ingrid",The Essential Vincent van Gogh,,,2022-09,Banned Pending Investigation
"Schanzer, Rosalyn",George vs. George: The American Revolution As Seen From Both Sides,,,,Banned
"Scheeres, Julia",Jesus Land: A Memoir,Banned in Libraries and Classrooms | Banned Pending Investigation,,2022-03,Banned Pending Investigation | Banned from Libraries and Classrooms | Banned
"Scheidt, Erica Lorraine",Uses for Boys,,,2025-06,Banned Pending Investigation | Banned
"Scheier, Leah",The Last Words We Said,,,,Banned Pending Investigation
"Scherer, Lauri S.",Sexting,,,2024-08,Banned Pending Investigation
"Scherer, Lauri S.",Sexual Orientation,,,2024-08,Banned By Restriction
"Schiffer, Miriam B.",Stella Brings the Family,Banned Pending Investigation | Banned in Libraries and Classrooms,,2022-01,Banned Pending Investigation | Banned from Classrooms
"Schlink, Bernard",The Reader,,,,Banned Pending Investigation
"Schlissel, Lillian",Black Frontiers: A History of African American Heroes in the Old West,Banned Pending Investigation,,2022-01,
"Schmatz, Pat",Lizard Radio,Banned Pending Investigation,,2021-12,Banned By Restriction | Banned
"Schmermund, Elizabeth",Dealing With Sexual Harassment,,,2024-09,Banned
"Schmermund, Elizabeth",Identity Politics,,,,Banned
"Schmidt, Gary D.",Orbiting Jupiter,,,2025-01,Banned By Restriction
"Schmidt, Tiffany",Get a Clue,Banned Pending Investigation,,2022-02,
"Schneider, Robyn",Extraordinary Means,,,,Banned Pending Investigation
"Schneider, Robyn",The Beginning of Everything,,,,Banned | Banned Pending Investigation
"Schneider, Robyn",The Beginning of Everything: Everyone Gets a Tragedy,,,2024-12,Banned | Banned Pending Investigation
"Schneider, Robyn",You Don't Live Here,,,2024-08,Banned By Restriction | Banned
"Scholinski, Daphne",The Last Time I Wore a Dress,Banned Pending Investigation,,2021-12,
"Schomp, Virginia",The Ancient Greeks,,,2022-09,Banned Pending Investigation | Banned
"Schow, Betsy",Banished,,,,Banned By Restriction
"Schow, Betsy",Spelled,,,,Banned By Restriction
"Schow, Betsy",Wanted (BS),,,,Banned By Restriction
"Schrag, Ariel",Stuck In Tte Middle: 17 Comics from an Unpleasant Age,,,2024-10,Banned
"Schrefer, Eliot",Endangered,,,,Banned Pending Investigation
"Schrefer, Eliot",Queer Ducks (and Other Animals): The Natural World of Animal Sexuality,,,2023-06,Banned Pending Investigation
"Schrefer, Eliot",The Darkness Outside Us,Banned Pending Investigation,,2022-02,
"Schroeder, Lisa",Chasing Brooklyn,,,2024-08,Banned
"Schroeder, Lisa","I Heart You, You Haunt Me",,,,Banned Pending Investigation
"Schulte, Mary",Sirens,,,2022-09,Banned Pending Investigation
"Schusterman, Michelle",Spotlight on Coding Club!,Banned in Classrooms,,2021-08,
"Schutze, Jim",Bully: A True Story of High School Revenge,,,,Banned By Restriction
"Schwab, V. E.",The Invisible Life of Addie LaRue,Banned in Libraries,,2022-01,Banned Pending Investigation | Banned from Libraries and Classrooms | Banned | Banned By Restriction | Banned from Libraries
"Schwab, Victoria",A Conjuring of Light,,,,Banned
"Schwab, Victoria",This Savage Song,,,,Banned Pending Investigation
"Schwabach, Karen",The Hope Chest,Banned Pending Investigation,,2021-10,
"Schwalbe, Will",The End of Your Life Book Club,,,,Banned By Restriction
"Schwark, Mike",Van Von Hunter,,"Kaulfersch, Ron",2025-05,Banned
"Schwartz, Alvin",More Scary Stories to Tell in the Dark,Banned Pending Investigation,,2021-10,Banned Pending Investigation
"Schwartz, E. J.",Before We Were Blue,,,2024-08,Banned By Restriction
"Schwartz, Heather E.",Code-Breaker and Mathematician Alan Turing,,,,Banned By Restriction
"Schwartz, Heather E.",Locked Up for Freedom: Civil Rights Protesters at the Leesburg Stockade,Banned in Classrooms,,2021-08,
"Schwarz-Bart, Simone",In Praise of Black Women: Ancient African Queens,,"Schwarz-Bart, Andre; Rejouis, Rose-Myriam",2025-04,Banned
"Schwarzenegger Pratt, Katherine",The Gift of Forgiveness,,,,Banned By Restriction
"Schwenke, Chloe",SELF-ish: A Transgender Awakening,Banned in Libraries and Classrooms,,2022-02,Banned By Restriction
Scientific American,The Science of Identity,,,,Banned
"Score, Lucy",Things We Hide From the Light,,,,Banned
"Score, Lucy",Things We Never Got Over,,,,Banned
"Scott, Ann Herbert",On Mother's Lap,Banned Pending Investigation,,2022-01,
"Scott, Elizabeth",Living Dead Girl,Banned Pending Investigation,,2021-11,Banned from Libraries and Classrooms | Banned Pending Investigation | Banned By Restriction | Banned | Banned - Professionally Weeded
"Scott, Elizabeth",Stealing Heaven,,,2023-05,Banned Pending Investigation | Banned
"Scott, John",Art of the Ancient Mediterranean World,,,2025-02,Banned
"Scott, John",European Art Since 1850,,,2025-02,Banned
"Scott, John",European Art to 1850,,,2025-02,Banned
"Scott, John",Far Eastern Art,,,2025-02,Banned
"Scott, John","Mexican, Central & South American Art",,,2025-02,Banned
"Scott, Libby",Can You See Me?,,,,Banned
"Scott, Mindi",Live Through This,,,,Banned
"Scottoline, Lisa",Dirty Blonde,,,,Banned By Restriction
"Scottoline, Lisa",Final Appeal,,,,Banned Pending Investigation
"Scottoline, Lisa",Look Again,,,,Banned
"Seabold, Alice",Lucky,Banned in Libraries and Classrooms,,2022-05,
"Seaman, Alison",My Christian Faith,,,2023-06,Banned from Libraries and Classrooms
"Searles, John",Help for the Haunted,,,2024-11,Banned
"Searles, John",Help for the Haunted Heroine,,,2024-10,Banned | Banned Pending Investigation
"Seba, Jaime A.",Coming Out: Telling Family and Friends,Banned in Libraries,,2021-12,Banned By Restriction
"Seba, Jaime A.",Feeling Wrong in Your Own Body: Understanding What It Means to Be Transgender,Banned in Libraries,,2021-12,Banned
"Seba, Jaime A.",Gay and Lesbian Role Models,Banned in Libraries,,2021-12,
"Seba, Jaime A.","Gay Characters in Theater, Movies, and Television: New Roles, New Attitudes",,,,Banned
"Seba, Jaime A.","Gay Issues and Politics: Marriage, the Military, & Work Place Discrimination",Banned Pending Investigation | Banned in Libraries,,2021-12,
"Seba, Jaime A.","Gay People of Color: Facing Prejudices, Forging Identities",Banned in Libraries,,2021-12,
"Seba, Jaime A.","Gays and Mental Health: Fighting Depression, Saying No to Suicide",Banned in Libraries,,2021-12,
"Seba, Jaime A.","Homosexuality Around the World: Safe Havens, Cultural Challenges",Banned in Libraries,,2021-12,
"Seba, Jaime A.","Smashing the Stereotypes: What Does It Mean To Be Gay, Lesbian, Bisexual, or Transgender?",,,,Banned
"Seba, Jaime A.",The LGBT Community,Banned in Libraries,,2021-12,
"Sebastian, Laura",Ash Princess,,,,Banned Pending Investigation
"Sebastian, Laura",Ember Queen,Banned Pending Investigation,,2022-02,Banned Pending Investigation
"Sebastian, Laura",Lady Smoke,,,,Banned Pending Investigation
"Sebold, Alice",Lucky,Banned Pending Investigation | Banned in Libraries and Classrooms | Banned in Libraries,,2021-11,Banned from Libraries and Classrooms | Banned Pending Investigation | Banned from Libraries
"Sebold, Alice",Lucky (AS),,,2024-08,Banned | Banned Pending Investigation | Banned By Restriction
"Sebold, Alice",The Almost Moon,,,2024-11,Banned | Banned Pending Investigation
"Sebold, Alice",The Lovely Bones,Banned in Classrooms,,2021-10,Banned Pending Investigation | Banned from Libraries | Banned from Libraries and Classrooms | Banned By Restriction | Banned
"Sedaris, David",Naked,,,,Banned Pending Investigation
"Sedgwick, Chantele",The Summer of Lost Things,,,,Banned Pending Investigation
"See, Lisa",Peony in Love,,,,Banned By Restriction
"See, Lisa",Shanghai Girls,,,2025-05,Banned Pending Investigation | Banned
"See, Lisa",Snow Flower and the Secret Fan,,,2022-11,Banned from Libraries and Classrooms
"See, Melissa",Love Letters for Joy,,,2024-08,Banned By Restriction
"Seeger, Pete",The Deaf Musicians,Banned in Classrooms,"Jacobs, Paul DuBois",2021-08,
"Sehgal, Surishtha",Festival of Colors,Banned Pending Investigation,"Sehgal, Kabir",2022-01,
"Selene, Lyra",Amber and Dusk,,,2025-02,Banned | Banned Pending Investigation
"Selene, Lyra",Diamond and Dawn,,,2023-03,Banned from Libraries
"Self, Jeffery","A Very, Very Bad Thing",Banned Pending Investigation,,2021-12,Banned Pending Investigation
"Self, Jeffery",Drag Teen,,,2023-02,Banned from Libraries and Classrooms
"Selfors, Suzanne",Next Top Villain,,,2025-01,Banned
"Sell, Chad",Doodleville,,,,Banned Pending Investigation | Banned
"Sell, Chad",Roar of the Beast,,,,Banned
"Sell, Chad",The Cardboard Kingdom,,,,Banned By Restriction | Banned Pending Investigation | Banned
"Seltzer, Olivia",Cramm This Book: So You Know WTF Is Going On in the World Today,,,,Banned
"Selzer, Adam",Just Kill Me,Banned Pending Investigation,,2021-12,
"Selznick, Brian",The Marvels,,,,Banned Pending Investigation
"Semple, Maria","Where'd You Go, Bernadette?",,,,Banned Pending Investigation
"Sendak, Maurice",In the Night Kitchen,,,2024-08,Banned By Restriction | Banned | Banned Pending Investigation
"Senf, Lora",The Nighthouse Keeper,,,2024-08,Banned By Restriction
"Senghor, Shaka","Writing My Wrongs: Life, Death, and Reception in an American Prison",,,,Banned By Restriction | Banned Pending Investigation
"Senior, Michael",Illustrated Who's Who in Mythology,,,,Banned Pending Investigation
"Senker, Cath","Islam: Signs, Symbols, and Stories",,,2025-02,Banned
"Senker, Cath",Judaism,,,2025-02,Banned
"Senn, J. A.",Quotations for Kids,,,2023-06,Banned from Libraries and Classrooms
"Sepetys, Ruta",Ashes in the Snow,,,,Banned Pending Investigation
"Sepetys, Ruta",Between Shades of Gray,Banned in Libraries,,2021-10,Banned
"Sepetys, Ruta",I Must Betray You,,,,Banned Pending Investigation
"Sepetys, Ruta",Out of the Easy,Banned in Libraries and Classrooms,,2021-11,Banned | Banned By Restriction | Banned Pending Investigation
"Sepetys, Ruta",Salt to the Sea,,,2022-10,Banned from Libraries | Banned By Restriction
"Seton-Williams, M. V.",Greek Legends and Stories,,,2025-04,Banned
"Setterfield, Diane",The Thirteenth Tale,,,,Banned Pending Investigation
"Seuss, Dr.",Ven a Mi Casa,Banned in Classrooms,,2021-08,
"Shaara, Michael",The Killer Angels: The Classic Novel of the Civil War,,,,Banned By Restriction
"Shaffer, Mary Anne",The Guernsey Literary and Potato Peel Pie Society,,"Barrows, Annie",,Banned Pending Investigation
"Shaffer, Peter",Equus,,,,Banned By Restriction
"Shahan, Sherry",Skin and Bones,,,2024-08,Banned | Banned Pending Investigation
"Shakespeare, William",Manga Shakespere: The Tempest,,,2024-10,Banned
"Shakespeare, William",Romeo and Juliet,,,,Banned Pending Investigation
"Shakespeare, William",Shakespeare's Hamlet: The Manga Edition,,"Sexton, Adam; Pantoja, Tintin",2022-09,Banned Pending Investigation
"Shakespeare, William",The Merchant Of Venice,,,,Banned By Restriction
"Shakespeare, William",The Taming Of The Shrew,,,,Banned By Restriction
"Shan, Darren",Blood Beast,,,2024-08,Banned
"Shan, Darren",Brothers to the Death,,,2024-08,Banned
"Shan, Darren","Cirque du Freak: The Manga, Vol. 1",,,2024-08,Banned | Banned Pending Investigation
"Shan, Darren",Death's Shadow,,,2024-09,Banned
"Shan, Darren",Demon Apocalypse,,,2024-09,Banned | Banned Pending Investigation
"Shan, Darren",Hell's Heroes,,,2024-11,Banned
"Shan, Darren",Wolf Island,,,2025-05,Banned
"Shan, Darren",Zom-B: Gladiator,,,2023-03,Banned from Libraries | Banned
"Shandler, Sara",Ophelia Speaks: Adolescent Girls Write About Their Search for Self,,,,Banned Pending Investigation
"Shange, Ntozake",For Colored Girls Who Have Considered Suicide / When the Rainbow Is Enuf: A Choreopoem,,,,Banned By Restriction
"Shannon, David",Alice the Fairy,,,2024-10,Banned
"Shannon, David","It's Christmas, David",,,2024-10,Banned
"Shannon, David","No, David!",,,2024-10,Banned
"Shanower, Eric","Age of Bronze, Vol. 1: A Thousand Ships",,,2024-08,Banned
"Shanower, Eric","Age of Bronze, Vol. 2: Sacrie",,,2024-10,Banned
"Shantz-Hilkes, Chloe",Hooked: When Addiction Hits Home,,,2024-11,Banned By Restriction
"Shantz-Hilkes, Chloe",My Girlfriend's Pregnant!: A Teen's Guide to Becoming a Dad,Banned Pending Investigation,,2021-12,
"Shapard, Robert",New Sudden Fiction: Short-Short Stories from America and Beyond,,"Thomas, James",,Banned By Restriction
"Shapard, Robert",Sudden Fiction (Continued): 60 New Short-Short Stories,,"Thomas, James",,Banned By Restriction
"Shapard, Robert",Sudden Fiction: American Short Stories,,"Thomas, James",,Banned By Restriction
"Sharenow, Robert",My Mother the Cheerleader,,,,Banned Pending Investigation
"Sharenow, Robert",The Berlin Boxing Club,Banned in Libraries and Classrooms,,2021-11,Banned | Banned Pending Investigation
"Sharmat, Marjorie Weinman",Nate the Great and the Sticky Case,,"Simont, Marc",,Banned Pending Investigation
"Sharpe, Tess",Far from You,Banned Pending Investigation,,2021-12,
"Sharpe, Tess",The Girls I've Been,Banned Pending Investigation,,2022-02,Banned Pending Investigation | Banned By Restriction
"Shattuck, Roger",Forbidden Knowledge: From Prometheus to Pornography,,,,Banned By Restriction
"Shaw, Susan",Black-eyed Suzie,,,2024-08,Banned
"Shaw, Susan",Safe,Banned Pending Investigation,,2021-11,Banned Pending Investigation
"Shaw, Susan",The Boy from the Basement,,,2025-03,Banned
"Shaw, Tucker",The Hookup Artist,Banned in Libraries,,2021-12,
"Shecter, Vicky",Cleopatra's Moon,,,,Banned Pending Investigation
"Sheen, Barbara",How Can Teen Pregnancy Be Reduced,,,2024-08,Banned Pending Investigation
"Sheen, Barbara",LGBTQ In America,,,2024-08,Banned By Restriction | Banned
"Sheff, David",Beautiful Boy: A Father's Journey Through His Son's Addiction,,,2023-02,Banned Pending Investigation
"Sheff, Nic",Tweak: Growing Up on Methamphetamines,,,2023-02,Banned Pending Investigation | Banned By Restriction | Banned
"Sheinkin, Steve",Bomb: The Race to Build and Steal the World's Most Dangerous Weapon,,,,Banned By Restriction
"Sheinmel, Alyssa",Faceless,,,2025-02,Banned
"Sheldon, Sidney",Master of the Game,,,,Banned Pending Investigation
"Sheldon, Sidney",Nothing Lasts Forever,,,,Banned By Restriction
"Shepard, Judy","The Meaning of Matthew: My Son's Murder in Laramie, and a World Transformed",,,,Banned By Restriction
"Shepard, Sara",Burned (SS),,,2024-08,Banned | Banned Pending Investigation | Banned By Restriction
"Shepard, Sara",Crushed,,,2024-09,Banned | Banned Pending Investigation
"Shepard, Sara",Deadly,,,,Banned Pending Investigation
"Shepard, Sara",Flawless,Banned Pending Investigation,,2022-02,Banned | Banned Pending Investigation
"Shepard, Sara",Heartless,,,2024-11,Banned | Banned Pending Investigation
"Shepard, Sara",Influence,Banned Pending Investigation,"Buckingham, Lilia",2022-02,
"Shepard, Sara",Killer,,,,Banned Pending Investigation
"Shepard, Sara",Perfect,,,,Banned Pending Investigation | Banned
"Shepard, Sara",Perfect (SS),,,2024-11,Banned
"Shepard, Sara",Pretty Little Liars,,,,Banned | Banned Pending Investigation
"Shepard, Sara",Ruthless,,,2025-02,Banned | Banned Pending Investigation
"Shepard, Sara",Seven Minutes in Heaven,,,,Banned Pending Investigation
"Shepard, Sara",Stunning,,,,Banned Pending Investigation
"Shepard, Sara",The Good Girls,,,,Banned Pending Investigation
"Shepard, Sara",The Lying Game,,,2025-03,Banned
"Shepard, Sara",The Perfectionists,,,,Banned Pending Investigation
"Shepard, Sara",Toxic,,,,Banned Pending Investigation
"Shepard, Sara",Twisted (SS),,,,Banned Pending Investigation
"Shepard, Sara",Two Truths and a Lie,,,2025-05,Banned
"Shepard, Sara",Unbelievable,,,,Banned Pending Investigation
"Shepard, Sara",Vicious,,,,Banned Pending Investigation
"Shepard, Sara",Wanted,,,,Banned Pending Investigation
"Shepard, Sara",Wicked,,,,Banned Pending Investigation
"Shepherd, Megan",Grim Lovelies,,,,Banned Pending Investigation
"Shepherd, Megan",Midnight Beauties,,,,Banned Pending Investigation
"Sheridan, Mia",Archer's Voice,,,,Banned
"Sherman, Jill",25 Women Who Fought Back,Banned in Classrooms,,2021-08,
"Sherman, Jill",25 Women Who Thought of It First,Banned in Classrooms,,2021-08,
"Sherrard, Brent R.",Final Takedown,Banned in Libraries,,2021-12,
"Sherrow, Victoria",The Oklahoma City Bombing: Terror in the Heartland,,,2025-02,Banned
"Shershun, Erika","Healing Sexual Trauma Workbook: Somatic Skills to Help You Feel Safe in Your Body, Create Boundaries, and Live with Resilience",,,2022-08,Banned from Libraries and Classrooms
"Sheth, Kashmira",Keeping Corner,,,,Banned
"Shetterly, Margot Lee",Hidden Figures: the American Dream and the Untold Story of the Black Women Mathematicians Who Helped Win the Space Race,,,2025-02,Banned
"Shetterly, Margot Lee",Hidden Figures: The True Story of Four Black Women and the Space Race,Banned in Classrooms,"Conkling, Winifred",2021-08,
"Shields, Carol",The Stone Diaries,,,,Banned By Restriction
"Shimura, Takako","Wandering Son, Vol. 1",,,2024-08,Banned By Restriction | Banned
"Shimura, Takako","Wandering Son, Vol. 2",,,2024-08,Banned By Restriction | Banned
"Shimura, Takako","Wandering Son, Vol. 3",,,2024-08,Banned By Restriction
"Shimura, Takako","Wandering Son, Vol. 4",,,2024-08,Banned By Restriction | Banned
"Shimura, Takako","Wandering Son, Vol. 5",,,,Banned
"Shimura, Takako","Wandering Son, Vol. 6",,,,Banned
"Shimura, Takako","Wandering Son, Vol. 7",,,,Banned
"Shinn, Sharon",Shattered Warrior,,,2022-09,Banned Pending Investigation
"Shirai, Kaiu",The Promised Neverland,,,2023-03,Banned from Libraries | Banned
"Shirer, William","Berlin Diary: The Journal of a Foreign Correspondent 1934-1941, an Unparalleled Eyewitness Account of Hitler's German",,,,Banned By Restriction
"Shirvington, Jessica",Embrace,,,2022-10,Banned Pending Investigation | Banned from Libraries | Banned
"Shorr, Harriet",The Artist's Eye,,,2025-02,Banned
"Showalter, Gena",Blacklisted,,,,Banned Pending Investigation
"Showalter, Gena",Evil Queen,,,,Banned Pending Investigation
"Showalter, Gena",Lifeblood,,,2023-03,Banned from Libraries | Banned
"Showalter, Gina",Twisted (GS),,,,Banned Pending Investigation
"Shreve, Anita",Sea Glass,,,,Banned By Restriction
"Shrum, Brianna",Margo Zimmerman Gets the Girl,,"Waxelbaum, Sara",2025-06,Banned Pending Investigation | Banned
"Shuker-Haines, Frances",The Need to Know Library: Everything You Need to Know About Date Rape,,,,Banned Pending Investigation
"Shulman, Jeffery",Drugs and Crime,,,2025-02,Banned
"Shulman, Polly",The Grimm Legacy,,,2022-10,Banned from Libraries
"Shura, Mary Francis",Gentle Annie: The True Story of a Civil War Nurse,,,2024-08,Banned By Restriction
"Shurei, Kouyu",Alichino,,,,Banned Pending Investigation
"Shusterman, Neal",Challenger Deep,,,2022-10,Banned from Libraries | Banned
"Shusterman, Neal",Dry (NS),,"Shusterman, Jarrod",2025-02,Banned | Banned By Restriction
"Shusterman, Neal",El abismo,,,2024-09,Banned
"Shusterman, Neal",Game Changer,Banned in Libraries,,2022-01,
"Shusterman, Neal",Scythe,,,2025-02,Banned
"Shusterman, Neal",The Toll,,,2025-02,Banned
"Shusterman, Neal",Thunderhead,,,,Banned
"Shusterman, Neal",UnDivided,,,,Banned Pending Investigation
"Shusterman, Neal",UnSouled,,,,Banned Pending Investigation
"Shusterman, Neal",UnWholly,,,,Banned Pending Investigation
"Shusterman, Neal",Unwind,,,,Banned Pending Investigation
"Sibson, Laura",Edie in Between,Banned Pending Investigation,,2022-02,
"Sibson, Laura",The Art of Breaking Things,,,2025-02,Banned
"Sicardi, Arabelle",Queer Heroes: Meet 53 LGBTQ Heroes from Past and Present,,,2024-08,Banned By Restriction | Banned
"Sidman, Joyce",The Girl Who Drew Butterflies: How Maria Merian's Art Changed Science,,,2024-07,Banned By Restriction
"Sidney II, Ronnie",Nelson Beats The Odds,Banned in Classrooms,,2021-08,
"Sidney II, Ronnie",Tameka's New Dress,Banned in Classrooms,,2021-08,
"Sie, James",All Kinds of Other,,,2024-08,Banned By Restriction | Banned
"Siegert, Mia",Somebody Told Me,Banned Pending Investigation,,2022-02,Banned By Restriction | Banned
"Silag, Lucy",Wanderlust: A Beautiful Americans Novel (LS),,,,Banned By Restriction
"Silberman, Charles E.",Crisis in Black and White,,,2025-02,Banned
"Silko, Leslie Marmon",Ceremony,,,,Banned
"Silver, Nicky",The Food Chain (Play),,,,Banned By Restriction
"Silvera, Adam",History Is All You Left Me,Banned Pending Investigation,,2021-12,Banned | Banned Pending Investigation | Banned from Libraries and Classrooms
"Silvera, Adam",Infinity Reaper,Banned in Libraries and Classrooms,,2021-11,
"Silvera, Adam",Infinity Son,Banned Pending Investigation,,2021-12,Banned Pending Investigation
"Silvera, Adam",More Happy Than Not,Banned in Libraries and Classrooms | Banned Pending Investigation | Banned in Libraries,,2021-11,Banned Pending Investigation | Banned from Libraries and Classrooms | Banned from Libraries | Banned By Restriction | Banned
"Silvera, Adam",Recuerda aquella vez,,,2025-02,Banned
"Silvera, Adam",Solo quedó nuestra historia,,,2025-06,Banned Pending Investigation | Banned
"Silvera, Adam",The First to Die at the End,,,2024-11,Banned | Banned Pending Investigation
"Silvera, Adam",They Both Die at the End,Banned Pending Investigation,,2021-12,Banned from Libraries | Banned Pending Investigation | Banned By Restriction | Banned
"Silverberg, Cory","Sex is a Funny Word: A Book about Bodies, Feelings, and YOU",Banned Pending Investigation | Banned in Libraries and Classrooms,,2022-04,Banned Pending Investigation | Banned from Libraries and Classrooms | Banned
"Silverberg, Cory","You Know, Sex - Bodies, Gender, Puberty and Other Things!",,,2025-04,Banned
"Silverman, Erica",Jack (Not Jackie),Banned in Classrooms,,2021-08,Banned By Restriction | Banned
"Silverman, Laura",You Asked for Perfect,,,,Banned Pending Investigation
"Silverstein, Herma",Date Abuse,,,2025-02,Banned
"Silverstein, Shel",A Light in the Attic,,,2024-12,Banned
"Sim, Tara",Chainbreaker,Banned in Libraries,,2021-12,
"Sim, Tara",Firestarter,Banned Pending Investigation,,2021-12,
"Sima, Jessie",Harriet Gets Carried Away,,,,Banned Pending Investigation | Banned By Restriction
"Sima, Jessie",Not Quite Narwhal,,,,Banned Pending Investigation
"Simmers, Louise",Simmers DHO Health Science,,"Simmers-Nartker, Karen; Simmers-Kobelak, Sharon",2024-08,Banned By Restriction
"Simon, Charnan",Dance Team,,,2024-09,Banned
"Simon, Charnan",Plan B,,,,Banned Pending Investigation
"Simon, Charnan",Shattered Star,,,,Banned By Restriction
"Simon, Rachel E.","The Every Body Book: The LGBTQ+ Inclusive Guide for Kids about Sex, Gender, Bodies and Families",,,,Banned
"Simone, Ni-Ni","Heels, Heartache and Headlines",,,,Banned By Restriction
"Simonet, Andrew",Wilder,,,2024-10,Banned | Banned Pending Investigation
"Simons, Rae","Gender Danger: Survivors of Rape, Human Trafficking, and Honor Killings",Banned Pending Investigation,"Zoldak, Joyce",2021-12,Banned from Libraries and Classrooms | Banned
"Simpson, Bennett",Henry Taylor: B Side,,"Walker, Hamza",2025-04,Banned
"Simpson, Dana",Phoebe and Her Unicorn,,,,Banned Pending Investigation
"Simpson, Dana",Unicorn on a Roll: Another Phoebe and Her Unicorn Adventure,,,2025-06,Banned Pending Investigation | Banned
"Sincero, Jen",The Straight Girl's Guide to Sleeping with Chicks,,,,Banned Pending Investigation
"Sindu, S. J.",Marriage of a Thousand Lies,Banned in Libraries and Classrooms,,2021-11,Banned By Restriction | Banned Pending Investigation | Banned
"Singh, Deanna",A Smart Girl's Guide to Race & Inclusion: Standing Up To Racism and Building A Better World,,,,Banned
"Singleton, Glenn E.",Courageous Conversations About Race: A Field Guide for Achieving Equity in Schools and Beyond,Banned in Classrooms,,2021-08,
"Sirees, Nihad",The Silence and the Roar,,,,Banned By Restriction
"Sisson, Mark",The Primal Blueprint,,,,Banned Pending Investigation
"Sitomer, Alan Lawrence",Homeboyz,,,,Banned Pending Investigation
"Sitomer, Alan Lawrence",The Downside of Being Up,,,2023-03,Banned Pending Investigation
"Sitomer, Alan Lawrence",The Secret Story of Sonia Rodriguez,,,,Banned Pending Investigation
"Sittenfeld, Curtis",Prep,,,,Banned Pending Investigation
"Sittenfeld, Curtis","You Think It, I'll Say It: Stories",,,,Banned By Restriction
"Skelton, J. Wallace",Transphobia: Deal with It and Be A Gender Transcender,,,,Banned
"Skinner, Stephen",Millennium Prophecies: Predictions for the Year 2000 and Beyond from the World's Greatest Seers and Mystics.,,,,Banned Pending Investigation
"Skloot, Rebecca",The Immortal Life of Henrietta Lacks,,,2024-08,Banned By Restriction | Banned Pending Investigation
"Skogen, Jennifer",Forests of the Night,,,2024-10,Banned
"Skogen, Jennifer",Sinews of Thy Heart,,,,Banned
"Skogen, Jennifer",What Dread Hand,,,2025-05,Banned
"Skoglund, Sandy",Sandy Skoglund,,,2025-04,Banned
"Skroce, Steve",Maestros,,,2025-06,Banned | Banned Pending Investigation
"Skrutskie, Emily",Bonds of Brass,Banned Pending Investigation,,2022-02,
"Skrutskie, Emily",The Edge of the Abyss,Banned Pending Investigation,,2021-12,
"Skrypuch, Marsha Forchuk",Don't Tell the Nazis,,,,Banned By Restriction
"Skrypuch, Marsha Forchuk",Making Bombs for Hitler,,,,Banned By Restriction
"Skye, Obert",Ambush,,,2022-10,Banned from Libraries
"Skye, Obert",Choke (SO),,,2022-10,Banned from Libraries | Banned from Libraries and Classrooms | Banned Pending Investigation
"Skye, Obert",Pillage,,,2022-10,Banned from Libraries
"Skyrpuch, Marsha Forchuk",Stolen Girl,,,,Banned By Restriction
"Skyrpuch, Marsha Forchuk",The War Below,,,,Banned By Restriction
"Slade, Suzanne",Climbing Lincoln's Steps: The African American Journey,Banned Pending Investigation,,2022-01,
"Slade, Suzanne",Exquisite: The Poetry and Life of Gwendolyn Brooks,Banned in Classrooms,,2021-08,
"Slater, Dashka",Accountable: The True Story of a Racist Social Media Account and the Teenagers Whose Lives it Changed,,,2024-08,Banned By Restriction
"Slater, Dashka",The 57 Bus: A True Story of Two Teenagers and the Crime That Changed Their Lives,Banned Pending Investigation | Banned in Libraries and Classrooms,,2021-11,Banned from Libraries and Classrooms | Banned Pending Investigation | Banned from Libraries | Banned By Restriction | Banned
"Slater, Jack",Malcolm X,,,,Banned
"Slaterguess, Teddy",Stay In Line,,"Fiammenghi, Gioia: Burns, Marilyn",,Banned Pending Investigation
"Sleeter, Christine E.","Transformative Ethnic Studies in Schools: Curriculum, Pedagogy, and Research",Banned in Classrooms,"Zavala, Miguel",2021-08,
"Sloan, Christopher","Bury the Dead: Tombs, Corpses, Mummies, Skeletons and Rituals",,,2023-03,Banned from Libraries and Classrooms
"Sloan, Holly Goldberg",The Elephant in the Room,,,,Banned Pending Investigation
"Sloan, Holly Goldberg",To Night Owl from Dogfish,Banned Pending Investigation | Banned in Classrooms,"Wolitzer, Meg",2022-01,Banned Pending Investigation
"Slouka, Mark",Brewster,,,2025-02,Banned
"Slowik, Theresa, J.",America's Art: Smithsonian American Art Museum,,,2025-04,Banned
"Small, David",Home After Dark,,,2022-08,Banned from Libraries and Classrooms | Banned from Libraries | Banned Pending Investigation | Banned
"Small, David",Stitches: A Memior,,,2024-10,Banned | Banned Pending Investigation
"Smallman, Steve",El cocodrilo que vino a cenar,,,2024-09,Banned
"Smedes, Lewis B.",Choices: Making Right Decisions in a Complex World,,,2025-02,Banned
"Smedley, Zack",Deposing Nathan,Banned Pending Investigation,,2021-12,Banned By Restriction
"Smedley, Zack",Tonight We Rule the World,Banned Pending Investigation,,2022-02,Banned Pending Investigation
"Smid, Emmi",Rainbow Village: A Story to Help Children Celebrate Diversity,,,,Banned
"Smiley, Jane",A Thousand Acres,,,2023-02,Banned Pending Investigation | Banned By Restriction | Banned
"Smith, Amber",Something Like Gravity,Banned Pending Investigation,,2021-12,Banned By Restriction | Banned
"Smith, Amber",The Last to Let Go,Banned Pending Investigation,,2021-12,Banned By Restriction
"Smith, Amber",The Way I Used to Be,Banned Pending Investigation,,2021-10,Banned | Banned Pending Investigation
"Smith, Andrew",100 Sideways Miles,,,,Banned Pending Investigation
"Smith, Andrew",Grasshopper Jungle,Banned in Libraries and Classrooms | Banned Pending Investigation,,2021-11,Banned By Restriction | Banned | Banned Pending Investigation
"Smith, Andrew",Passenger (AS),,,2025-01,Banned
"Smith, Andrew",Stick,Banned in Libraries,,2021-12,
"Smith, Andrew",The Alex Crow,,,,Banned Pending Investigation | Banned
"Smith, Andrew",Winger,,,,Banned Pending Investigation
"Smith, Betty",A Tree Grows in Brooklyn,,,,Banned By Restriction | Banned Pending Investigation
"Smith, Betty",Joy in the Morning,,,,Banned | Banned Pending Investigation
"Smith, Bradley","France, A History in Art",,,,Banned Pending Investigation
"Smith, Cynthia Leitich",Blessed,,,2025-06,Banned Pending Investigation | Banned
"Smith, Cynthia Leitich",Tantalize,,,2025-06,Banned Pending Investigation | Banned
"Smith, Devlin",The Fight for LGBTQ+ Rights,,,,Banned
"Smith, Heather",Chicken Girl,Banned Pending Investigation | Banned in Libraries and Classrooms,,2022-02,Banned from Libraries and Classrooms | Banned By Restriction | Banned Pending Investigation
"Smith, Hilary T.",A Sense of the Infinite,,,2022-10,Banned from Libraries
"Smith, Jennifer",The Gay Rights Movement,,,,Banned Pending Investigation
"Smith, Jennifer E.",Field Notes on Love,,,2023-03,Banned from Libraries | Banned
"Smith, Jennifer E.",This is What Happy Looks Like,,,2025-04,Banned By Restriction
"Smith, Kirsten",The Geography of Girlhood,,,,Banned By Restriction
"Smith, L. J.",The Vampire Diaries,,,2025-02,Banned | Banned Pending Investigation
"Smith, Mark Allen",The Inquisitor,,,,Banned By Restriction
"Smith, Martin Cruz",December 6: a novel,,,,Banned Pending Investigation
"Smith, Mychal Denzel","Invisible Man, Got the Whole World Watching: A Young Black Man's Education",Banned Pending Investigation,,2021-12,Banned
"Smith, Niki",The Deep and Dark Blue,Banned Pending Investigation,,2021-12,Banned Pending Investigation | Banned By Restriction | Banned
"Smith, Niki",The Golden Hour,,,2023-03,Banned from Libraries and Classrooms
"Smith, Patti",Just Kids,,,2025-06,Banned
"Smith, Rachelle Lee",Speaking Out: Queer Youth in Focus,,,,Banned
"Smith, Ray",An Introduction to Oil Painting,,,2022-09,Banned Pending Investigation
"Smith, Ray",An Introduction to Watercolor,,,2022-09,Banned Pending Investigation
"Smith, Roland",Cryptid Hunters,,,2025-02,Banned
"Smith, Roland",Peak,,,2022-10,Banned from Libraries | Banned
"Smith, Roland",The Edge,,,2022-10,Banned from Libraries
"Smith, Ronald L.",Black Panther: The Young Prince,,,,Banned By Restriction
"Smith, Sandra Lee",Heroin,,,2025-02,Banned
"Smith, Shirley",No Bows!,,,2024-08,Banned
"Smith, Stan",Watercolor: The Complete Course,,,,Banned Pending Investigation
"Smith, Tara Bray",Betwixt,,,,Banned By Restriction
"Smith-Llera, Danielle",Hate Crime in America: From Prejudice to Violence,,,2024-08,Banned
"Smyth, Ciara",Not My Problem,Banned Pending Investigation,,2022-02,Banned | Banned By Restriction | Banned Pending Investigation
"Smyth, Ciara",The Falling in Love Montage,Banned Pending Investigation,,2022-02,
"Smythe, Rachel",Lore Olympus: Volume Five,,,,Banned Pending Investigation
"Smythe, Rachel",Lore Olympus: Volume Four,,,,Banned Pending Investigation
"Smythe, Rachel",Lore Olympus: Volume One,,,2025-06,Banned | Banned Pending Investigation
"Smythe, Rachel",Lore Olympus: Volume Six,,,,Banned Pending Investigation
"Smythe, Rachel",Lore Olympus: Volume Three,,,,Banned Pending Investigation
"Smythe, Rachel",Lore Olympus: Volume Two,,,,Banned Pending Investigation
"Snadowsky, Daria",Anatomy of a Boyfriend,,,2022-10,Banned from Libraries and Classrooms | Banned | Banned Pending Investigation
"Snadowsky, Daria",Anatomy of a Single Girl,,,2022-10,Banned from Libraries and Classrooms | Banned | Banned Pending Investigation
"Snow, Maya",Sisters of the Sword,,,2025-02,Banned
"Snyder, Dianne",The Boy of the Three-Year Nap,Banned Pending Investigation,,2022-01,
"Snyder, Maria V.",Magic Study,,,,Banned Pending Investigation
"Snyder, Maria V.",Poison Study,,,2024-10,Banned | Banned Pending Investigation
"Snyder, Midori",Sadar's Keep,,,,Banned Pending Investigation
"Snyder, Rachel Louise",No Visible Bruises: What We Don't Know About Domestic Violence Can Kill Us,,,,Banned Pending Investigation
"Snyder, Zilpha Keatley",The Egypt Game,,,2024-08,Banned By Restriction
"Sollins, Susan",Art: 21 Art in the 21st Century,,,,Banned Pending Investigation
Solo Quedo Nuestra Historia,Solo quedó nuestra historia,,,,Banned
"Solomon, Akiba",How We Fight White Supremacy,Banned in Classrooms,"Rankin, Kenrya",2021-08,
"Solomon, Andrew",Far from the Tree: How Children and Their Parents Learn to Accept One Another . . . Our Differences Unite Us,Banned Pending Investigation,"Calkhoven, Laurie",2021-12,Banned By Restriction | Banned | Banned Pending Investigation
"Solomon, Andrew","Far From the Tree: Parents, Children and the Search for Identity",Banned Pending Investigation,,2021-12,
"Solomon, Rachel Lynn",See You Yesterday,,,2024-08,Banned By Restriction
"Solomon, Rachel Lynn","Today, Tonight, Tomorrow",,,2024-12,Banned Pending Investigation | Banned | Banned By Restriction
"Solomon, Rachel Lynn",We Can't Keep Meeting Like This,,,,Banned Pending Investigation
"Somervill, Barbara A.",Michelangelo: Sculptor and Painter,,Compass Point Books,2025-04,Banned
"Sommer, Carl",SEX: If You're Scared of The Truth Don't Read This!,Banned in Libraries | Banned Pending Investigation,,2021-12,
"Sommer, Carl",The Little Red Train: El trenecito rojo,,,2025-03,Banned
"Somper, Justin",Vampirates: Tide of Terror,,,2025-02,Banned
"Sones, Sonya",One of Those Hideous Books Where the Mother Dies,Banned Pending Investigation,,2021-12,Banned
"Sones, Sonya",The Opposite of Innocent,Banned Pending Investigation | Banned in Libraries and Classrooms | Banned in Libraries,,2021-10,Banned | Banned Pending Investigation
"Sones, Sonya",What My Girlfriend Doesn't Know,,,,Banned
"Sones, Sonya",What My Mother Doesn't Know,Banned in Libraries,,2021-11,Banned Pending Investigation | Banned | Banned By Restriction
"Sonneborn, Liz",Jordan,,,,Banned Pending Investigation
"Sonneborn, Liz",The Iroquois,,,2025-02,Banned
"Sonnenblick, Jordan","Drums, Girls, and Dangerous Pie",,,,Banned Pending Investigation
"Sonnenblick, Jordan",Falling Over Sideways,,,2022-10,Banned from Libraries
"Sonnenblick, Jordan",Zen and the Art of Faking It,,,,Banned
"Sook, Kim Hyun",Banned Book Club,,"Estrada, Ryan",,Banned Pending Investigation | Banned
"Sorachi, Hideaki",Gin Tama,,,2024-11,Banned
"Sorell, Traci",At the Mountain's Base,Banned Pending Investigation,,2022-01,
"Sorell, Traci",We Are Grateful: Otsaliheliga,Banned in Classrooms | Banned Pending Investigation,,2021-08,
"Soryo, Fuyumi",Mars,,"Kubo, Shirley",,Banned By Restriction
"Soto, Gary",Summer on Wheels: A Road Trip Like No Other,,,,Banned Pending Investigation
"Soto, Gary",Too Many Tamales,Banned in Classrooms,,2021-08,
"Sotomayor, Sonia","¡Solo pregunta!: Sé Diferente, Sé Valiente, Sé Tú",Banned in Classrooms,,2021-08,
"Soulié, Daniel",Louvre: 400 Masterpieces,,,2024-11,Banned
"Souljah, Sister",The Coldest Winter Ever,,,,Banned | Banned By Restriction
"Spalding, Amy",The Summer of Jordi Perez,Banned Pending Investigation,,2022-02,
"Spalding, Amy",The Summer of Jordi Perez (And the Best Burger in Los Angeles),Banned Pending Investigation,,2021-12,Banned
"Spalding, Amy",We Used to Be Friends,Banned Pending Investigation,,2022-02,
"Spangler, Brie",Beast,Banned Pending Investigation,,2021-12,Banned By Restriction
"Spark, Muriel",The Prime of Miss Jean Brodie,,,,Banned By Restriction
"Sparks, Beatrice",Go Ask Alice,Banned Pending Investigation,Anonymous,2022-05,Banned Pending Investigation | Banned from Libraries | Banned from Libraries and Classrooms | Banned | Banned By Restriction
"Sparks, Beatrice","It Happened to Nancy: By An Anonymous Teenager, A True Story from Her Diary",,,,Banned Pending Investigation
"Sparks, Lily",Teen Killers Club,,,2025-02,Banned By Restriction
"Sparks, Lily",Teen Killers in Love,,,2025-02,Banned By Restriction
"Sparks, Nicholas",A Bend In The Road,,,2025-02,Banned | Banned By Restriction | Banned Pending Investigation
"Sparks, Nicholas",At First Sight,,,2025-02,Banned | Banned By Restriction
"Sparks, Nicholas",Dear John,,,2024-12,Banned By Restriction | Banned Pending Investigation
"Sparks, Nicholas",Every Breath,,,2025-02,Banned
"Sparks, Nicholas",Message in a Bottle,,,2025-03,Banned | Banned Pending Investigation
"Sparks, Nicholas",Nights in Rodanthe,,,2024-12,Banned By Restriction
"Sparks, Nicholas",Safe Haven,,,2025-03,Banned | Banned Pending Investigation | Banned By Restriction
"Sparks, Nicholas",See Me,,,2025-03,Banned | Banned By Restriction
"Sparks, Nicholas",The Choice,,,2024-12,Banned By Restriction
"Sparks, Nicholas",The Guardian,,,2025-02,Banned | Banned By Restriction
"Sparks, Nicholas",The Last Song,,,2025-02,Banned | Banned By Restriction
"Sparks, Nicholas",The Longest Ride,,,,Banned By Restriction
"Sparks, Nicholas",The Lucky One,,,2025-06,Banned Pending Investigation | Banned
"Sparks, Nicholas",The Notebook,,,2025-02,Banned | Banned Pending Investigation | Banned By Restriction
"Sparks, Nicholas",The Rescue,,,2025-03,Banned | Banned Pending Investigation
"Sparks, Nicholas",The Return,,,2024-10,Banned
"Sparks, Nicholas",The Wedding,,,,Banned By Restriction | Banned
"Sparks, Nicholas",The Wish,,,2025-03,Banned By Restriction
"Sparks, Nicholas",True Believer,,,,Banned By Restriction
"Sparks, Nicholas",True Believer (NS),,,2024-08,Banned By Restriction
"Sparks, Nicholas",Two By Two,,,2025-03,Banned
"Speare, Elizabeth George",The Witch of Blackbird Pond,,,,Banned Pending Investigation
"Spears, Rick",My Riot,,,2022-09,Banned Pending Investigation
"Specksgoor, Meg",I Am Water,Banned Pending Investigation,,2022-02,Banned By Restriction | Banned
"Spencer, Lavyrle",Small Town Girl,,,,Banned Pending Investigation
"Spiegelman, Art",Maus 1: A Survivor's Tale: My Father Bleeds History,Banned Pending Investigation | Banned in Classrooms,,2021-11,Banned By Restriction | Banned Pending Investigation | Banned
"Spiegelman, Art",Maus II: A Survivor's Tale: And Here My Troubles Began,Banned Pending Investigation,,2022-01,
"Spiegelman, Art",The Complete Maus: A Survivor's Tale,,,2022-09,Banned from Libraries and Classrooms | Banned Pending Investigation | Banned
"Spier, Peter",Noah's Ark (PS),,,2023-06,Banned from Libraries and Classrooms
"Spillett-Sumner, Tasha","Surviving the City, Vol. 2: From the Roots Up",,,2024-08,Banned By Restriction
"Spinelli, Jerry",Eggs,,,,Banned Pending Investigation
"Spinelli, Jerry","Love, Stargirl",,,2023-01,Banned from Libraries
"Spinelli, Jerry",Maniac Magee,,,,Banned By Restriction
"Spinelli, Jerry",Stargirl,,,2023-01,Banned from Libraries | Banned Pending Investigation
"Spinelli, Jerry",There's a Girl in My Hammerlock,,,,Banned Pending Investigation
"Spinelli, Jerry",Who Put That Hair in my Toothbrush?,,,,Banned Pending Investigation
"Spinner, Stephanie",Quiver,,,2024-08,Banned By Restriction | Banned
"Spoto, Donald",Marilyn Monroe: The Biography,,,,Banned Pending Investigation
"Spring, Justin",The Essential Edward Hopper,,,2022-09,Banned Pending Investigation
"Springer, Nancy",Lionclaw,,,2024-08,Banned By Restriction
"Springer, Nancy",Outlaw Girl of Sherwood Forest,,,2024-08,Banned By Restriction
"Springer, Nancy",Outlaw Princess of Sherwood,,,2024-08,Banned By Restriction
"Springer, Nancy",Rowan Hood Returns: The Final Chapter,,,2024-08,Banned By Restriction
"Springer, Nancy",The Case of the Bizarre Bouquets,,,,Banned Pending Investigation
"Springer, Nancy",The Case of the Cryptic Crinoline,,,,Banned Pending Investigation
"Springer, Nancy",The Case of the Left-Handed Lady,,,,Banned Pending Investigation
"Springer, Nancy",The Case of the Missing Marquess,,,,Banned Pending Investigation
"Springer, Nancy",The Case of the Peculiar Pink Fan,,,,Banned Pending Investigation
"Sproul, Lindsay",We Were Promised Spotlights,,,2024-08,Banned By Restriction
"St. Clair, Scarlett",King of Battle and Blood,,,,Banned By Restriction
"St. Claire, Roxanne",Don't You Wish,,,,Banned Pending Investigation
"St. George, Judith",The Duel: The Parallel Lives of Alexander Hamilton and Aaron Burr,,,2022-10,Banned from Libraries
"St. James, James",Freak Show,Banned Pending Investigation,,2021-12,
St. Stephen's Community House,The Little Black Book for Girlz: A Book on Healthy Sexuality,,,2025-05,Banned | Banned Pending Investigation
"Stagg, Natasha",Surveys,,,2023-03,Banned from Libraries and Classrooms
"Staley, Erin",Laverne Cox (ES),,,2024-08,Banned By Restriction | Banned
"Stambach, Scott",The Invisible Life of Ivan lsaenko,,,2024-10,Banned
"Stamper, Phil",Afterglow,,,,Banned
"Stamper, Phil",As Far As You'll Take Me,Banned Pending Investigation,,2021-12,Banned Pending Investigation
"Stamper, Phil",Small Town Pride,,,,Banned Pending Investigation
"Stamper, Phil",The Gravity of Us,Banned Pending Investigation,,2021-12,Banned Pending Investigation
"Stanborough, Rebecca",She He They Them: Understanding Gender Identity,,,2024-08,Banned By Restriction | Banned
"Stanborough, Rebecca J.",25 Women Who Ruled,Banned in Classrooms,,2021-08,
"Stanchack, John",Civil War,,,2025-02,Banned
"Stanchak, John E.",The Visual Dictionary of the Civil War,,,,Banned
"Staniszewski, Anna",I'm with Cupid,,,,Banned Pending Investigation
"Stanley, Deborah A.","Novels for Students, Vol. 9",,"Milne, Ira Mark",2022-09,Banned Pending Investigation
"Stanley, Stan",Bright World,Banned Pending Investigation,,2022-02,
"Stanley, Stan","The Hazards of Love, Book One: Bright World",,,2024-08,Banned By Restriction
"Stansbie, Stephanie",My Friends and Me,,,,Banned
"Staples, Suzanne Fisher",Shabanu: Daughter of the Wind,,,2025-02,Banned
"Starishevsky, Jill",My Body Belongs to Me = Mi Cuerpo me Pertenece,,,2024-08,Banned By Restriction
"Starmer, Aaron",Spontaneous,,,2024-10,Banned | Banned Pending Investigation
"Starr, Cecie",Biology: The Unity and Diversity of Life,,,,Banned
"Stassen, Jean-Philippe",Deogratias: A Tale of Rwanda,Banned in Libraries and Classrooms,,2021-11,Banned Pending Investigation | Banned from Libraries | Banned from Libraries and Classrooms | Banned | Banned By Restriction
"Stead, Philip C.",Every Dog in the Neighborhood,,,,Banned Pending Investigation
"Stead, Rebecca",Goodbye Stranger,,,,Banned By Restriction
"Stead, Rebecca",Liar and Spy,,,2024-11,Banned
"Stead, Rebecca",The List of Things That Will Not Change,Banned Pending Investigation,,2022-01,Banned | Banned By Restriction | Banned Pending Investigation
"Steel, Danielle",Crossings,,,2023-03,Banned from Libraries and Classrooms
"Steel, Danielle",Daddy: A Novel,,,2023-03,Banned from Libraries and Classrooms
"Steel, Danielle",Fine Things,,,2023-03,Banned from Libraries and Classrooms | Banned
"Steel, Danielle",Jewels,,,2023-03,Banned from Libraries and Classrooms
"Steel, Danielle",Kaleidoscope,,,2023-03,Banned from Libraries and Classrooms
"Steel, Danielle",Lightning,,,,Banned
"Steel, Danielle",Special Delivery,,,2023-03,Banned from Libraries and Classrooms | Banned Pending Investigation
"Steel, Danielle",Star (French Edition),,,,Banned Pending Investigation
"Steel, Danielle",The Gift (DS),,,,Banned Pending Investigation | Banned
"Steel, Danielle",Wanderlust,,,2023-03,Banned from Libraries and Classrooms
"Steel, Danielle",Wings (DS),,,2023-03,Banned from Libraries and Classrooms | Banned Pending Investigation
"Steel, Danielle",Winners,,,2023-03,Banned from Libraries and Classrooms
"Steele, Claude M.",Whistling Vivaldi: And Other Clues to How Stereotypes Affect Us,Banned in Classrooms,,2021-08,
"Steele, Hamish",The Broken Halo,,,,Banned
"Steele, Hamish",The Divine Order,,,,Banned
"Steele, Hamish",The Watcher's Test,Banned Pending Investigation,,2022-02,Banned
"Steele, Phillip",Mesopotamia,,"Farndon, John",2025-02,Banned
"Steele, Phillip",The Greek News,,"Powell, Anton",2025-02,Banned
"Steele, Phillip",The Roman News,,,2025-02,Banned
"Stein, Garth",The Art of Racing in the Rain,Banned Pending Investigation,,2022-05,Banned from Libraries and Classrooms | Banned Pending Investigation | Banned from Libraries | Banned | Banned By Restriction
"Stein, Tammar",Light Years,,,,Banned Pending Investigation
"Steinbeck, John",East of Eden,,,,Banned | Banned Pending Investigation
"Steinbeck, John",Of Mice and Men,Banned in Libraries and Classrooms | Banned in Classrooms | Banned in Libraries,,2021-10,Banned | Banned Pending Investigation
"Steinbeck, John",The Grapes of Wrath,,,2025-02,Banned | Banned By Restriction
"Steinbeck, John",The short novels of John Steinbeck,,,2025-02,Banned
"Stephens, Olivia",Artie and the Wolf Moon,,,,Banned Pending Investigation
"Stephenson, Shelagh",An Experiment With an Air Pump,,,,Banned By Restriction
"Steptoe, Javaka",Radiant Child: The Story of Young Artist Jean-Michel Basquiat,Banned in Classrooms | Banned Pending Investigation,,2021-08,Banned Pending Investigation
"Sterling, Isabel",The Coldest Touch,Banned Pending Investigation,,2022-02,Banned By Restriction
"Sterling, Isabel",These Witches Don't Burn,Banned Pending Investigation,,2022-02,Banned Pending Investigation
"Steven, Laura",The Exact Opposite of Okay,Banned in Libraries and Classrooms,,2022-03,Banned from Libraries and Classrooms | Banned
"Stevens, Chevy",Still Missing,,,,Banned By Restriction
"Stevens, Courtney",Dress Codes for Small Towns,,,,Banned Pending Investigation
"Stevens, Michael R.",Fortuna,,,,Banned
"Stevens-Holsey, Rosita",Pauli Murray: The Life of a Pioneering Feminist and Civil Rights Activist,,"Jennings, Terry Catasús",2024-08,Banned By Restriction
"Stevenson, Bryan",Just Mercy,,,,Banned By Restriction
"Stevenson, Howard C.",Promoting Racial Literacy in Schools: Differences That Make a Difference,Banned in Classrooms,,2021-08,
"Stevenson, N.D.",Beware the Kitten Holy,,,,Banned Pending Investigation
"Stevenson, N.D.",Friendship to the Max,,,,Banned Pending Investigation
"Stevenson, ND",Friendship to the Max,,"Ellis, Grace; Watters, Shannon",,Banned
"Stevenson, ND",Nimona,,,,Banned By Restriction | Banned Pending Investigation
"Stevenson, Noelle",The Fire Never Goes Out: A Memoir in Pictures,Banned Pending Investigation,,2021-12,Banned Pending Investigation
"Stevenson, Robin",Big Guy,Banned Pending Investigation,,2021-12,
"Stevenson, Robin",En el bosque,Banned Pending Investigation,,2021-12,
"Stevenson, Robin",Kid Activists: True Tales of Childhood from Champions of Change,,,,Banned Pending Investigation
"Stevenson, Robin",Pride Colors,,,,Banned By Restriction
"Stevenson, Robin",Pride: Celebrating Diversity & Community,Banned Pending Investigation,,2021-12,Banned
"Stevenson, Robin",Pride: The Celebration and the Struggle,,,,Banned
"Stevenson, Robin",Under Threat,Banned Pending Investigation,,2021-12,
"Stewart, David",Top 10 Worst Creepy Egyptians Mummies You Wouldn't Want to Meet,,,2025-02,Banned
"Stewart, Gail B.",Gay & Lesbian Youth,,,,Banned Pending Investigation
"Stewart, Jon",Earth (the book) A Visitors Guide to the Human Race,,,,Banned By Restriction
"Stewart, Robert",Mysteries of History,,,2025-02,Banned
"Stiefvater, Maggie",Call Down the Hawk,,,,Banned Pending Investigation
"Stiefvater, Maggie",Forever (MS),,,2025-06,Banned | Banned By Restriction
"Stiefvater, Maggie",Linger,,,2024-11,Banned By Restriction
"Stiefvater, Maggie",Raven Boys,,,,Banned Pending Investigation
"Stiefvater, Maggie",Shiver,,,2024-08,Banned | Banned By Restriction | Banned Pending Investigation
"Stiefvater, Maggie",Sinner,,,,Banned By Restriction | Banned Pending Investigation
"Stiefvater, Maggie",The Dream Thieves,,,,Banned Pending Investigation
"Stieglitz, Alfred",Stiegliz on Photography: His Selected Essays and Notes,,"Whelan, Richard; Greenough, Sarah",2022-09,Banned Pending Investigation
"Stine, Megan",Who Is Michelle Obama?,Banned in Classrooms,,2021-08,
"Stine, Megan",Who Is Sonia Sotomayor?,Banned in Classrooms,,2021-08,
"Stine, Megan",Who Was Marie Curie?,Banned in Classrooms,,2021-08,
"Stine, Megan",Who Was Sally Ride?,,,,Banned By Restriction
"Stine, R. L.",First Date,,,,Banned Pending Investigation
"Stinson, Kathy",101 Ways to Dance,,,,Banned Pending Investigation
"Stockett, Kathryn",The Help,,,2024-12,Banned | Banned Pending Investigation
"Stoddard, Sandol",A Child's First Bible,,,2023-06,Banned from Libraries and Classrooms
"Stoeve, Ray",Arden Grey,,,2024-08,Banned By Restriction | Banned Pending Investigation | Banned
"Stoeve, Ray",Between Perfect and Real,Banned Pending Investigation,,2022-02,Banned By Restriction | Banned
"Stoian, Maria",Take It As a Compliment,,,2025-04,Banned
"Stok, Barbara",Vincent,,,,Banned Pending Investigation
"Stoker, Bram",Dracula: Complete Original Text,,,,Banned Pending Investigation
"Stokes, Stacy",Remember Me Gone,,,2024-08,Banned By Restriction
"Stone, Andrea Joyce",Reading Maya Art: A Hieroglyphic Guide to Ancient Maya Painting and Sculpture,,"Zender, Marc",2025-01,Banned
"Stone, Danika,",Internet Famous,,,2024-11,Banned By Restriction
"Stone, Irving",The Agony and the Ecstasy: A Biographical Novel of Michelangelo,,,,Banned
"Stone, Nic",Clean Getaway,Banned in Classrooms,,2022-05,
"Stone, Nic",Dear Justyce,,,2022-10,Banned from Libraries | Banned | Banned Pending Investigation
"Stone, Nic",Dear Martin,Banned in Libraries | Banned in Classrooms | Banned in Libraries and Classrooms | Banned Pending Investigation,,2021-11,Banned from Libraries | Banned Pending Investigation | Banned
"Stone, Nic",Odd One Out,Banned Pending Investigation,,2021-11,Banned Pending Investigation | Banned By Restriction | Banned
"Stone, Tamara Ireland",Every Last Word,,,2025-02,Banned | Banned By Restriction | Banned Pending Investigation
"Stone, Tamara Ireland",Little Do We Know,,,2023-03,Banned from Libraries
"Stone, Tanya Lee",A Bad Boy Can Be Good for a Girl,Banned Pending Investigation,,2021-11,Banned Pending Investigation | Banned | Banned from Libraries and Classrooms
"Stoppard, Tom",Rosencrantz and Guildenstern Are Dead,,,,Banned By Restriction
"Storck, Kelly",The Gender Identity Workbook for Kids: A Guide to Exploring Who You Are,,,,Banned
"Stork, Francisco X.",Marcelo in the Real World,,,2025-06,Banned By Restriction | Banned Pending Investigation
"Stork, Francisco X.",The Last Summer of the Death Warriors,,,,Banned Pending Investigation
"Storr, Catherine",David and Goliath (CS),,,2023-06,Banned from Libraries and Classrooms
"Storti, Kara",Tripping Back Blue,,,2024-10,Banned
"Stortz, Diane",The Sweetest Story: Bible for Toddlers,,,2023-06,Banned from Libraries and Classrooms
"Stovall, David Omotoso","Born Out of Struggle: Critical Race Theory, School Creation, and the Politics of Interruption",Banned in Classrooms,,2021-08,
"Strasser, Todd",Boot Camp,,,,Banned By Restriction
"Strasser, Todd",Give a Boy a Gun,,,2025-02,Banned
"Strasser, Todd",If I Grow Up,,,,Banned Pending Investigation
"Stratton, Allan",Chanda's Secrets,,,,Banned
"Straub, Peter",Lost Boy Lost Girl,,,,Banned
"Strayed, Cheryl",Wild: From Lost to Found on the Pacific Coast,,,2023-02,Banned Pending Investigation | Banned By Restriction
"Streissguth, Thomas",Mozambique in Pictures,,,,Banned Pending Investigation
"Strickland, A.M.",Beyond the Black Door,,,2024-10,Banned
"Strickland, A.M.",Court of the Undying Season,,,2024-08,Banned By Restriction
"Strickland, AdriAnne",In the Ravenous Dark,,,2025-06,Banned
"Strickland, Carol","The Annotated Mona Lisa, Third Edition: A Crash Court in Art History from Prehistoric to the Present (Volume 3)",,,2022-09,Banned Pending Investigation
"Strohm, Stephanie Kate","It's Not Me, It's You",,,,Banned Pending Investigation
"Stronck, David R.",Alcohol: The Real Story,,,2025-02,Banned
"Stronck, David R.",Tobacco: The Real Story,,,2025-02,Banned
"Stuart, Scott",My Shadow is Pink,,,,Banned
"Stumbo, Bella",Until the Twelfth of Never: Should Betty Broderick Ever Be Free?,,,,Banned By Restriction
"Sturges, Lilah",Girl Haven,,,2024-08,Banned By Restriction
"Sturges, Lilah",The Infernal Compass,,"Watters, Shannon; Stevenson, N.D.; Allen, Gus; Ellis, Grace",,Banned Pending Investigation
"Sturges, Lilah",True Colors,,,,Banned Pending Investigation
"Sturtevant, Katherine",The Brothers Story,,,,Banned By Restriction
"Stutzman, Jonathan",Butts Are Everywhere,,,2025-04,Banned
"Styron, William",Sophie's Choice,,,2025-06,Banned Pending Investigation | Banned | Banned By Restriction
"Styron, William",The Confessions of Nat Turner,Banned Pending Investigation,,2021-12,
"Suburbia, Liz",Sacred Heart,,,,Banned
"Suen, Anastasia",Respecting diversity,,,,Banned
"Sugg, Zoe",Girl Online: The First Novel by Zoella,,,,Banned Pending Investigation
"Sugiura, Misa",It's Not Like It's a Secret,Banned Pending Investigation,,2021-12,Banned | Banned By Restriction
"Sugiura, Misa",Love and Other Natural Disasters,,,,Banned Pending Investigation
"Sullivan, J. Courtney",Commencement,,,,Banned By Restriction
"Sullivan, Matthew J.",Midnight at the Bright Ideas Bookstore,,,,Banned By Restriction
"Sullivan, Rosana",Mommy Sayang: Pixar Animation Studios Artist Showcase,Banned in Classrooms,,2021-08,
"Suma, Nova Ren",Imaginary Girls,,,,Banned Pending Investigation
"Suma, Nova Ren",The Walls Around Us,,,2025-06,Banned By Restriction | Banned | Banned Pending Investigation
"Summers, Courtney",All the Rage,,,2024-08,Banned By Restriction | Banned | Banned Pending Investigation
"Summers, Courtney",I'm the Girl,,,2024-08,Banned By Restriction | Banned
"Summers, Courtney",Sadie,,,2024-08,Banned By Restriction | Banned Pending Investigation
"Summers, Courtney",The Project,,,,Banned Pending Investigation | Banned
"Sumner, Jamie",Deep Water,,,2024-08,Banned By Restriction
"Sundquist, Josh","We Should Hang Out Sometime: Embarrassingly, A True Story",,,,Banned Pending Investigation | Banned By Restriction
"Surmelis, Angelo",The Dangerous Art of Blending In,Banned Pending Investigation,,2022-02,Banned By Restriction
Susaeta Publishing,Arte para niños con 6 grandes artistas,,,2024-08,Banned
"Süskind, Patrick",Perfume: The Story of a Murderer,,,2024-11,Banned By Restriction | Banned Pending Investigation
"Sutanto, Jesse Q.",The Obsession,,,2025-06,Banned Pending Investigation | Banned
"Sutherland, Krystal",A Semi-Definitive List of Worst Nightmares,,,,Banned Pending Investigation
"Sutherland, Krystal",Our Chemical Hearts,,,2024-10,Banned
"Sutherland, Tui",Against the Tide,,,2025-04,Banned Pending Investigation
"Sutherland, Tui T.",The Dangerous Gift,,,,Banned
"Sutherland, Tui T.",The Dragonet Prophecy,,,,Banned By Restriction
"Sutherland, Tui T.",The Lost Heir,,,,Banned By Restriction
"Sutherland, Tui T.",The Poison Jungle,,,,Banned
"Suzukaze, Ryo",Attack on Titan: Before the Fall,,"Isayama, Hajime",2024-08,Banned
"Suzuki, Nakaba",Seven Deadly Sins,,,2024-10,Banned
"Suzuma, Tabitha",Forbidden,Banned in Libraries and Classrooms,,2022-04,Banned from Libraries and Classrooms | Banned | Banned Pending Investigation
"Swain-Bates, Crystal","Big Hair, Don't Care",Banned in Classrooms,,2021-08,
"Swanberg, Dennis",Is Your Love Tank Full? Or Are You Driving on Empty?,,,,Banned By Restriction
"Sweeney, Joyce",Headlock,,,,Banned Pending Investigation
"Sweet, Christopher",The Essential Johannes Vermeer,,,2022-09,Banned Pending Investigation
"Swisher, Karin",What is Sexual Harrassment,,,,Banned Pending Investigation
"Swofford, Anthony",Jarhead: A Marine's Chronicle of the Gulf War and Other Battles,,,2022-12,Banned from Libraries and Classrooms | Banned Pending Investigation | Banned
"Symcs-Smilh, Esme",Sir Callie and the Champions of Helston,,,2024-08,Banned By Restriction | Banned
"Symcs-Smilh, Esme",Sir Callie and the Dragon's Roost,,,2024-08,Banned By Restriction | Banned
"Tabata, Yūki",Black Clover,,,2025-06,Banned
"Tabor, James D.",Why Waco?: Cults and the Battle for Religious Freedom in America,,"Gallagher, Eugene V.",2025-02,Banned
"Tademy, Lalita",Cane River,,,,Banned Pending Investigation
"Tagholm, Sally",The Children's Bible,,"Mills, Andrea",2022-09,Banned Pending Investigation | Banned from Libraries and Classrooms
"Tahir, Sabaa",A Reaper at the Gates,,,2023-03,Banned from Libraries | Banned Pending Investigation
"Tahir, Sabaa",A Sky Beyond the Storm,,,2023-03,Banned from Libraries | Banned | Banned Pending Investigation
"Tahir, Sabaa",A Torch Against the Night,,,2023-03,Banned from Libraries | Banned | Banned Pending Investigation
"Tahir, Sabaa",All My Rage,,,,Banned Pending Investigation
"Tahir, Sabaa",An Ember in the Ashes,,,2023-03,Banned from Libraries | Banned | Banned Pending Investigation | Banned By Restriction
"Tahir, Sabaa",Una antorcha en las tinieblas,,,2025-05,Banned
"Taibbi, Matt",The Divide: American Injustice in the Age of the Wealth Gap,,"Crabapple, Molly",,Banned
"Taifa, Nkechi","Shining Legacy: A Treasury of ""Storypoems and Tales for the Young So Black Heroes Forever Will Be Sung""",Banned in Classrooms,,2021-08,
"Takahashi, Rumiko",Inu-Yasha: Ani-Manga,,,2024-11,Banned
"Takahashi, Rumiko",InuYasha,,,2024-10,Banned
"Takahashi, Rumiko",InuYasha Vol. 1,,,2025-05,Banned
"Takahashi, Rumiko",Ranma 1/2,,,2025-04,Banned
"Takahashi, Rumiko","Ranma 1/2, Vol. 11",,,2024-08,Banned By Restriction
"Takahashi, Rumiko","Ranma 1/2, Vol. 20",,,2024-08,Banned By Restriction
"Takahashi, Rumiko","Ranma 1/2, Vol. 21",,,2024-08,Banned By Restriction
"Takaya, Natsuki","Fruits Basket, Vol. 14",,,2023-02,Banned Pending Investigation
"Takaya, Natsuki","Fruits Basket, Vol. 17",,,2023-02,Banned Pending Investigation
"Takei, George",They Called Us Enemy,Banned in Classrooms,"Eisinger, Justin; Scott, Steven",2021-08,Banned
"Takeuchi, Naoko",Pretty Guardian Sailor Moon,,,,Banned
"Takeuchi, Ryosuke","Moriarty the Patriot, Vol. 3",,"Doyle, Sir Arthur Conan",2025-04,Banned
"Talbot, Jeffrey","Beliefs, Rituals, and Symbols of Ancient Greece and Rome",,"Miller, Dean",2024-08,Banned
"Tallent, Gabriel",My Absolute Darling,,,,Banned Pending Investigation
"Talley, Robin",As I Descended,Banned in Libraries | Banned Pending Investigation,,2021-12,Banned Pending Investigation
"Talley, Robin",Music from Another World,Banned Pending Investigation,,2022-02,Banned Pending Investigation | Banned
"Talley, Robin",Pulp,Banned Pending Investigation,,2022-02,
"Talley, Robin",The Love Curse of Melody McIntyre,Banned Pending Investigation,,2021-12,
"Talley, Robin",What We Left Behind,,,2024-08,Banned By Restriction
"Talmadge, Katherine S.",Drugs and Sports,,,2025-02,Banned
"Tamaki, Jillian",SuperMutant Magic Academy,,,2022-08,Banned from Libraries and Classrooms | Banned Pending Investigation | Banned | Banned By Restriction
"Tamaki, Mariko",Cold,,,2024-09,Banned | Banned Pending Investigation
"Tamaki, Mariko",Laura Dean Keeps Breaking Up with Me,Banned Pending Investigation,,2021-12,Banned from Libraries | Banned Pending Investigation | Banned from Libraries and Classrooms | Banned
"Tamaki, Mariko",LumberJanes: The Moon is Up,,BOOM! Studios,,Banned Pending Investigation
"Tamaki, Mariko",Saving Montgomery Sole,,,,Banned Pending Investigation
"Tamaki, Mariko",Skim,,,2025-06,Banned Pending Investigation | Banned
"Tamaki, Mariko",This One Summer,Banned Pending Investigation | Banned in Libraries,,2021-10,Banned Pending Investigation | Banned from Libraries | Banned from Libraries and Classrooms | Banned | Banned By Restriction
"Tamani, Liara",Calling My Name,,,,Banned Pending Investigation
"Tames, Richard",Michelangelo Buonarotti,,,,Banned Pending Investigation
"Tan, Amy",The Kitchen God's Wife,,,,Banned By Restriction
"Tan, Amy",The Valley of Amazement,,,,Banned By Restriction
"Tan, Susan",Cilla Lee-Jenkins: Future Author Extraordinaire,Banned in Classrooms,,2021-08,
"Tan, Susan",Cilla Lee-Jenkins: The Epic Story,Banned in Classrooms,,2021-08,
"Tan, Susan",Cilla Lee-Jenkins: This Book Is a Classic,Banned in Classrooms,,2021-08,
"Tanabe, Yellow",Kekkaishi,,,2024-11,Banned
"Tanemura, Arina",Sakura Hime: The Legend of Princess Sakura,,,,Banned
"Tang, Andrea",Rebelwing,,,,Banned Pending Investigation
"Tang, Betty",Parachute Kids,,,,Banned Pending Investigation
"Tanigawa, Nagaru",The Melancholy of Haruhi Suzumiya,,,2022-10,Banned from Libraries | Banned
"Tanigawa, Nagaru",The Sigh of Haruhi Suzumiya,,,2022-10,Banned from Libraries
"Tarpley, Natasha Anastasia",I Love My Hair,Banned in Classrooms,,2021-08,
"Tartt, Donna",The Goldfinch,,,,Banned Pending Investigation
"Tarttelin, Abigail",Golden Boy,Banned Pending Investigation,,2022-02,
"Tarttelin, Abigail",Golden Boy: Blue-eyed Boy or Girl Next Door,,,,Banned
"Tash, Sarvenaz",Virtually Yours,,,,Banned
"Tashjian, Janet",Fault Line,,,2024-11,Banned By Restriction | Banned Pending Investigation
"Tate, Eleanora E.",The Secret of Gumbo Grove,,,,Banned Pending Investigation
"Tate, Meredith",The Last Confession of Autumn Casterly,Banned Pending Investigation,,2022-02,
"Tate, Polo",Deep Dark Blue: A Memoir of Survival,,,,Banned Pending Investigation
"Tateno, Makoto",Hero Heel,,,2024-10,Banned
"Tatsuta, Kazuto",Ichi-F: A Worker's Graphic Memoir of the Fukushima Nuclear Power Plant,,,2024-11,Banned
"Tattersall, Clare",Date Rape Drugs,,,,Banned
"Tatum, Beverly Daniel",Can We Talk about Race?: And Other Conversations in an Era of School Resegregation,Banned in Classrooms,,2021-08,
"Tatum, Beverly Daniel",Why Are All the Black Kids Sitting Together in the Cafeteria?: And Other Conversations About Race,Banned in Classrooms,,2021-08,Banned
"Tavares, Matt",Henry Aaron's Dream,Banned Pending Investigation,,2022-01,
"Taylor, Alan","American Colonies: The Settling of North America, Vo1. 1",,,,Banned Pending Investigation
"Taylor, Billy",Just Friends,,,,Banned Pending Investigation
"Taylor, Clark",The House That Crack Built,,,,Banned By Restriction
"Taylor, Jazz",Meow or Never,,,2023-04,Banned from Libraries and Classrooms | Banned Pending Investigation | Banned By Restriction
"Taylor, Keeanga-Yamahtta",From #BlackLivesMatter to Black Liberation,,,,Banned
"Taylor, Kenneth Nathaniel",My First Bible in Pictures,,,2023-06,Banned from Libraries and Classrooms
"Taylor, Laini",Daughter of Smoke and Bone,,,2022-11,Banned from Libraries | Banned By Restriction | Banned Pending Investigation
"Taylor, Laini",Days of Blood and Starlight,,,2022-11,Banned from Libraries | Banned Pending Investigation
"Taylor, Laini",Dreams of Gods and Monsters,,,2022-11,Banned from Libraries
"Taylor, Laini",Lips Touch: Three Times,,,,Banned By Restriction
"Taylor, Laini",Muse of Nightmares,,,,Banned Pending Investigation
"Taylor, Laini",Strange the Dreamer,,,2022-10,Banned from Libraries | Banned | Banned Pending Investigation
"Taylor, Michael R.",Man Ray: The Paris Years,,,2022-09,Banned Pending Investigation
"Taylor, Mildred D.","All the Days Past, All the Days to Come",,,,Banned Pending Investigation
"Taylor, Mildred D.","Roll of Thunder, Hear My Cry",,,2022-07,Banned Pending Investigation
"Taylor, Simon",Sally and The Magical Sneeze,Banned Pending Investigation,,2022-01,
"Taylor, Sonya Renee",The Book of Radical Answers: Real Questions from Real Kids Just Like You,,,,Banned
"Taylor, Theodore",Rogue Wave: And Other Red-Blooded Sea Stories,,,2024-08,Banned By Restriction
"Taylor, Will",The Language of Seabirds,,,2025-03,Banned By Restriction | Banned Pending Investigation
"Tebbetts, Chris",Me Myself & Him,Banned Pending Investigation,,2022-02,
Teen Vogue,The Teen Vogue Handbook: An Insider's Guide to Careers in Fashion,,,,Banned Pending Investigation
"Teich, Nicholas M.",Transgender 101: A Simple Guide to a Complex Issue,,,,Banned
"Telgemeier, Raina",Drama: A Graphic Novel,Banned Pending Investigation | Banned in Libraries | Banned in Libraries and Classrooms,,2021-11,Banned Pending Investigation | Banned from Libraries | Banned | Banned By Restriction
"Telgemeier, Raina",Guts,,,,Banned Pending Investigation
"Tello, Edd",No Place for Fairy Tales,,,2024-08,Banned
"Tello, Edd",Only Pieces,,,2024-08,Banned By Restriction
"Temple, Teri",Aphrodite: Goddess of Love and Beauty,,"Koran, Maria",2024-08,Banned
"Temple, Teri",Ares: God of War,,,,Banned
"Ten Boom, Corrie",The Hiding Place: The Triumphant True Story of Corrie Ten Boom,Banned Pending Investigation,,2021-10,Banned
"Tenold, Vegas",Everything You Love Will Burn: Inside the Rebirth of White Nationalism in America,Banned Pending Investigation,,2021-12,
"Terciero, Rey","Meg, Jo, Beth, and Amy: A Modern Graphic Retelling of Little Women",Banned in Libraries,"Alcott, Louisa May",2022-01,Banned By Restriction | Banned Pending Investigation
"Terciero, Rey",Northranger: A Modern Graphic Novel Retelling of Jane Austen's Northanger Abbey,,,2024-08,Banned By Restriction
"Terrell, Brandon",High Drama,Banned Pending Investigation,,2021-12,
Terry Pratchett,Thud!,,,,Banned By Restriction
"Testa, Rylan Jay",The Gender Quest Workbook: A Guide for Teens and Young Adults Exploring Gender Identity,Banned in Libraries and Classrooms | Banned Pending Investigation,"Coolhart, Deborah; Peta, Jayme",2022-02,Banned Pending Investigation | Banned
"Tevis, Walter",The Queen's Gambit,,,2024-12,Banned
"Tezuka, Osamu",Crime and Punishment: The Graphic Novel,,,2022-10,Banned from Libraries and Classrooms
"Thackeray, William Makepeace",Vanity Fair,,,,Banned Pending Investigation
"Thaler, Mike",Mission Trip Impossible,,,2023-06,Banned from Libraries and Classrooms
"Tharp, Tim",The Spectacular Now,,,,Banned Pending Investigation
The Kao,Magical Boy,,,,Banned Pending Investigation | Banned
The Kao,"Magical Boy, Vol 1",,,2024-08,Banned By Restriction | Banned
The Kilroys,The Kilroy's List: 97 Monologues and Scenes by Female and Trans Playwrights,,,,Banned
The New York Times Editorial Staff,Defining Sexual Consent: Where the Law Falls Short,,,,Banned
The New York Times Editorial Staff,Sex and Sexuality,,,,Banned
The New York Times Editorial Staff,Transgender Activists and Celebrities,,,,Banned Pending Investigation | Banned
The New York Times Editorial Staff,Transgender Rights: Striving for Equality,,,2024-08,Banned By Restriction | Banned Pending Investigation | Banned
The Nib,"Be Gay, Do Comics: Queer History, Memoir, and Satire",,,2022-08,Banned from Libraries | Banned from Libraries and Classrooms | Banned By Restriction | Banned
The Regulators,The Regulators,,,,Banned
"Theule, Frederic",Alexander and His Times,,,2025-02,Banned
"Thiel, Kristin",Dealing with Teen Pregnancy,,,2024-09,Banned By Restriction
"Thielbar, Melinda",The Hundred-Dollar Robber: A Mystery with Money,,,2025-03,Banned
"Thielbar, Melinda",The Secret Ghost: A Mystery with Distance and Measurement,,,2025-04,Banned
"Thom, Kai Cheng",From the Stars in the Sky to the Fish in the Sea,Banned in Classrooms,,2021-08,Banned
"Thom, Kai Cheng",I Hope We Choose Love: A Trans Girl's Notes from the End of the World,,,,Banned
"Thomas, Aiden",Cemetery Boys,Banned Pending Investigation,,2021-11,Banned Pending Investigation | Banned By Restriction | Banned
"Thomas, Aiden",The Sunbearer Trials,,,2024-08,Banned By Restriction | Banned
"Thomas, Angie",Concrete Rose,,,2023-01,Banned Pending Investigation | Banned | Banned By Restriction | Banned from Libraries and Classrooms
"Thomas, Angie",On the Come Up,Banned in Classrooms | Banned Pending Investigation,,2021-08,Banned | Banned Pending Investigation | Banned By Restriction
"Thomas, Angie",The Hate U Give,Banned in Classrooms | Banned Pending Investigation | Banned in Libraries | Banned in Libraries and Classrooms,,2021-08,Banned from Libraries | Banned Pending Investigation | Banned from Libraries and Classrooms | Banned | Banned By Restriction
"Thomas, Annie",With Their Eyes: September 11th - The View From A High School at Ground Zero,,,2025-02,Banned
"Thomas, Kara",That Weekend,,,,Banned Pending Investigation
"Thomas, Kara",The Cheerleaders,,,2025-03,Banned
"Thomas, Lex",The Burnouts,,,2024-10,Banned
"Thomas, Lex",The Loners,,,,Banned Pending Investigation
"Thomas, Lex",The Loners (LT),,,2024-10,Banned
"Thomas, Lex",The Saints,,,2024-10,Banned
"Thomas, Mack",God's Best Promises for Kids,,,2023-06,Banned from Libraries and Classrooms
"Thomas, Nicholas",Oceanic Art,,,2025-04,Banned
"Thomas, Peyton",Both Sides Now,,,2024-08,Banned By Restriction | Banned Pending Investigation | Banned
"Thomas, R. Eric",Kings of B'more,,,,Banned Pending Investigation
"Thomas, Rachael L.",#BlackLivesMatter: Protesting Racism,Banned Pending Investigation,,2021-11,Banned
"Thomas, Rob",Rats Saw God,,,2025-02,Banned | Banned Pending Investigation
"Thompkins-Bigelow, Jamilah",Your Name Is a Song,Banned in Classrooms,,2021-08,
"Thompson, Craig",Blankets,Banned in Libraries and Classrooms | Banned in Libraries | Banned Pending Investigation,,2021-11,Banned from Libraries | Banned from Libraries and Classrooms | Banned Pending Investigation | Banned | Banned By Restriction
"Thompson, Craig","Good-Bye, Chunky Rice",,,2025-06,Banned Pending Investigation | Banned
"Thompson, Gare",Who Was Eleanor Roosevelt?,Banned in Classrooms,,2021-08,
"Thompson, Holly",Orchards,,,2025-01,Banned
"Thompson, J. E.",The Girl From Felony Bay,,,2025-03,Banned
"Thompson, Lin",The Best Liars in Riverview,,,2024-08,Banned By Restriction | Banned
"Thompson, Lin",The House that Whispers,,,2024-08,Banned By Restriction | Banned
"Thompson, Stephen P.",Teenage Pregnancy,,,2025-02,Banned
"Thompson, Tamara",Should Parents Be Allowed to Choose the Sex of their Children,,,,Banned
"Thompson, Tamara",Transgender People,,,2024-08,Banned
"Thompson-Cannino, Jennifer",Picking Cotton: Our Memoir of Injustice and Redemption,,"Cotton, Ronald; Torneo, Erin",,Banned Pending Investigation
"Thomson, Melissa",Keena Ford and the Second Grade Mix Up,Banned in Classrooms,,2021-08,
"Thor, Rosiee",Tarnished Are the Stars,Banned Pending Investigation,,2022-02,
"Thorn, Theresa",It Feels Good to Be Yourself: A Book About Gender Identity,,,2022-07,Banned from Libraries | Banned By Restriction | Banned | Banned Pending Investigation
"Thorne, Bella",Autumn's Kiss,,,2025-02,Banned
"Thorne, Bella",Autumn's Wish,,,2025-02,Banned
"Thorne, Ian",Dracula,,,2023-03,Banned from Libraries and Classrooms
"Thorne, Ian",Frankenstein,,,2023-03,Banned from Libraries and Classrooms
"Thorne, Ian",King Kong,,,2023-03,Banned from Libraries and Classrooms
"Thorne, Ian",Mad Scientists,,"May, Julian",2023-03,Banned from Libraries and Classrooms
"Thorne, Ian",The Blob,,"Schroeder, Howard",2023-03,Banned from Libraries and Classrooms
"Thorne, Ian",The Deadly Mantis,,,2023-03,Banned from Libraries and Classrooms
"Thorne, Ian",The Wolf Man,,,2023-03,Banned from Libraries and Classrooms
"Thorne, Jenn Marie",The Inside of Out,,,2024-08,Banned By Restriction
"Thrace, Mischa",My Whole Truth,Banned Pending Investigation,,2022-02,
"Thrash, Maggie",Strange Truth,,,2024-08,Banned | Banned Pending Investigation
"Thrash, Maggie",We Know It Was You,,,2024-07,Banned | Banned Pending Investigation
"Thurber, Lucy",Killers and Other Family,,,2024-08,Banned By Restriction
"Thurman, Wallace",The Blacker the Berry,,,,Banned
"Tiano, Olivier",Ramses II and Egypt,,,2025-02,Banned
"Tibbals, Geoff",Ripley's Believe It or Not!: Seeing Is Believing,,,,Banned Pending Investigation
"Tibbals, Geoff",Ripley's Believe It or Not!: Shatter Your Senses!,,,,Banned
"Tildes, Phyllis Limbacher",Animals in Camouflage,,,2024-08,Banned
"Tillit, L.B.",2 Days,,,,Banned
"Tillit, L.B.",Edge of Ready,,,,Banned Pending Investigation
"Tilly, Meg",First Time,,,,Banned Pending Investigation
Time-Life Books,A Soaring Spirit: Timeframe 600-400 BC,,,2025-02,Banned
Time-Life Books,Age of God-Kings: Timeframe 3000-1500 BC,,,2025-02,Banned
Time-Life Books,Empires Ascendant: Timeframe 400 BC-AD 200,,,2025-02,Banned
Time-Life Books,"Greece: Temples, Tombs & Treasures",,,2025-02,Banned
Time-Life Books,The Barbarian Tides: Timeframe 1500-600 BC,,,2025-02,Banned
Time-Life Books,"What Life Was Like at the Dawn of Democracy: Classical Athens, 525-322 BC",,,2025-04,Banned
Time-Life Books,"What Life Was Like at the Rebirth of Genius: Renaissance Italy, AD 1400-1550",,,2025-04,Banned
Time-Life Books,What Life Was Like on the Banks of the Nile: Egypt 3050-30 BC,,"Dersin, Denise",2025-04,Banned
Time-Life Books,"What Life Was Like When Rome Ruled the World: The Roman Empire, 100 BC-AD 200",,,2025-04,Banned
"Tinker, Rebecca",¿Quién es Carmen Sandiego?,,,2024-08,Banned
"Tinkler, Robert",8 Tiny Reindeer: An Advent Calendar Adventure,,,2024-08,Banned
"Tisby, Jemar",How to Fight Racism Young Readers Edition: A Guide to Standing Up for Racial Justice,,,,Banned
"Tito, E. Tina",Liberation: Teens in the Concentration Camps and the Teen Soldiers Who Liberated Them,,,2025-02,Banned
"Tobia, Jacob",Sissy: A Coming of Gender Story,,,2024-08,Banned By Restriction | Banned
"Tobias, Kristie",Fearlessly Made You: Surviving and Thriving in a Perfectly Imperfect Life,,,,Banned Pending Investigation
"Tobin, Paul",I was the Cat,,,2024-10,Banned
"Toboso, Yana",Black Butler,,,2024-10,Banned
"Toboso, Yana","Black Butler, Vol. 29",,,2022-09,Banned Pending Investigation
"Todd, Anna",After (AT),,,2024-10,Banned | Banned Pending Investigation
"Todd, Anna",After Ever Happy,,,2024-10,Banned | Banned Pending Investigation
"Todd, Anna",After We Collided,Banned in Libraries and Classrooms,,2022-01,Banned | Banned Pending Investigation
"Todd, Anna",After We Fell,,,2024-10,Banned | Banned Pending Investigation
"Todd, Anna",Before,,,2024-10,Banned | Banned Pending Investigation
"Todd, Ilima",Remake,Banned Pending Investigation,,2021-12,
"Togashi, Yoshihiro",Hunter X Hunter,,,2024-10,Banned
"Tokuda-Hall, Maggie",Squad,Banned Pending Investigation,,2022-02,Banned | Banned Pending Investigation | Banned By Restriction
"Tokuda-Hall, Maggie","The Mermaid, The Witch, and The Sea",,,2024-08,Banned By Restriction | Banned Pending Investigation
"Tolan, Stephanie",Surviving the Applewhites,,,,Banned By Restriction
"Tolan, Stephanie S.",Flight of the Raven,,,2025-02,Banned
"Toliver, Wendy",Once Upon a Time: Regina Rising,,,,Banned Pending Investigation
"Tolkien, J.R.R.",The Fellowship of the Ring,,,2022-10,Banned from Libraries
"Tolkien, J.R.R.",The Hobbit,,,2022-10,Banned from Libraries
"Tolkien, J.R.R.",The Return of the King,,,2022-10,Banned from Libraries
"Tolkien, J.R.R.",The Two Towers,,,2022-10,Banned from Libraries and Classrooms
"Tolstoy, Leo",Anna Karenina,,,,Banned | Banned Pending Investigation
"Toma, Rei","The Water Dragon's Bride, Vol. 8",,,,Banned By Restriction
"Tomley, Sarah",The Sociology Book: Big Ideas Simply Explained,,"Hobbs, Mitchel; Todd, Megan; Weeks, Marcus",,Banned
"Tōmori, Miyoshi",A Devil and Her Love Song,,,2024-08,Banned
"Tompert, Ann",Grandfather Tang's Story,Banned Pending Investigation,,2022-01,
"Tonatiuh, Duncan",Separate Is Never Equal: Sylvia Mendez and Her Family's Fight for Desegregation,Banned in Classrooms | Banned Pending Investigation,,2021-08,Banned Pending Investigation
"Tonatiuh, Duncan",Soldier for Equality: José de la Luz Sáenz and the Great War,Banned Pending Investigation,,2022-01,
"Tonatiuh, Duncan",The Princess and the Warrior: A Tale of Two Volcanoes,Banned Pending Investigation,,2022-01,Banned Pending Investigation
"Toriyama, Akira",Dragon Ball Z,,,2024-09,Banned
"Toriyama, Akira","Dragon Ball, Vol. 1",,,2025-05,Banned
"Toriyama, Akira","Dragon Ball, Vol. 2",,,2025-05,Banned
"Toriyama, Akira","Dragon Ball, Vol. 3",,,2025-05,Banned
"Toriyama, Akira","Dragon Ball, Vol. 4",,,2025-05,Banned
"Toriyama, Akira","Dragon Ball, Vol. 5",,,2025-05,Banned
"Toriyama, Akira","Dragon Ball, Vol. 6",,,2025-05,Banned
"Toriyama, Akira","Dragon Ball, Vol. 7",,,2025-05,Banned
"Toriyama, Akira","Dragon Ball, Vol. 8",,,2025-05,Banned
"Toriyama, Akira","Dragon Ball, Vol. 9",,,2025-05,Banned
"Torr, James D.",Abortion,Banned Pending Investigation,,2021-11,
"Torr, James D.",Euthanasia,,,2025-02,Banned
"Torres Sanchez, Jenny",The Fall of Innocence,,,,Banned Pending Investigation
"Toten, Teresa",The Unlikely Hero of Room 13B,,,,Banned Pending Investigation
"Tougas, Shelley Marie",Little Rock Girl: How A Photograph Changed the Gight for Integration,,,2024-08,Banned By Restriction
"Tourtillott, Suzanne",The Figure in Clay: Contemporary Sculpting Techniques by Master Artists,,,2025-04,Banned
"Townsend, John","Pox, Pus and Plague",,,2022-09,Banned from Libraries
"Toyne, Jessica",Dali,,,2025-02,Banned
"Tracy, Kathy",Ancient Assyria,,,2023-06,Banned from Libraries and Classrooms
"Tran, Phuc","Sigh, Gone: A Misfit's Memoir of Great Books, Punk Rock, and the Fight to Fit In",,,,Banned By Restriction
"Tran, Trang Thanh",She is a Haunting,,,2024-08,Banned By Restriction
"Traugh, Susan M.",Sex Smarts: You and Your Sexuality,,,,Banned
"Tregay, Sarah",Fan Art,Banned Pending Investigation,,2021-12,Banned By Restriction
"Tregay, Sarah",Love & Leftovers,,,2024-08,Banned By Restriction
"Trigiani, Adriana",Big Stone Gap,,,,Banned By Restriction
"Trigiani, Adriana",Milk Glass Moon,,,,Banned By Restriction
"Trueman, Terry",7 Days at the Hot Corner,Banned Pending Investigation,,2021-12,
"Trueman, Terry",Stuck in Neutral,,,,Banned Pending Investigation
"Tsiaras, Alexander","The Architecture and Design of Man and Woman: The Marvel of the Human Body, Revealed",,,2025-02,Banned
"Tsiolkas, Christos",The Slap,,,,Banned By Restriction
"Tubb, Jonathan N.",Bible Lands,,,2023-06,Banned from Libraries and Classrooms
"Tucholke, April Genevieve",Seven Endless Forests,,,2024-10,Banned
"Tuck, Pamela M.",As Fast as Words Could Fly,Banned in Classrooms,,2021-08,
"Turner, Ann",Learning to Swim: a memoir,,,,Banned Pending Investigation
"Turner, Nikki",Girls from Da Hood,,,2023-02,Banned Pending Investigation
"Turner, Nikki",Girls from Da Hood 2,,"Williams, KaShamba; Joy",2023-02,Banned Pending Investigation
"Turner, Pamela S.",Hachiko: The True Story of a Loyal Dog,Banned Pending Investigation,,2022-01,
"Turow, Scott",Ordinary Heroes,,,,Banned By Restriction
"Turow, Scott",Pleading Guilty,,,,Banned By Restriction
"Turow, Scott",The Last Trial,,,,Banned By Restriction
"Turow, Scott",The Laws of Our Fathers,,,,Banned By Restriction
"Turtschaninoff, Maria",Naondel,,,2024-11,Banned By Restriction
"Twain, Mark",Graphic Classics Volume 8: Mark Twain - 2nd Edition,,"Caputo, Antonella",2022-09,Banned Pending Investigation
"Twain, Mark",The Adventures of Tom Sawyer (Sterling Illustrated Classics),,,2023-03,Banned from Libraries
"Twain, Mark",The Adventures of Tom Sawyer (Sterling),,,,Banned Pending Investigation
"Twiss, Jill",A Day in the Life of Marlon Bundo,Banned Pending Investigation,,2022-04,Banned from Libraries and Classrooms | Banned from Libraries | Banned Pending Investigation
"Tyler, Anne",Ladder of Years,,,,Banned By Restriction
"Tyler, Michael",The Skin You Live In,Banned in Classrooms,,2021-08,
"Tyler, Steven",Does the Noise in My Head Bother You? A Rock 'n' Roll Memoir,,,,Banned By Restriction
Tyndale House,Hands-On Bible,,,2023-06,Banned from Libraries and Classrooms
"Tyndall, Nicole B.",Coming up for Air,,,,Banned Pending Investigation
"Tyndall, Nita",Who I Was with Her,Banned Pending Investigation,,2021-12,Banned By Restriction
"Uchida,Yoshiko",The Bracelet,Banned Pending Investigation,,2022-01,
"Uelsmann, Jerry",Uelsmann Untitled: A Retrospective,,"McCusker, Carol",2025-04,Banned
"Uhlberg, Myron",A Storm Called Katrina,Banned Pending Investigation,,2022-01,
"Uhlberg, Myron","Dad, Jackie, and Me",Banned Pending Investigation,,2022-01,
"Ukazu, Ngozi",#Hockey,Banned in Libraries and Classrooms | Banned Pending Investigation,,2021-12,Banned from Libraries and Classrooms | Banned Pending Investigation | Banned
"Ukazu, Ngozi","Check, Please!",,,2024-08,Banned
"Ukazu, Ngozi",Sticks and Scones,Banned Pending Investigation,,2022-02,Banned Pending Investigation | Banned
"Ullman, James Ramsey",Banner in the Sky,,,,Banned Pending Investigation
"Umino, Chika",Honey and Clover,,,,Banned
"Umminger, Alison",American Girls,,,,Banned
"Underhill, Edward",Always the Almost,,,,Banned
"Underhill, Edward",The Day Changes Everything,,,,Banned
"Underwood, Deborah",Ogilvy,,,,Banned Pending Investigation
"Underwood, Sarah",Lies We Sing to the Sea,,,2024-08,Banned By Restriction | Banned Pending Investigation
"Updike, John",Gertrude and Claudius,,,,Banned
"Updike, John",In the Beauty of the Lilies,,,,Banned
"Updike, John",Rabbit at Rest,,,,Banned
"Updike, John",Rabbit is Rich,,,2025-04,Banned
"Updike, John",Rabbit Redux,,,,Banned
"Updike, John","Rabbit, Run",,,,Banned
"Updike, John",The Afterlife: And Other Stories,,,,Banned
"Urasawa, Naoki","Master Keaton, Vol. 1",,"Nagasaki, Takashi; Hokusei Katsushika",2022-10,Banned from Libraries and Classrooms
"Urasawa, Naoki","Master Keaton, Vol. 10",,"Nagasaki, Takashi; Hokusei Katsushika",2022-10,Banned from Libraries and Classrooms
"Urasawa, Naoki","Master Keaton, Vol. 2",,"Nagasaki, Takashi; Hokusei Katsushika",2022-10,Banned from Libraries and Classrooms
"Urasawa, Naoki","Master Keaton, Vol. 3",,"Nagasaki, Takashi; Hokusei Katsushika",2022-10,Banned from Libraries and Classrooms
"Urasawa, Naoki","Master Keaton, Vol. 4",,"Nagasaki, Takashi; Hokusei Katsushika",2022-10,Banned from Libraries and Classrooms
"Urasawa, Naoki","Master Keaton, Vol. 5",,"Nagasaki, Takashi; Hokusei Katsushika",2022-10,Banned from Libraries and Classrooms
"Urasawa, Naoki","Master Keaton, Vol. 6",,"Nagasaki, Takashi; Hokusei Katsushika",2022-10,Banned from Libraries and Classrooms
"Urasawa, Naoki","Master Keaton, Vol. 7",,"Nagasaki, Takashi; Hokusei Katsushika",2022-10,Banned from Libraries and Classrooms
"Urasawa, Naoki","Master Keaton, Vol. 8",,"Nagasaki, Takashi; Hokusei Katsushika",2022-10,Banned from Libraries and Classrooms
"Urasawa, Naoki","Master Keaton, Vol. 9",,"Nagasaki, Takashi; Hokusei Katsushika",2022-10,Banned from Libraries and Classrooms
"Urban, Diana",Lying in the Deep,,,2024-10,Banned
"Urban, Linda",Almost There and Almost Not,,,,Banned By Restriction
"Ury, William L.",The Third Side: Why We Fight and How We Can Stop,,,,Banned By Restriction
"Uschan, Michael V.",Protests and Riots,,,,Banned Pending Investigation
"Uwiringiyimana, Sandra",How Dare The Sun Rise: Memoirs Of A War Child,,,,Banned By Restriction
"Vaid-Menon, Alok",Beyond the Gender Binary,Banned in Libraries and Classrooms,,2022-02,Banned By Restriction | Banned Pending Investigation
"Vail, Rachel","Well, That Was Awkward",,,,Banned Pending Investigation
"Vail, Tom",Grand Canyon: A Different View,,,2023-06,Banned from Libraries and Classrooms
"Valdes, David",Spin Me Right Round,,,,Banned
"Vale, Lillie",Beauty and the Besharam,,,,Banned Pending Investigation
"Valente, Anne",Our Hearts Will Burn Us Down,,,2025-02,Banned
"Valentine, Jenny",Hello Now,Banned Pending Investigation,,2021-12,
"Valentino, Serena",Raising the Horseman,,,,Banned Pending Investigation
"Valenzuela, Angela",Subtractive Schooling: U.S.-Mexican Youth and the Politics of Caring,Banned in Classrooms,,2021-08,
"Vallavicenco, Karla Cornejo",The Undocumented Americans,,,,Banned Pending Investigation
"Van de Wetering, Janwillem",The RattleRat,,,,Banned By Restriction
"Van Diepen, Allison",Snitch,,,,Banned By Restriction
"Van Draanen, Wendelin",The Running Dream,,,2024-08,Banned By Restriction
"Van Lustbader, Eric",The Testament,,,2024-10,Banned | Banned By Restriction
"Van Ness, Jonathan",Peanut Goes for the Gold,Banned in Classrooms,,2021-08,Banned
"van Otterloo, Ash",Cattywampus,,,,Banned By Restriction
"Van Otterloo, Ash",The Beautiful Something Else,,,2024-08,Banned
"van Rijckeghem, Jean-Claude","Ironhead, or, Once a Young Lady",,,2024-08,Banned By Restriction | Banned
"van Tulleken, Chris",Secrets of the Human Body,,,2025-04,Banned
"van Whye, Kevin","Date Me, Bryson Keller",Banned Pending Investigation,,2022-02,Banned from Libraries | Banned By Restriction
"Vanasse, Deb",Totem Tale,Banned Pending Investigation,,2022-01,
"Vance, J.D.",Hillbilly Elegy: A Memoir of a Family and Culture in Crisis,,,2024-11,Banned
"Vande Velde, Vivian","Alison, Who Went Away",Banned in Libraries,,2021-12,
"VanderMeer, Jeff",Acceptance,,,2022-09,Banned from Libraries and Classrooms | Banned Pending Investigation
"VanderMeer, Jeff",Annihilation,,,2022-10,Banned Pending Investigation
"VanderMeer, Jeff",Authority,,,2022-10,Banned Pending Investigation
"Vanderpool, Clare",Navigating Early,,,,Banned Pending Investigation
"Varela, Nina",Crier's War,Banned Pending Investigation,,2022-02,
"Varela, Nina",Iron Heart,Banned Pending Investigation,,2022-02,
"Varley, John",Red Thunder,,,,Banned Pending Investigation
"Varriano, John L.",Caravaggio: The Art of Realism,,,2025-04,Banned
"Vasquez Gilliland, Raquel",Sia Martinez and the Moonlit Beginning of Everything,,,,Banned Pending Investigation
"Vasquez-Lavado, Silvia",In the Shadow of the Mountain: A Memoir of Courage,,,2024-08,Banned By Restriction
"Vaughan, Brian K.",Paper Girls,,,2024-10,Banned
"Vaughan, Brian K.",Pride of Baghdad,,,2025-06,Banned Pending Investigation | Banned
"Vaughan, Brian K.","Saga, Vol. 1",,,2024-09,Banned | Banned Pending Investigation
"Vaughan, Brian K.","Saga, Volume 1",Banned in Libraries,,2021-12,
"Vaughan, Brian K.",We Stand on Guard,,,2024-10,Banned
"Vaughan, Brian K.",Y: The Last Man,Banned in Classrooms,,2021-09,Banned Pending Investigation | Banned
"Vega, Danielle",The Merciless,,,2025-05,Banned
"Vegara, Maria Isabel Sanchez",Elton John,,,,Banned By Restriction
"Vegara, Maria Isabel Sanchez",Laverne Cox (MV),,,,Banned
"Vegara, Maria Isabel Sanchez",RuPaul,,,,Banned
"Velasquez, Elisabet",When We Make It: A Nuyorican Novel,,,2024-09,Banned | Banned By Restriction | Banned Pending Investigation
"Velásquez, Eric",Looking for Bongo,Banned Pending Investigation,,2022-01,
"Velez, Angela",Lulu and Milagro's Search for Clarity,,,,Banned Pending Investigation
"Venable, Colleen A. F.",Best Friends for Never,,"Yue, Stephanie",,Banned Pending Investigation
"Venable, Colleen A. F.",Kiss Number 8,Banned Pending Investigation,,2021-12,Banned from Libraries and Classrooms | Banned Pending Investigation | Banned from Libraries | Banned
"Venable, Colleen AF",Katie the Catsitter: Best Friends for Never,,,,Banned By Restriction
"Venezia, Mike",Faith Ringgold (Getting to Know the World's Greatest Artists),Banned in Classrooms,,2021-08,
"Venezia, Mike",Marc Chagall,,,,Banned Pending Investigation
"Venezia, Mike",Michelangelo (MV),,,2023-06,Banned from Libraries | Banned Pending Investigation
"Verde, Susan",I Am Human: A Book of Empathy,Banned in Classrooms,,2021-08,
"Verdi, Jessica",And She Was,Banned Pending Investigation,,2021-12,Banned By Restriction | Banned Pending Investigation
"Verdi, Jessica",Follow Your Arrow,Banned Pending Investigation,,2022-02,Banned By Restriction
"Verghese, Abraham",The Covenant of Water,,,,Banned By Restriction
"Verne, Jules","20,000 Leagues Under the Sea (Graphic Novel)",,"Bowen, Carl",2022-09,Banned from Libraries
"Vickers, E. B.",Fadeaway,,,2024-09,Banned
"Victoria, Emily",This Golden Flame,Banned Pending Investigation,,2022-02,
"Vieweg, Olivia",Ever After,,,2024-09,Banned
"Vigliani, Marguerite",A Story of Medicine in 50 Discoveries: From Mummies to Gene Splicing,,"Eaton, Gale",2025-04,Banned
"Villa, Jonny Garza",Fifteen Hundred Miles from the Sun,Banned Pending Investigation,,2022-02,Banned By Restriction | Banned
"Villarosa, Linda",Under the Skin: The Hidden Toll of Racism on American Lives and on the Health of Our Nation,,,,Banned
"Villasante, Alexandra",The Grief Keeper,Banned Pending Investigation,,2021-12,Banned Pending Investigation | Banned from Libraries
"Villoro, Juan",El libro salvaje,,,2024-09,Banned
"Visaggio, Magdalene","The Ojja-Wojja: A Horror-Mystery, or Whatever",,,2024-08,Banned By Restriction
"Vision, Willi","Love Makes a Family: Friends, Family, and Significant Others",,,2024-08,Banned By Restriction | Banned
"Vivan, Siobhan",Same Difference,,,,Banned By Restriction
"Vivès, Bastien",Last Man: The Royal Cup,,"Sanlaville, Michaël; Balak",2022-09,Banned Pending Investigation | Banned from Libraries | Banned | Banned By Restriction
"Vivian, Siobhan",Not That Kind of Girl,,,,Banned Pending Investigation
"Vivian, Siobhan",The Last Boy and Girl in the World,,,,Banned Pending Investigation
"Vivian, Siobhan",The List,,,,Banned
Viz Media,Shojo Beat,,,,Banned Pending Investigation
"Vizzini, Ned",It's Kind of a Funny Story,,,,Banned By Restriction
"Vogel Frederick, Heather",Home for the Holidays,,,2022-11,Banned from Libraries
"Voigt, Cynthia",Dicey's Song,,,2022-10,Banned from Libraries | Banned Pending Investigation
"Voigt, Cynthia",Elske,,,2024-09,Banned
"Voigt, Cynthia",Homecoming (CV),,,2022-10,Banned from Libraries
"Voigt, Cynthia",Tell Me If the Lovers Are Losers,,,,Banned Pending Investigation
"Voigt, Cynthia",The Book of Lost Things (CV),,,2025-03,Banned By Restriction
"Voigt, Cynthia",When She Hollers,,,,Banned Pending Investigation
"Volponi, Paul",Black and White,Banned Pending Investigation,,2022-02,Banned
"Volponi, Paul",Crossing Lines,Banned in Libraries,,2021-12,Banned By Restriction | Banned
Voltaire,Candide,,,,Banned By Restriction
"Von Ziegesar, Cecily",All I Want is Everything,,,,Banned Pending Investigation | Banned
"von Ziegesar, Cecily",Because I'm Worth It,,,2025-02,Banned
"von Ziegesar, Cecily",Devious,,,,Banned
"Von Ziegesar, Cecily",Don't You Forget about Me,,,,Banned Pending Investigation | Banned
"von Ziegesar, Cecily",Gossip Girl,,,,Banned
"von Ziegesar, Cecily",Gossip Girl: A Novel by Cecily von Ziegesar,Banned in Libraries and Classrooms,,2021-11,Banned | Banned Pending Investigation
"von Ziegesar, Cecily",I Like it Like That,,,,Banned
"von Ziegesar, Cecily",I Will Always Love You,,,,Banned
"von Ziegesar, Cecily",Infamous,,,,Banned
"Von Ziegesar, Cecily",It Had To Be You,,,,Banned Pending Investigation | Banned
"von Ziegesar, Cecily",Love the One You're With,,,,Banned
"Von Ziegesar, Cecily",Nobody Does It Better,,,,Banned
"Von Ziegesar, Cecily",Nobody Does It Better: A Gossip Girl Novel,,,2025-06,Banned Pending Investigation | Banned
"von Ziegesar, Cecily",Nothing Can Keep Us Together,,,,Banned
"von Ziegesar, Cecily",Notorious,,,,Banned
"von Ziegesar, Cecily",Only in Your Dreams,,,,Banned
"von Ziegesar, Cecily",Reckless,,,,Banned
"von Ziegesar, Cecily",Take a Chance on Me,,,,Banned
"Von Ziegesar, Cecily",Tempted (CVZ),,,,Banned Pending Investigation | Banned
"von Ziegesar, Cecily",The It Girl,,,,Banned
"von Ziegesar, Cecily",Unforgettable,,,,Banned
"von Ziegesar, Cecily",Would I Lie to You,,,2025-06,Banned Pending Investigation | Banned
"von Ziegesar, Cecily",You Just Can't Get Enough,,,,Banned
"von Ziegesar, Cecily",You Know You Love Me,,,2025-06,Banned Pending Investigation | Banned
"Von Ziegesar, Cecily",You're the One That I Want,,,,Banned Pending Investigation | Banned
"Vonnegut Jr., Kurt",Breakfast of Champions,,,2022-09,Banned from Libraries | Banned By Restriction
"Vonnegut Jr., Kurt",Cat's Cradle,,,,Banned Pending Investigation | Banned By Restriction
"Vonnegut Jr., Kurt","God Bless You, Mr. Rosewater: or, Pearls Before Swine",,,,Banned By Restriction
"Vonnegut Jr., Kurt",Player Piano,,,,Banned By Restriction
"Vonnegut Jr., Kurt",Slaughterhouse-Five,Banned Pending Investigation,,2022-05,Banned Pending Investigation | Banned from Libraries | Banned from Libraries and Classrooms | Banned | Banned By Restriction
"Vonnegut Jr., Kurt",Slaughterhouse-Five: The Graphic Novel,,"North, Ryan",2022-09,Banned Pending Investigation | Banned
"Vonnegut Jr., Kurt",Timequake,,,,Banned By Restriction
"Voorhees, Coert",The Brothers Torres,,,,Banned By Restriction
"Vrettos, Adrienne Maria",Skin,,,2022-10,Banned Pending Investigation | Banned from Libraries and Classrooms
"Vrettos, Adrienne Maria",Skin (AV),,,2024-11,Banned | Banned By Restriction
"Vronsky, Peter",Female Serial Killers: How and Why Women Become Monsters,,,,Banned Pending Investigation
"Vronsky, Peter",Serial Killers: The Method and Madness of Monsters,,,,Banned Pending Investigation
"Vuong, Ocean",On Earth We're Briefly Gorgeous,,,,Banned from Libraries and Classrooms | Banned
"Wade, Mary Dodson",Condoleezza Rice: Being the Best (Gateway Biographies),Banned in Classrooms,,2021-08,
"Wagner, Robert E.",The Sampan War,,,,Banned By Restriction
"Waid, Mark",Fantastic Four By Mark Waid and Mike Wieringo: Ultimate Collection - Book One (Fantastic Four 1998-2012),,,2022-09,Banned Pending Investigation
"Waldal, Elin Stebbins",Tornado Warning: A Memoir of Teen Dating Violence and Its Effect on a Women's Life,,,,Banned Pending Investigation
"Walden, Mark",Dreadnought,Banned Pending Investigation,,2021-12,
"Walden, Tillie",On a Sunbeam,Banned Pending Investigation,,2022-02,
"Walden, Tillie",Spinning,Banned in Libraries and Classrooms | Banned Pending Investigation,,2021-11,Banned Pending Investigation | Banned from Libraries and Classrooms | Banned | Banned By Restriction
"Walker, Abena",Beyond Theory: A Blueprint to Implement African-Centered Education,Banned in Classrooms,,2021-08,
"Walker, Abena",Our Favorite African Adrinkra Symbols: A Coloring Book,Banned in Classrooms,,2021-08,
"Walker, Alice",The Color Purple,Banned Pending Investigation,,2021-11,Banned from Libraries and Classrooms | Banned | Banned Pending Investigation | Banned By Restriction
"Walker, Alice","The Same River Twice: Honoring the Difficult: A Meditation on Life, Spirit and Art, and the Making of the Film The Color Purple Ten Years Later",,,,Banned Pending Investigation
"Walker, Alice",The Temple of My Familiar,,,,Banned
"Walker, Anita R.",Beyond Male and Female: The Gender Identity Spectrum,,,2024-08,Banned By Restriction
"Walker, Barbara G.",The Woman's Encyclopedia of Myths and Secrets,,,,Banned By Restriction
"Walker, Karen Thompson",The Age of Miracles,,,,Banned Pending Investigation
"Walker, Margaret",Jubilee,,,,Banned
"Walker, Rebecca","Black, White and Jewish: Autobiography of a Shifting Self",,,,Banned Pending Investigation
"Walker, Richard",Human Body: a visual encyclopedia,,,,Banned Pending Investigation
"Walker, Richard",Under the Microscope: The Human Body,,,,Banned Pending Investigation
"Walker, Sally M.",Written in Bone: Buried Lives of Jamestown and Colonial Maryland,,,2022-10,Banned from Libraries
"Walker, Suzanne",Mooncakes,,,,Banned
"Walker, Wendy",All Is Not Forgotten,,,,Banned By Restriction
"Wall, Elissa","Stolen Innocence: My Story of Growing Up in a Polygamous Sect, Be coming a Teenage Bride, and Breaking Free ot Warren Jeffs",,"Pulitzer, Lisa",,Banned By Restriction
"Wallace, Becky",Far from Normal,,,2023-03,Banned from Libraries
"Wallace, Rich",Dishes,Banned Pending Investigation,,2022-01,Banned | Banned Pending Investigation
"Wallace, Rich",Perpetual Check,,,,Banned
"Wallach, Tommy",We All Looked Up,,,,Banned Pending Investigation
"Wallenfels, Stephen",Deadfall,,,,Banned Pending Investigation
"Waller, Robert James",A Thousand Country Roads: An Epilogue to The Bridges of Madison County,,,,Banned Pending Investigation
"Waller, Robert James",The Bridges of Madison County,,,,Banned By Restriction | Banned Pending Investigation
"Waller, Sharon Biggs",Girls on the Verge,,,2024-12,Banned
"Wallmark, Laurie",Ada Byron Lovelace and the Thinking Machine,Banned in Classrooms,,2021-08,
"Wallmark, Laurie",Grace Hopper: Queen of Computer Code,Banned in Classrooms,,2021-08,
"Walls, Dale",The Queer Girl is Going to Be Okay,,,2024-08,Banned By Restriction | Banned
"Walls, Jasmine",Brooms,,,2024-08,Banned By Restriction
"Walls, Jeannette",The Glass Castle,Banned in Libraries | Banned Pending Investigation,,2021-11,Banned Pending Investigation | Banned from Classrooms | Banned | Banned By Restriction
"Walsh, Jenni L.",Over and Out,,,2024-08,Banned By Restriction
"Walsh, Kieran",Countries in the News: Cuba,,,2023-03,Banned from Libraries
"Walter, Virginia",Making Up Megaboy,,"Roeckelein, Katrina",2025-02,Banned
"Walther, K. L.",If We Were Us,Banned Pending Investigation,,2022-02,
"Walton, Jessica",Introducing Teddy,Banned Pending Investigation,,2021-07,Banned
"Walton, Jessica",Stars in their Eyes,,,,Banned
"Walton, K. M.",Empty,Banned in Libraries and Classrooms,,2021-11,
"Walworth, Nancy Zinsser",Augustus Caesar,,,,Banned Pending Investigation
"Wang, Jen",Stargazing,,,,Banned Pending Investigation
"Wang, Jen",The Prince and the Dressmaker,Banned in Libraries and Classrooms,,2022-05,Banned from Libraries | Banned Pending Investigation | Banned
"Wang, Jen",Wangjawa Deuleseumeikeo (The Prince and the Dressmaker Korean Edition),,,,Banned
"Wangerin Jr., Walter",Mary's First Christmas,,,2023-06,Banned from Libraries and Classrooms
"Ward, David",Escape the Mask,,,,Banned
"Ward, J.R.",Dark Lover,,,,Banned Pending Investigation
"Ward, Jennifer",What Will Grow,,,2025-05,Banned
"Ward, Jesmyn",Salvage the Bones,Banned Pending Investigation,,2022-01,Banned By Restriction | Banned Pending Investigation | Banned
"Ward, Jesmyn",The Fire This Time: A New Generation Speaks About Race,,"Brown, Jericho; Jones, Kima; Ghannah, Rachel Kaadzi; Walters, Wendy S.; Wilkerson, Isabel; Jeffers, Honorée Fanonne; Anderson, Carol; Smith, Clint; Young, Kevin; Laymon, Kiese; Cadogan, Garnette; Rankine, Claudia; Raboteau, Emily; Jackson, Mitchell S.; Trethewey, Natasha; Older, Daniel José; Danticat, Edwidge",,Banned Pending Investigation
"Ward, Rachel",Infinity,,,,Banned Pending Investigation
"Ward, Rachel",Num8ers,,,2025-06,Banned Pending Investigation | Banned
"Ward, Rachel",Numb8rs,,,,Banned Pending Investigation
"Ward, Rachel",The Chaos,,,,Banned Pending Investigation
"Ward, Sandi",Something Worth Saving,,,,Banned Pending Investigation
"Ward, Sarah",Aesop Lake,Banned Pending Investigation,,2022-02,
"Warga, Jasmine",Other Words for Home,Banned Pending Investigation,,2022-01,
"Warga, Jasmine",The Shape of Thunder,Banned in Classrooms,,2022-06,
"Warren, Mary Anne",Gendercide: The Implications of Sex Selection,,,,Banned
"Washington, Harriet A.",A Terrible Thing to Waste: Environmental Racism and Its Assault on the American Mind,,,,Banned
"Wass, Eliza",The Cresswell Plot,,,,Banned By Restriction
"Watase, Yu",Alice 19th,,,2024-10,Banned
"Waters, Erica",Ghost Wood Song,Banned Pending Investigation,,2022-02,
"Waters, Rosa",Beyoncé,,,,Banned Pending Investigation
"Watkins, Christine",Date Rape (At Issue),,,2022-10,Banned from Libraries
"Watkins, Christine",Teen Sex,,,,Banned Pending Investigation
"Watkins, Steve",Down Sand Mountain,,,2024-08,Banned By Restriction
"Watson, Jude",A Warp in Time,,,2024-08,Banned By Restriction
"Watson, Larry",Montana 1948,,,,Banned By Restriction
"Watson, Renée",Harlem's Little Blackbird: The Story of Florence Mills,Banned in Classrooms,,2021-08,
"Watson, Renée",Piecing Me Together,Banned in Libraries,,2022-04,
"Watson, Renee",Watch Us Rise,,"Hagan, Ellen",,Banned Pending Investigation
"Watson, Renée",What Momma Left Me,,,,Banned Pending Investigation
"Watson, Stephanie",Endometriosis,,,,Banned Pending Investigation
"Watsuki, Nobuhiro","Rurouni Kenshin, Vol. 1: Meiji Swordsman Romantic Story",,,2025-02,Banned
"Watters, Shannon",A Bird's Eye View,,,,Banned Pending Investigation
"Watters, Shannon",A Terrible Plan,,,,Banned Pending Investigation
"Watters, Shannon",Jackalope Springs Eternal,,"Stevenson, N.D.; Ellis, Grace; Allen, Gus",,Banned
"Watters, Shannon",Lofladoros. Un plan terrible (Lumberjanes: A Terrible Plan Spanish Edition),,"Stevenson, N.D.; Ellis, Grace",,Banned
"Watters, Shannon",Lumberjanes: A Bird's Eye View,,"Leyh, Kat; Stevenson, ND; Ellis, Grace; Allen, Gus",,Banned
"Watters, Shannon",Lumberjanes: A Terrible Plan,,"Stevenson, ND; Ellis, Grace",,Banned
"Watters, Shannon",Lumberjanes: Out of Time,,"Stevenson, ND; Ellis, Grace",,Banned
"Watters, Shannon",Lumberjanes: Stone Cold,,"Leyh, Kat; Stevenson, ND; Ellis, Grace; Allen, Gus",,Banned
"Watters, Shannon",On a Roll,,"Stevenson, N.D.; Ellis, Grace; Allen, Gus",,Banned
"Watters, Shannon",Out of Time,,"Stevenson, N.D.; Ellis, Grace",,Banned Pending Investigation
"Watters, Shannon",Sink or Swim (SW),,"Stevenson, N.D.; Ellis, Grace; Allen, Gus",,Banned
"Watters, Shannon",Stone Cold,,"Leyh, Kat; Stevenson, N.D.; Ellis, Grace; Allen, Gus",,Banned Pending Investigation
"Watters, Shannon",Time After Crime,,"Stevenson, N.D.; Ellis, Grace; Allen, Gus",,Banned
"Watterson, Bill",Calvin and Hobbes,,,2025-02,Banned
"Watts, Julia",Needlework,,,2024-08,Banned By Restriction
"Way, Gerard",The Umbrella Academy: Apocalypse Suite,,,2024-10,Banned
"Way, Gerard",The Umbrella Academy: Dallas,,,2024-10,Banned
"Way, Gerard",The Umbrella Academy: Hotel Oblivion,,,2024-10,Banned
"Wayama, Yama","Captivated, By You",,,,Banned
"Weakland, Mark",When Wilma Rudolph Played Basketball,,,2022-09,Banned from Libraries
"Weatherford, Carole Boston",Becoming Billie Holiday,,,2024-11,Banned By Restriction
"Weatherford, Carole Boston",Before John Was a Jazz Giant: A Song of John Coltrane,Banned in Classrooms,,2021-08,
"Weatherford, Carole Boston",Freedom in Congo Square,Banned in Classrooms,,2021-08,
"Weatherford, Carole Boston",Gordon Parks: How the Photographer Captured Black and White America,Banned in Classrooms,,2021-08,
"Weaver, Will",Farm Team,,,2025-02,Banned
"Webb, Brandon",The Making of a Navy Seal: My Story of Surviving the Toughest Challenge and Training the Best,,"Mann, John David; Luttrell, Marcus",2025-02,Banned
"Webb, Charles",The Graduate,,,,Banned Pending Investigation
"Webber, Tammara",Easy (TW),,,2023-02,Banned Pending Investigation
Weegee,Weegee's World,,,,Banned Pending Investigation
"Weeks, Sarah",Save Me a Seat,,"Varadarajan, Gita",,Banned Pending Investigation
"Weidemann, Christiane",50 Women Artists You Should Know,,"Larass, Petra; Klier, Melanie",2022-09,Banned Pending Investigation
"Wein, Elizabeth",Code Name Verity,,,,Banned Pending Investigation
"Wein, Elizabeth",Rose Under Fire,,,,Banned By Restriction
"Wein, Elizabeth",Star Wars: The Last Jedi Colbalt Squadron,,,2025-02,Banned
"Weingarten, Lynn",Suicide Notes From Beautiful Girls,Banned in Classrooms,,2021-10,Banned By Restriction | Banned Pending Investigation
"Weinreb, Michael",Girl Boy Etc,,,,Banned By Restriction
"Weinstein, Bruce D.",Is It Still Cheating If I Don't Get Caught?,,,2024-08,Banned Pending Investigation
"Weir, Andy",Cheshire Crossing,,,2022-10,Banned from Libraries
"Weir, Andy",Project Hail Mary,,,2024-08,Banned By Restriction
"Weir, Andy",The Martian,,,,Banned Pending Investigation
"Weir, Ivy Noelle",The Secret Garden on 81st Street: A Modern Graphic Retelling of The Secret Garden,,,,Banned By Restriction
"Weir, Meghan MacLean",The Book of Essie,Banned Pending Investigation,,2022-02,
"Weis, Margaret",Doom of the Darksword,,"Hickman, Tracy",,Banned By Restriction
"Weis, Margaret",Forging the Darksword,,"Hickman, Tracy",,Banned By Restriction
"Weis, Margaret",Triumph of the Darksword,,"Hickman, Tracy",,Banned By Restriction
"Weisberger, Lauren",Chasing Harry Winston,,,,Banned Pending Investigation
"Weiss, Laura",Such a Pretty Girl,,,2024-08,Banned By Restriction
"Weitz, Chris",The Young World,,,,Banned By Restriction
"Wekesser, Carol",America's Children,,,2025-02,Banned
"Wells, H. G.",The Island of Dr. Moreau,,,2025-04,Banned
"Wells, H. G.",The Time Machine,,,2025-04,Banned
"Wells, Maggie",Luciana,Banned Pending Investigation,,2022-01,
"Wells, Maggie",Nine Months Luciana,,,,Banned
"Wells, Rebecca",Divine Secrets of the Ya-Ya Sisterhood,,,,Banned Pending Investigation
"Wells, Rebecca",Little Altars Everywhere,,,,Banned By Restriction
"Wells, Rebecca Kim",Shatter the Sky,,,2024-08,Banned By Restriction
"Wells, Rosemary",Yoko,Banned Pending Investigation,,2022-01,
"Welton, Jude",Henri Matisse,,,,Banned Pending Investigation
"Welton, Jude",Looking at Paintings,,,2022-09,Banned Pending Investigation
"Welvaert, Scott R.",Helen Keller: Courageous Advocate,,,2024-11,Banned
"Welvaert, Scott R.",Theseus and the Minotaur,,"Bowman, Laurel",2025-04,Banned
"Wenzel, Angela",13 Artists Children Should Know,,,2024-08,Banned
"Wepman, Dennis",Hernan Cortes,,,,Banned Pending Investigation
"Werlin, Nancy",Impossible,,,2025-05,Banned By Restriction | Banned
"Werlin, Nancy",The Killer's Cousin,,,,Banned Pending Investigation
"Wersba, Barbara",Whistle Me Home,Banned in Libraries | Banned Pending Investigation,,2021-12,
"Wertherim, L. Jon",The Rookie Bookie,,"Moskowitz, Tobias",,Banned Pending Investigation
"West, Catherine Adel",Saving Ruby King,Banned in Classrooms,,2021-08,
"West, Krista",Urinary Tract Infections,,,,Banned Pending Investigation
"West, Nathanael",Miss Lonelyhearts and the Day of the Locust,,,,Banned By Restriction
"Westerbeck, Colin",Irving Penn: A Career In Photography,,"Eisler, Colin; Miyake, Issey; Carpenter, Edmund; Jankauskas, Jennifer; Bernier, Rosamond; Harrison, Martin",2022-09,Banned Pending Investigation
"Westerfeld, Scott",Afterworlds,Banned Pending Investigation,,2021-12,Banned Pending Investigation
"Westerfeld, Scott",Blue Noon,,,,Banned Pending Investigation
"Westerfeld, Scott",Extras,,,2025-02,Banned
"Westerfeld, Scott",Peeps,,,2025-01,Banned
"Westerfeld, Scott",Pretties,,,2025-02,Banned
"Westerfeld, Scott",So Yesterday,,,,Banned Pending Investigation
"Westerfeld, Scott",Specials,,,2025-02,Banned
"Westerfeld, Scott",Touching Darkness,,,,Banned Pending Investigation
"Westerfeld, Scott",Uglies,Banned in Libraries,,2022-04,Banned
"Weston, Kate",Diary of a Confused Feminist,,,2025-04,Banned Pending Investigation
"Westover, Tara",Educated: A Memoir,,,,Banned Pending Investigation
"Wexler, Django",City of Stone and Silence,,,2024-08,Banned
"Wexler, Django",Ship of Smoke and Steel,,,2024-10,Banned
"Weyer, Hannah","On the Come Up: A Novel, Based on a True Story",Banned in Libraries,,2021-12,
"Weyn, Suzanne",Recruited,,,2024-08,Banned By Restriction
"Weyn, Suzanne",Reincarnation,,,2025-02,Banned
WGBH Kids,Molly of Denali: Berry Itchy Day,Banned Pending Investigation,,2022-01,
"Whaley, John Corey",Highly Illogical Behavior,Banned Pending Investigation,,2021-12,Banned By Restriction
"Whaley, John Corey",Noggin,,,2025-05,Banned By Restriction | Banned
"Whaley, John Corey",Where Things Come Back,,,2024-10,Banned | Banned Pending Investigation
"Wheatley, Thelma",My Sad Is All Gone: A Family's Triumph Over Violent Autism,,,2025-02,Banned
"While, Jacquelyn W.",Taking Sides: Clashing Views in Gender,,,,Banned
"Whitaker, Alecia",The Queen of Kentucky,,,2024-10,Banned By Restriction
"Whitcomb, Laura",A Certain Slant of Light,Banned in Libraries,,2021-11,Banned | Banned Pending Investigation | Banned By Restriction
"White, Andrea",No Child's Game: Reality TV 2083,,,,Banned
"White, Andrea",Surviving Antarctica: Reality TV 2083,,,2022-09,Banned from Libraries
"White, Andrew Joseph",Hell Followed With Us,,,2024-08,Banned By Restriction | Banned
"White, Andrew Joseph",The Spirit Bares its Teeth,,,2024-08,Banned By Restriction | Banned
"White, Kiersten",And I Darken,Banned Pending Investigation,,2022-02,Banned from Libraries | Banned
"White, Kiersten",Bright We Burn,,,2024-08,Banned
"White, Kiersten",Now I Rise,,,2022-10,Banned from Libraries | Banned
"White, Kiersten",The Camelot Betrayal,,,2022-10,Banned from Libraries
"White, Kiersten",The Dark Descent of Elizabeth Frankenstein,Banned in Libraries,,2021-10,
"White, Sarah",Let Me List the Ways,,,,Banned Pending Investigation
"White, T.H.",The Once and Future King,,,,Banned
"White, Tracy",How I Made It to Eighteen: A Mostly True Story,,,,Banned By Restriction
"Whitehead, Colson",The Nickel Boys,,,2024-08,Banned By Restriction | Banned
"Whitehead, Colson",The Underground Railroad,,,,Banned
"Whiting, Karen H.",Let's Chat About the Bible,,,2023-06,Banned from Libraries and Classrooms
"Whitley, Jeremy",The Dog Knight,,,2024-08,Banned By Restriction | Banned
"Whitlock, Kay","Considering Hate: Violence, Goodness, and Justice in American Culture and Politics",Banned Pending Investigation,,2021-12,
"Whitney, Daisy",The Mockingbirds,,,2025-06,Banned
"Whitney, Daisy",When You Were Here,,,2025-05,Banned
"Whitney, Diana",You Don't Have to Be Everything: Poems for Girls Becoming Themselves,,,2025-06,Banned Pending Investigation
"Whittemore, Jo","Lights, Music, Code!",Banned in Classrooms,,2021-08,
"Whitten, Hannah",For the Wolf,,,,Banned
"Wibowo, Jes and Cin",Lunar Boy,,,,Banned
"Wicks, Maris",Human Body Theater: A Non-Fiction Revue,,,2025-03,Banned Pending Investigation
"Wiebe, Kurtis J.","Rat Queens, Vol. 1: Sass & Sorcery",,,2022-10,Banned from Libraries and Classrooms
"Wiebe, Kurtis J.","Rat Queens, Vol. 2: The Far Reaching Tentacles of N'Rygoth",,,2022-10,Banned from Libraries and Classrooms
"Wiebe, Kurtis J.","Rat Queens, Vol. 3: Demons",,,2022-10,Banned from Libraries and Classrooms
"Wieler, Diana",Bad Boy,,,2025-04,Banned
"Wiener, Gary",Privilege in America,,,,Banned
"Wiesel, Elie",Night,Banned in Classrooms | Banned Pending Investigation,,2021-11,Banned | Banned Pending Investigation
"Wiggins, Bethany",Cured,,,,Banned Pending Investigation
"Wiggins, Bethany",Stung,,,,Banned Pending Investigation
"Wilcox, Christine",How is Online Pornography Affecting Society,,,2024-08,Banned Pending Investigation
"Wilcox, Christine",Teens and LGBT Issues,,,2022-10,Banned Pending Investigation | Banned
"Wilcox, R. Turner",The Dictionary of Costume,,,,Banned Pending Investigation
"Wild, A.M.","Not He or She, I'm Me",,,,Banned
"Wild, Ailsa",The Invisible War: A Tale on Two Scales,,,2022-09,Banned Pending Investigation
"Wilde, Oscar",The Picture of Dorian Gray,,,,Banned | Banned Pending Investigation
"Wildsmith, Brian",Exodus (BW),,,2023-06,Banned from Libraries and Classrooms
"Wildsmith, Brian",Joseph (BW),,,2023-06,Banned from Libraries and Classrooms
"Wildsmith, Brian",The Easter Story,,,2023-06,Banned from Libraries and Classrooms
"Wiles, Deborah",Kent State,,,2025-02,Banned
"Wiles, Deborah",Revolution,,,2025-02,Banned
"Wilfrid, Karen",Just Lizzie,,,2024-08,Banned By Restriction
"Wilhelm, Doug",Falling,,,,Banned By Restriction
"Wilhelm, Kate",The Unbidden Truth,,,,Banned By Restriction
"Wilke, Daria",Playing a Part,Banned Pending Investigation,,2022-01,Banned
"Wilkerson, Isabel",Caste: The Origins of Our Discontents,Banned Pending Investigation,,2021-12,Banned Pending Investigation | Banned
"Wilkinson, Lauren",American Spy,,,2024-08,Banned
"Wilkinson, Lili",Pink,Banned in Libraries,,2021-12,Banned By Restriction
"Wilkinson, Philip",Early Humans,,,,Banned Pending Investigation
"Wilkinson, Philip",Myths & Legends: An Illustrated Guide To Their Origins and Meanings,,,2025-04,Banned
"Wilkinson, Philip","Myths, Legends and Sacred Stories: A Visual Encyclopedia",,,2022-09,Banned Pending Investigation
"Wilkon, Józef",Noah's Ark (JW),,"Wilkon, Piotr",2023-06,Banned from Libraries and Classrooms
"Willan, Alex",Unicorns Are the Worst!,,,,Banned
"Willems, Mo",Because,Banned in Classrooms,,2021-08,
"Willett, Frank",African Art: An Introduction,,,2022-09,Banned Pending Investigation
"Willhoite, Michael",Daddy's Roommate,Banned Pending Investigation,,2022-04,Banned from Libraries and Classrooms
"William, Lauren",500 AP Psychology Questions to Know By Test Day,,,,Banned
"Williams, Alicia",The Talk (AW),,,,Banned
"Williams, Alicia D.",Genesis Begins Again,,,,Banned By Restriction
"Williams, Carol Lynch",The Chosen One,,,,Banned Pending Investigation | Banned By Restriction
"Williams, David",The Boy in the Dress,Banned in Libraries,,2021-10,
"Williams, Gabrielle","The Girl, the Guy, the Artist, and His Ex",,,2024-10,Banned
"Williams, Heidi",Child Abuse,,,,Banned Pending Investigation
"Williams, Juan",Thurgood Marshall: American Revolutionary,,,,Banned Pending Investigation
"Williams, Karen Lynn","Four Feet, Two Sandals",Banned Pending Investigation,"Mohammed, Khadra",2022-01,
"Williams, Karin",A Child's Story of Christmas,,,2023-06,Banned from Libraries and Classrooms
"Williams, Lily",Go with the Flow,,"Schneemann, Karen",,Banned Pending Investigation
"Williams, Lily",Look on the Bright Side,,"Schneemann, Karen",2024-08,Banned By Restriction
"Williams, Lori Aurelia",When Kambia Elain Flew in from Neptune,,,,Banned
"Williams, Marcia",Chaucer's Canterbury Tales,,"Chaucer, Geoffrey",2022-09,Banned Pending Investigation
"Williams, Marcia",Joseph and His Magnificent Coat of Many Colors,,,2023-06,Banned from Libraries and Classrooms
"Williams, Mary E.",Date Rape,,,,Banned Pending Investigation | Banned
"Williams, Mary E.",Hate Groups,,,2025-02,Banned
"Williams, Mary E.",Homosexuality: Opposing Viewpoints,,,,Banned Pending Investigation
"Williams, Mary E.",Rape,,,,Banned Pending Investigation
"Williams, Mary E.",Sex: Opposing Viewpoints,,,2025-02,Banned
"Williams, Peter L.",Gray's Anatomy: The Anatomical Basis of Medicine and Surgery,,,2025-02,Banned
"Williams, Stanley ""Tookie""",Life In Prison,,"Becnel, Barbara Cottman",,Banned By Restriction
"Williams, Stanley Tookie",Gangs and Wanting to Belong,,"Becnel, Barbara Cottman",,Banned By Restriction
"Williams, T. M.",The Crown of Eden,,,,Banned By Restriction
"Williams, Tennessee",Streetcar Named Desire,,,2024-08,Banned By Restriction
"Williams, Tennessee",The Glass Menagerie,,,,Banned Pending Investigation
"Williams, Vera B.",Home at Last (VBW),,,,Banned
"Williams-Garcia, Rita",A Sitting in St. James,,,2025-06,Banned Pending Investigation
"Williams-Garcia, Rita",Every Time a Rainbow Dies,,,,Banned
"Williamson, Lisa",The Art of Being Normal,Banned Pending Investigation,,2021-12,Banned By Restriction | Banned Pending Investigation | Banned
"Willingham, Stacy",A Flicker in the Dark,,,,Banned
"Willis, Deborah","Reflections in Black: A History of Black Photographers, 1840 to the Present",,,2022-09,Banned Pending Investigation
"Willis, Laurie",Sexual Predators,,,,Banned
"Willis, Tony",Dr. Xargle's Book of Earthlets,,,2025-05,Banned
"Wilsdon, Christina",Ultimate Body-Pedia: An Amazing Inside-Out Tour of the Human Body,,,,Banned Pending Investigation
"Wilson, August",Fences,Banned Pending Investigation,,2021-11,Banned from Classrooms | Banned By Restriction
"Wilson, Diane Lee",Firehorse,,,2025-02,Banned
"Wilson, Jamia",This Book is Feminist: An Intersecting Primer for Next-Gen Changemakers,,,2024-08,Banned
"Wilson, Jamia",Young Gifted and Black: Meet 52 Black Heroes from Past and Present,Banned in Classrooms,,2021-08,
"Wilson, Lakita",Last Chance Dance,,,2024-08,Banned By Restriction
"Wilson, Lakita",What Is Black Lives Matter?,Banned in Libraries and Classrooms,,2021-11,Banned
"Wilson, Martin",We Now Return to Regular Life,Banned Pending Investigation,,2021-12,Banned | Banned Pending Investigation
"Wilson, Martin",What They Always Tell Us,Banned Pending Investigation,,2021-12,
"Wilson, Nathan D.",The Dragon's Tooth,,,,Banned
"Wilson, Seán Michael",The Faceless Ghost and Other Macabre Tales from Japan,,,2024-11,Banned
"Wilson-Trudeau, Marty",Phoenix Gets Greater,,"Wilson, Phoenix",,Banned
"Winans, Justine Pucella",Bianca Torre is Afraid of Everything,,,2024-08,Banned By Restriction
"Winans, Justine Pucella",The Otherwoods,,,2024-08,Banned
"Winchester, Linda",Ma Mere L'oye,,,,Banned By Restriction
"Winchester, Simon","The Professor and the Madman: A Tale of Murder, Insanity, and the Making of the Oxford English Dictionary",,,,Banned By Restriction
"Wind, Lee","No Way, They Were Gay?: Hidden Lives and Secret Loves",Banned Pending Investigation,,2022-02,Banned
"Wind, Lee",Queer as a Five-Dollar Bill: What if You Knew a Secret from History that Could Change the World?,,,2024-08,Banned By Restriction
"Wind, Lee",The Gender Binary is a Big Lie: Infinite Identities Around the World,,,,Banned
"Winegarner, Andrew",Gilgamesh: A Graphic Novel,,,2022-08,Banned from Libraries and Classrooms
"Winfield, Cynthia L.",Gender Identity: The Ultimate Teen Guide,Banned in Libraries,,2021-12,Banned By Restriction | Banned
"Winick, Judd","Pedro and Me: Friendship, Loss, and What I Learned",,,2023-02,Banned Pending Investigation
"Winkler, Kathleen",Date Rape: A Hot Issue,,,,Banned Pending Investigation
"Winn, Alice",In Memoiriam,,,,Banned
"Winston, Lolly",Happiness Sold Separately,,,,Banned By Restriction
"Winter, Jonah",Roberto Clemente: Pride of the Pittsburgh Pirates,Banned Pending Investigation,,2022-01,
"Winter, Jonah",Sonia Sotomayor: A Judge Grows in the Bronx/La juez que creció en el Bronx,Banned in Classrooms,,2021-08,
"Winters, Adam",Syphilis,,,,Banned Pending Investigation
"Winters, Julian",Right Where I Left You,,,2024-08,Banned By Restriction
"Winters, Julian",The Summer of Everything,Banned Pending Investigation,,2022-02,
"Winters, Paul A.",Child Sexual Abuse,,,,Banned Pending Investigation
"Winterson, Jeanette",Frankissstein,,,,Banned
"Wischow, Katy",Ida and Jake and the Scooter,,,2023-03,Banned from Classrooms
"Wischow, Katy",Ida and Jake Do Not Like Babies!,,,2023-03,Banned from Classrooms
"Wischow, Katy",Ida and Jake Hunt for Treasure!,,,2023-03,Banned from Classrooms
"Wischow, Katy",Ida and Jake Save the Parade,,,2023-03,Banned from Classrooms
"Wischow, Katy",Ida and Jake Versus Mister Plant,,,2023-03,Banned from Classrooms
"Wischow, Katy",Ida and Jake's Game Night,,,2023-03,Banned from Classrooms
"Withers, Pam",Breathless (PM),,,,Banned
"Wittels, Harriet",The Clear and Simple Thesaurus Dictionary,,,,Banned Pending Investigation
"Wittenstein, Vicki O.",Reproductive Rights: Who Decides?,,,2025-06,Banned
"Wittenstein, Vicki Oransky",For the Good of Mankind?: The Shameful History of Human Medical Experimentation,,,2025-02,Banned
"Wittlinger, Ellen",Parrotfish,Banned in Libraries,,2021-12,Banned
"Wittlinger, Ellen",Saturdays with Hitchcock,Banned Pending Investigation,,2021-12,
"Witton, Hannah",Doing It!: Let's Talk About Sex,Banned Pending Investigation,,2021-11,Banned from Libraries and Classrooms | Banned Pending Investigation | Banned | Banned By Restriction
"Wizner, Jake",Spanking Shakespeare,,,,Banned Pending Investigation
"Wlosok, Victoria",How to Find a Missing Girl,,,2024-08,Banned By Restriction
"Woff, Richard",A Pocket Dictionary of Greek and Roman Gods and Goddesses,,,2024-08,Banned
"Wolf, Norbert",Diego Velazquez 1599-1660: The Face of Spain,,,2025-04,Banned
"Wolfe, Tom",A Man in Full,,,,Banned Pending Investigation
"Wolff, Tracy",Court,,,,Banned Pending Investigation
"Wolff, Tracy",Covet,,,,Banned Pending Investigation | Banned
"Wolff, Tracy",Crave,,,,Banned Pending Investigation | Banned
"Wolff, Tracy",Crush,,,,Banned
"Wolff, Tracy",Crush (TW),,,,Banned Pending Investigation
"Wolff, Virginia Euwer",True Believer (VEW),,,2025-02,Banned
"Wolgemuth, Bobbie","Hymns for a Kid's Heart, Vol. 1",,"Tada, Joni Eareckson",2023-06,Banned from Libraries and Classrooms
"Wolitzer, Meg",The Interestings,,,,Banned Pending Investigation
"Wolk, Lauren",Wolf Hollow,,,2025-05,Banned By Restriction
"Wolkers, Jan",Turkish Delight,,,,Banned Pending Investigation
"Wolkstein, Diane",Esther's Story,,,2023-06,Banned from Libraries and Classrooms
"Wong-Kalu, Hinaleimoana",Kapaemahu,,,,Banned
"Wood, Ashley",The Origami Artist's Bible,,,2023-06,Banned from Libraries and Classrooms
"Wood, Brian",Black Road: The Holy North,,,2022-09,Banned Pending Investigation
"Woodgate, Harry",Grandad's Camper,,,,Banned Pending Investigation
"Woodgate, Harry",Grandad's Pride,,,2025-03,Banned By Restriction
"Woodrell, Daniel",Winter's Bone,,,2025-06,Banned Pending Investigation | Banned
"Woods, Brenda",My Name Is Sally Little Song,Banned Pending Investigation,,2022-01,
"Woods, Michael",Ancient Medicine: From Sorcery to Surgery,,"Woods, Mary B.",2024-08,Banned
"Woods, Sara",Identifying as Transgender,Banned Pending Investigation,,2021-12,Banned By Restriction
"Woods, Stuart",Dishonorable Intentions,,,,Banned Pending Investigation
"Woodson, Jacqueline",Another Brooklyn,,,2024-10,Banned
"Woodson, Jacqueline",Before the Ever After,Banned in Classrooms,,2021-08,
"Woodson, Jacqueline",Beneath a Meth Moon: An Elegy,Banned in Libraries,,2022-05,
"Woodson, Jacqueline",Brown Girl Dreaming,Banned in Classrooms,,2021-08,Banned
"Woodson, Jacqueline",Each Kindness,Banned in Classrooms,,2021-08,
"Woodson, Jacqueline",El Día En Que Descubres Quién Eres,Banned in Classrooms,,2021-08,
"Woodson, Jacqueline",From the Notebooks of Melanin Sun,,,2022-10,Banned Pending Investigation
"Woodson, Jacqueline",I Hadn't Meant to Tell You This,,,,Banned Pending Investigation
"Woodson, Jacqueline",If You Come Softly,,,,Banned Pending Investigation | Banned
"Woodson, Jacqueline",Red at the Bone,Banned in Classrooms | Banned Pending Investigation,,2021-09,Banned Pending Investigation | Banned from Libraries and Classrooms | Banned
"Woodson, Jacqueline",Remember Us,,,2024-08,Banned By Restriction
"Woodson, Jacqueline",The Day You Begin,Banned in Classrooms,,2021-08,
"Woodson, Jacqueline",The Dear One,Banned Pending Investigation,,2021-12,
"Woodson, Jacqueline",The House You Pass on the Way,Banned Pending Investigation,,2021-12,Banned
"Woodson, Jacqueline",The Other Side,Banned in Classrooms,,2021-08,
"Woolfe, Virginia",Orlando: A Biography,,,,Banned
"Wooten, Sara McIntosh",Billy Graham: World-Famous Evangelist,,,,Banned
World Book Encyclopedia,The World Book Encyclopedia of People and Places,,,,Banned Pending Investigation
"World Book, Inc.",Understanding Sexuality,Banned Pending Investigation,,2022-03,
"Worth, Richard","Life at School and in the Community (Teens: Being Gay, Lesbian, Bisexual, or Transgender)",Banned in Libraries,,2021-12,Banned By Restriction | Banned
"Worth, Richard",Massacre at Virginia Tech: Disaster & Survival,,,2025-02,Banned
"Worthington, Michelle",Noah Chases the Wind,Banned in Classrooms,,2021-08,
"Wouk, Herman",The Winds of War,,,,Banned Pending Investigation
"Wrede, Patricia C.",Dealing with Dragons,,,,Banned Pending Investigation
"Wright, Anne Margaret",Mythology,,,2022-09,Banned Pending Investigation
"Wright, Betty Ren",Getting Rid of Marjorie,,,,Banned By Restriction
"Wright, Bil",Putting Makeup on the Fat Boy,Banned in Libraries,,2021-12,
"Wright, Cynthia",Brighter than Gold,,,,Banned By Restriction
"Wright, John",The Timeline of the Civil War,,,2025-02,Banned
"Wright, Richard",Native Son,,,2023-02,Banned Pending Investigation | Banned | Banned By Restriction
"Wyborny, Sheila",The Great Civilizations,,,2025-02,Banned
"Wyeth, Sharon Dennis",Always my Dad,Banned in Classrooms,,2021-08,
"Wyeth, Sharon Dennis",Orphea Proud,Banned Pending Investigation,,2021-12,
"Wylde, Laney",When Light Shatters,,,2024-08,Banned By Restriction
"Wyly, Michael",King Arthur,,,2025-02,Banned
"X, Malcolm",The Autobiography of Malcolm X,,,,Banned Pending Investigation
"Xavier, John",Darfur: African Genocide,,,2025-02,Banned
"Yabuki, Kentaro","Black Cat, Vol. 10: Big Changes",,,,Banned Pending Investigation
"Yamaguchi, Tsubasa","Blue Period, Vol. 5",,,2025-04,Banned
"Yamaguchi, Tsubasa","Blue Period, Vol. 6",,,2025-04,Banned
"Yamaguchi, Tsubasa","Blue Period, Vol. 7",,,2025-04,Banned
"Yamaguchi, Tsubasa","Blue Period, Vol. 8",,,2025-04,Banned
"Yamaguchi, Tsubasa","Blue Period, Vol. 9",,,2025-04,Banned
"Yamanaka, Lois-Ann",Blu's Hanging,,,,Banned By Restriction
"Yancey, Diane",STDs,,,,Banned Pending Investigation
"Yancey, Rick",The 5th Wave,,,2024-10,Banned | Banned Pending Investigation
"Yancey, Rick",The Infinite Sea,,,2024-10,Banned | Banned Pending Investigation | Banned By Restriction
"Yancey, Rick",The Last Star,,,2023-03,Banned from Libraries | Banned | Banned Pending Investigation
"Yang, Gene Luen",American Born Chinese,Banned in Libraries,,2022-04,Banned Pending Investigation
"Yang, Kelly",Front Desk,Banned in Classrooms | Banned Pending Investigation,,2021-08,Banned Pending Investigation | Banned By Restriction
"Yang, Kelly",Parachutes,Banned in Classrooms,,2021-08,Banned | Banned Pending Investigation
"Yang, Kelly",Private Label,,,2022-11,Banned from Libraries and Classrooms
"Yang, Kelly",Room to Dream,,,,Banned Pending Investigation
"Yang, Kelly",Three Keys,,,,Banned Pending Investigation
"Yanow, Sophie",The Contradictions,,,2024-08,Banned By Restriction
"Yarros, Rebecca",Fourth Wing,,,,Banned Pending Investigation | Banned By Restriction
"Yarwood, Doreen",Encyclopedia of World Costume,,,,Banned Pending Investigation
"Yates, Richard",Revolutionary Road,,,,Banned By Restriction
"Yee, Lisa",Maizy Chen's Last Chance,,,,Banned Pending Investigation
"Yee, Paul",Money Boy,,,,Banned
"Yelchin, Eugene",Arcady's Goal,,,2024-08,Banned By Restriction
"Yen, Jennifer",A Taste for Love,,,,Banned By Restriction
"Yep, Laurence",Dragonwings,Banned in Classrooms,,2022-02,
Yin,Coolies,Banned Pending Investigation,,2022-01,
"Yolen, Jane",Armageddon Summer,,"Coville, Bruce",,Banned By Restriction
"Yolen, Jane",Briar Rose,,,,Banned Pending Investigation
"Yolen, Jane",Encounter,Banned in Classrooms,,2021-08,
"Yolen, Jane",Mapping the Bones,,,2025-02,Banned
"Yolen, Jane",The Prince of Egypt,,,2023-06,Banned from Libraries and Classrooms
"Yoon, David",Frankly in Love,,,2024-10,Banned | Banned Pending Investigation | Banned By Restriction
"Yoon, Helen",I'm a Unicorn,,,,Banned Pending Investigation
"Yoon, Nicola","Everything, Everything",,,2024-08,Banned By Restriction | Banned | Banned Pending Investigation
"Yoon, Nicola",Instructions for Dancing,,,,Banned Pending Investigation
"Yoon, Nicola",The Sun Is Also a Star,,,2024-10,Banned | Banned Pending Investigation
"Yorath, David",Photography: A Crash Course,,,,Banned Pending Investigation
"York, Rebecca",Nowhere Man,,,,Banned By Restriction
"Yoshi, Anri",My Hero Academia: School Briefs,,"Horikoshi, Kohei",2024-12,Banned
"Yoshi, Anri","My Hero Academia: School Briefs, Vol. 2: Training Camp",,"Horikoshi, Kohei",2023-02,Banned from Libraries and Classrooms
"Yoshi, Anri","My Hero Academia: School Briefs, Vol. 4: Festival for All",,"Horikoshi, Kohei",2023-02,Banned from Libraries and Classrooms
"Yoshi, Anri","My Hero Academia: School Briefs, Vol. 5",,"Horikoshi, Kohei",2023-02,Banned from Libraries and Classrooms
"Yoshino, Kenji","Say the Right Thing: How to Talk About Identity, Diversity, and Justice",,"Glasgow, David",,Banned
"Youers, Rio","Sleeping Beauties, Vol. 1",,"King, Stephen; King, Owen",2025-04,Banned
"Youers, Rio","Sleeping Beauties, Vol. 2",,"King, Stephen; King, Owen",2025-04,Banned
"Young, Adrienne",Fable,,,2022-09,Banned Pending Investigation | Banned | Banned By Restriction
"Young, Annemarie",Young Palestinians Speak: Living Under Occupation,,"Robinson, Anthony",,Banned By Restriction
"Young, Cathy",One Hot Second: Stories About Desire,Banned Pending Investigation,"Armstrong, Jennifer; Wittlinger, Ellen; Woodson, Jacqueline; Dessen, Sarah; Donoghue, Emma; Garden, Nancy; Johnson, Angela; Martinez, Victor; Mazer, Norma Fox; Vail, Rachel; Wallace, Rich",2022-03,Banned
"Young, Skottie","I Hate Fairyland, Vol. 1: Madly Ever After",,,2022-09,Banned Pending Investigation
"Young, Suzanne",A Need So Beautiful,,,,Banned Pending Investigation
"Young, Suzanne",A Want So Wicked,,,,Banned Pending Investigation
"Young, Suzanne",Girls with Razor Hearts,,,2024-11,Banned
"Young, Suzanne",Girls with Rebel Souls,,,2024-11,Banned
"Young, Suzanne",Girls with Sharp Sticks,,,2024-11,Banned
"Young, Suzanne",In Nightfall,,,2024-08,Banned By Restriction
"Young, Suzanne",The Adjustment,,,,Banned Pending Investigation
"Young, Suzanne",The Complication,,,,Banned Pending Investigation
"Young, Suzanne",The Epidemic,,,2022-10,Banned from Libraries
"Young, Suzanne",The Program,,,2022-10,Banned from Libraries | Banned | Banned Pending Investigation | Banned By Restriction
"Young, Suzanne",The Remedy,,,2022-10,Banned from Libraries | Banned Pending Investigation | Banned By Restriction
"Young, Suzanne",The Treatment,,,2022-10,Banned from Libraries | Banned | Banned Pending Investigation
"Young, William P.",The Shack,,,,Banned
"Youngblood, Tiffany",A Rational Explanation,,,2022-09,Banned from Libraries and Classrooms
"Youngblood, Tiffany",The Dirt on Mr. Claxton,,,2022-10,Banned from Libraries
"Yount, Sylvia","Maxfield Parrish, 1870-1966",,,2025-04,Banned
"Yousafzai, Malala",Malala's Magic Pencil,Banned in Classrooms,,2021-08,
"Yousafzai, Malala",Malala: My Story of Standing Up for Girls' Rights,Banned in Classrooms,"McCormick, Patricia; Robbins, Sarah J.",2021-08,
"Ytak, Cathy",Nothing But Your Skin,,"Abier, Gilles",,Banned Pending Investigation
"Yu, Mimi",The Girl King,,,,Banned
"Yuki, Kaori",Angel Sanctuary,,,,Banned
"Yukon, Makoto",AirGear,,,2024-10,Banned
"Yumi, Kiiro",Library Wars: Love and War,,,,Banned
"Zabarsky, Jessi",Witchlight,Banned Pending Investigation,,2022-02,
"Zaczek, Iain",Ancient and Classical Art,,,2024-08,Banned
"Zadoff, Allen","Food, Girls, and Other Things I Can't Have",,,2024-10,Banned
"Zalcman, Daniella",What We See: Women and Nonbinary Perspectives Through the Lens,,"Ickow, Sara",,Banned
"Zambrano, Mario Alberto",Lotería,,,2024-11,Banned
"Zamora, Javier",Solito: A Memoir,,,,Banned
"Zappia, Francesca",Made You Up,,,,Banned
"Zarr, Sara",Story of a Girl,,,2025-01,Banned Pending Investigation | Banned By Restriction
"Zeigler, Cyd",Fair Play: How l.GBT Athletes are Claiming Their Rightful Place in Sports,,,,Banned
"Zeitlin, Meredith",Freshman Year and Other Unnatural Disasters,,,,Banned
"Zeldis McDonough, Yona",Who Was Sojourner Truth?,Banned in Classrooms,,2021-08,
"Zeldis, Yona",God Sent a Rainbow and Other Bible Stories,,,2023-06,Banned from Libraries and Classrooms
"Zentner, Jeff",Goodbye Days,,,,Banned Pending Investigation
"Zentner, Jeff",In the Wild Light,,,,Banned | Banned Pending Investigation
"Zeri, Federico",Cezanne: Mont Sainte Victoire,,,2022-09,Banned Pending Investigation
"Zeri, Federico",Chagall: The Falling Angel,,,2022-09,Banned Pending Investigation
"Zeri, Federico",Dali: The Persistence of Memory,,,2022-09,Banned Pending Investigation
"Zeri, Federico",Degas: The Dance Class,,,2022-09,Banned Pending Investigation
"Zeri, Federico",Kandinsky: The First Abstract Watercolour Painting,,,2022-09,Banned Pending Investigation
"Zeri, Federico",Magritte: The Human Condition,,,2022-09,Banned Pending Investigation
"Zeri, Federico",Manet: Le dejeuner sur I'herbe,,,2022-09,Banned Pending Investigation
"Zeri, Federico",Matisse: LA Danse,,"Matisse, Henri; Dolcetta, Marco",2022-09,Banned Pending Investigation
"Zeri, Federico",Modigliani: Reclining Nude,,,2022-09,Banned Pending Investigation
"Zeri, Federico",Munch: The Scream,,"Much, Edvard; Dolcetta, Marco",2022-09,Banned Pending Investigation
"Zeri, Federico",Rembrandt: Supper at Emmaus,,,2022-09,Banned Pending Investigation
"Zeri, Federico",Renoir: Moulin de la Galette,,,2022-09,Banned Pending Investigation
"Zeri, Federico",Rubens: Garden of Love,,,2022-09,Banned Pending Investigation
"Zeri, Federico",Toulouse-Lautrec: At the Moulin Rouge,,"Toulouse-Lautrec, Henri De; Dolcetta, Marco; Mazour, Elena",2022-09,Banned Pending Investigation
"Zeri, Federico",Vermeer: The Astronomer,,"Vermeer, Johannes; Dolcetta, Marco",2022-09,Banned Pending Investigation
"Zevin, Gabrielle",Memoirs of a Teenage Amnesiac,,,2024-10,Banned
"Zevin, Gabrielle",The Storied Life of A. J. Fikry,,,,Banned By Restriction
"Zevin, Gabrielle",Tomorrow and Tomorrow and Tomorrow,,,,Banned Pending Investigation
"Zhang, Amy",Falling into Place,,,,Banned Pending Investigation
"Zhang, Amy",This is Where the World Ends,,,2025-05,Banned
"Zhao, Xiran Jay",Iron Widow,,,,Banned By Restriction
"Zia, Farhana",The Garden of My Imaan,Banned Pending Investigation,,2022-01,
"Ziemke, Kristin",Read the World: Rethinking Literacy for Empathy and Action in a Digital Age,Banned in Classrooms,"Muhtaris, Katie",2021-08,
"Zindel, Paul",David & Della,,,2025-02,Banned
"Zindel, Paul",The Pigman,,,2025-02,Banned
"Zinn, Howard",A People's History of the United States,,,,Banned By Restriction
"Ziter, Rachel",Animation and Presentation From Scratch: An Augmented Reading Experience,,,2024-08,Banned
"Ziter, Rachel",Coding in Scratch for Beginners,,,2024-08,Banned
"Ziyad, Hari",Black Boy Out of Time: A Memoir,,,,Banned Pending Investigation
"Zoboi, Ibi",American Street,Banned in Classrooms,,2021-08,Banned Pending Investigation | Banned
"Zoboi, Ibi",Black Enough: Stories of Being Young & Black in America,Banned in Libraries,,2021-11,Banned Pending Investigation
"Zoboi, Ibi",My Life as an Ice Cream Sandwich,,,,Banned Pending Investigation
"Zoboi, Ibi",Punching the Air,,"Salaam, Yusef",,Banned Pending Investigation
Zonderkidz.com,"Poisonous, Smelly, and Amazing Plants",,,2023-06,Banned from Libraries and Classrooms
"Zubrowski, Bernie",Messing Around with Drinking Straw Construction: A Children's Museum Activisty Book,,"Fleischer, Stephanie",,Banned Pending Investigation
"Zuckerman, Gregory",Rising Above: How 11 Athletes Overcame Challenges in Their Youth to Become Stars,,"Zucherman, Elijah; Zuckerman, Gabriel",,Banned Pending Investigation
"Zuckoff, Mitchell","Lost in Shangri-La: A True Story of Survival, Adventure and the Most Incredible Rescue Mission of World War II",,,,Banned By Restriction
"Zuffi, Stefano",Bosch: The Garden of Earthly Delights,,,2022-09,Banned Pending Investigation
"Zuffi, Stefano",How to Read Italian Renaissance Painting,,,2022-09,Banned Pending Investigation
"Zuffi, Stefano",Titian: Sacred and Profane Love,,,2025-04,Banned
"Zullo, Allan",Survivors: True Stories of Children in the Holocaust,,"Bovsun, Mara",2025-02,Banned
"Zunon, Elizabeth","Grandpa Cacao: A Tale of Chocolate, from Farm to Family",Banned in Classrooms,,2021-08,
"Zusak, Markus",I Am the Messenger,,,2025-06,Banned | Banned Pending Investigation
"Zusak, Markus",The Book Thief,,,2025-02,Banned
,The Bible,,,2023-05,Banned from Libraries | Banned | Banned Pending Investigation
